theta,conf,method,image
81.86506569472273,0.8814094503549698,A+B,bothFireAndSmoke_CV000000
80.60890200127892,0.7787520514127579,A+B,bothFireAndSmoke_CV000001
78.72716856813783,0.7949961535903647,A+B,bothFireAndSmoke_CV000002
76.61023650527751,0.7979097993626274,A+B,bothFireAndSmoke_CV000006
74.78032785699388,0.7202211784638559,A+B,bothFireAndSmoke_CV000007
74.32123973006405,0.6607104164772074,A+B,bothFireAndSmoke_CV000009
74.59544013110718,0.6646763274776553,A+B,bothFireAndSmoke_CV000010
80.19307788351287,0.6465745827728131,A+B,bothFireAndSmoke_CV000013
80.16458901917426,0.6871703002904731,A+B,bothFireAndSmoke_CV000015
79.17008175547453,0.7472113820125508,A+B,bothFireAndSmoke_CV000018
79.03167714591757,0.6522325484364025,A+B,bothFireAndSmoke_CV000019
77.46769129136838,0.5429213671064259,A+B,bothFireAndSmoke_CV000020
81.25398659220855,0.6554167771628243,A+B,bothFireAndSmoke_CV000021
89.14210489579023,0.5868794834158342,A+B,bothFireAndSmoke_CV000025
91.46442931935728,0.5316737504535353,A+B,bothFireAndSmoke_CV000026
84.68702211201129,0.7084752344023153,A+B,bothFireAndSmoke_CV000027
89.69476046403379,0.6638097354449606,A+B,bothFireAndSmoke_CV000028
90.84380847257054,0.5888063431147694,A+B,bothFireAndSmoke_CV000029
92.84365341684314,0.627273438888897,A+B,bothFireAndSmoke_CV000030
91.44980868774367,0.6172103838199119,A+B,bothFireAndSmoke_CV000031
88.96476432344184,0.6558314690299617,A+B,bothFireAndSmoke_CV000033
89.0023622057672,0.6933212601748514,A+B,bothFireAndSmoke_CV000034
88.77488369330909,0.6238327897645047,A+B,bothFireAndSmoke_CV000035
90.18440875747943,0.3194218830371809,B,bothFireAndSmoke_CV000038
90.11150946561895,0.1792487356217177,B,bothFireAndSmoke_CV000039
89.70954513553443,0.6534247947867864,A+B,bothFireAndSmoke_CV000040
93.55507876078039,0.6050599481319325,A+B,bothFireAndSmoke_CV000044
92.00642568893865,0.7326307702358403,A+B,bothFireAndSmoke_CV000048
96.31694063299175,0.6961644919979089,A+B,bothFireAndSmoke_CV000050
96.52646514941999,0.6792540853454927,A+B,bothFireAndSmoke_CV000051
90.29704537604134,0.788147608319037,A+B,bothFireAndSmoke_CV000053
90.41975722311331,0.6497297251713113,A+B,bothFireAndSmoke_CV000054
81.70835253756564,0.7162858640235765,A+B,bothFireAndSmoke_CV000057
83.67438548465002,0.8410533739478598,A+B,bothFireAndSmoke_CV000058
84.16447791446096,0.7642556336597349,A+B,bothFireAndSmoke_CV000059
83.71663923442708,0.6656641646677351,A+B,bothFireAndSmoke_CV000060
85.78927988238192,0.7018136961857542,A+B,bothFireAndSmoke_CV000061
85.23884391377351,0.717026314904913,A+B,bothFireAndSmoke_CV000064
87.50047223733716,0.6012194867020344,A+B,bothFireAndSmoke_CV000065
86.53064832569035,0.662313780878431,A+B,bothFireAndSmoke_CV000066
86.05703071702001,0.4928279611504416,A+B,bothFireAndSmoke_CV000067
77.12865951976595,0.551940333280891,A+B,bothFireAndSmoke_CV000069
79.00854985748109,0.8149403269276303,A+B,bothFireAndSmoke_CV000070
87.37404001008704,0.6058224770884393,A+B,bothFireAndSmoke_CV000072
103.04067637500157,0.5958437388494131,A,bothFireAndSmoke_CV000075
97.49690588335369,0.4643421427056539,A+B,bothFireAndSmoke_CV000076
101.55068298741872,0.5320449422394451,A+B,bothFireAndSmoke_CV000078
93.29062822705731,0.5285218323410028,A+B,bothFireAndSmoke_CV000079
81.87822237685857,0.6896567800922175,A+B,bothFireAndSmoke_CV000083
70.80871936528185,0.8,A,bothFireAndSmoke_CV000086
66.64548245865976,0.6244839475794473,A+B,bothFireAndSmoke_CV000087
62.46533241013927,0.18432778228982974,B,bothFireAndSmoke_CV000088
82.9101629888184,0.8046237609945257,A+B,bothFireAndSmoke_CV000090
86.05578381378345,0.7125579059503904,A+B,bothFireAndSmoke_CV000091
80.3638586915499,0.5963262425403362,A+B,bothFireAndSmoke_CV000092
80.0421724142712,0.6135199790767001,A+B,bothFireAndSmoke_CV000093
78.99886549496146,0.5751925155568458,A+B,bothFireAndSmoke_CV000094
70.96615076387899,0.8,A,bothFireAndSmoke_CV000096
77.19326902293022,0.8,A,bothFireAndSmoke_CV000098
79.01929929586538,0.8,A,bothFireAndSmoke_CV000099
78.7284619265377,0.5700257434958927,A+B,bothFireAndSmoke_CV000100
90.71401512016396,0.6513211812784876,A+B,bothFireAndSmoke_CV000101
87.94016147710506,0.30871994048925594,B,bothFireAndSmoke_CV000103
88.58761459798629,0.44510940238042096,B,bothFireAndSmoke_CV000104
93.13426034272887,0.6016549677472929,A+B,bothFireAndSmoke_CV000105
91.62222685934438,0.6536079379052213,A+B,bothFireAndSmoke_CV000106
90.26184094487702,0.6584665818646696,A+B,bothFireAndSmoke_CV000108
91.0106509840914,0.5999577459877322,A+B,bothFireAndSmoke_CV000109
90.00450371869552,0.6158510726469448,A+B,bothFireAndSmoke_CV000110
91.69841610687503,0.5388672804779159,A+B,bothFireAndSmoke_CV000111
89.08804187831808,0.574158699532612,A+B,bothFireAndSmoke_CV000112
96.06461179554168,0.5566179740994048,A+B,bothFireAndSmoke_CV000114
98.80673485571523,0.5243245961642031,A+B,bothFireAndSmoke_CV000115
97.86867156385213,0.477195302303853,A+B,bothFireAndSmoke_CV000116
94.14214229943217,0.47896212429473306,A+B,bothFireAndSmoke_CV000117
94.97987333292166,0.49112821530847867,A+B,bothFireAndSmoke_CV000118
93.95029505980433,0.546090992979331,A+B,bothFireAndSmoke_CV000119
94.75558783179892,0.47876883705496953,A,bothFireAndSmoke_CV000124
96.2448670035516,0.6073253148022021,A,bothFireAndSmoke_CV000125
93.68282265376787,0.48430835832713365,A+B,bothFireAndSmoke_CV000126
90.15216237522247,0.5573295461055825,A+B,bothFireAndSmoke_CV000127
89.66744446813905,0.5498852731360515,A+B,bothFireAndSmoke_CV000128
93.63512257756506,0.525436130067461,A+B,bothFireAndSmoke_CV000129
91.65753607886482,0.7077785778771428,A+B,bothFireAndSmoke_CV000131
91.86900330983954,0.6726633995909002,A+B,bothFireAndSmoke_CV000135
95.50114798599331,0.5844148925742836,A+B,bothFireAndSmoke_CV000136
90.50986805001762,0.6434766254028252,A+B,bothFireAndSmoke_CV000138
91.16281373727621,0.7261830787415431,A+B,bothFireAndSmoke_CV000139
91.42420349752494,0.5522437823214368,A+B,bothFireAndSmoke_CV000141
90.4727060616906,0.656892777400628,A+B,bothFireAndSmoke_CV000143
89.30180691885346,0.6838946091124148,A+B,bothFireAndSmoke_CV000144
89.09570255420778,0.5455818667482726,A+B,bothFireAndSmoke_CV000147
89.8169697578767,0.6534065591724342,A+B,bothFireAndSmoke_CV000148
86.03136952558889,0.5477079201299259,A+B,bothFireAndSmoke_CV000150
81.78749409193735,0.2447643549429663,B,bothFireAndSmoke_CV000151
79.11512093715773,0.22628082160151722,B,bothFireAndSmoke_CV000152
90.35841435696477,0.48634341889816746,A+B,bothFireAndSmoke_CV000153
88.88127586707503,0.8650329214716553,A+B,bothFireAndSmoke_CV000155
88.61139477129382,0.804279759939362,A+B,bothFireAndSmoke_CV000156
89.93079036531562,1.0,A+B,bothFireAndSmoke_CV000157
89.85714110440617,0.6189589013649064,A+B,bothFireAndSmoke_CV000158
87.57528611677894,0.6189539187262518,A+B,bothFireAndSmoke_CV000159
85.34171328908093,0.5285654820995391,A+B,bothFireAndSmoke_CV000161
86.46044418391443,0.6708378484029363,A,bothFireAndSmoke_CV000162
82.90083182684374,0.5246310840492612,A+B,bothFireAndSmoke_CV000163
97.55076991338895,0.40904569699741766,A+B,bothFireAndSmoke_CV000165
72.85335921093761,0.3830068623748578,A,bothFireAndSmoke_CV000169
82.68730406112498,0.745182142092051,A+B,bothFireAndSmoke_CV000177
82.321054877787,0.4701568495546388,A+B,bothFireAndSmoke_CV000178
80.40006318969922,0.7602826354044183,A+B,bothFireAndSmoke_CV000179
91.63957221610671,0.5295074416058545,A+B,bothFireAndSmoke_CV000182
87.97944752875544,0.6620639552263542,A+B,bothFireAndSmoke_CV000187
94.77363520750153,0.5342263521128503,A+B,bothFireAndSmoke_CV000190
113.52713246118407,0.44250214972532553,A+B,bothFireAndSmoke_CV000191
109.83837797827896,0.46613754681514374,A+B,bothFireAndSmoke_CV000192
105.13379037451485,0.44930331387722033,A+B,bothFireAndSmoke_CV000193
107.49350430768811,0.5738808202616119,A+B,bothFireAndSmoke_CV000195
87.39953763448453,0.6696554373635042,A+B,bothFireAndSmoke_CV000196
87.22025720155416,0.6785091327207472,B,bothFireAndSmoke_CV000197
88.0230758575049,0.6710141147672962,A+B,bothFireAndSmoke_CV000198
98.05246778880442,0.5627705410680084,A+B,bothFireAndSmoke_CV000199
86.60552886573554,0.5689235522788026,A+B,bothFireAndSmoke_CV000202
90.76538031510636,0.3762792242093934,B,bothFireAndSmoke_CV000207
86.28407439824846,0.670035601749136,A+B,bothFireAndSmoke_CV000208
87.01874445506972,0.7257534736798603,A+B,bothFireAndSmoke_CV000209
86.43439873799498,0.6811159104423532,A+B,bothFireAndSmoke_CV000210
81.09107697453362,0.721381940996954,A+B,bothFireAndSmoke_CV000211
83.0616579033795,0.7296462043542099,A+B,bothFireAndSmoke_CV000212
80.1603700939812,0.6091908773166396,A+B,bothFireAndSmoke_CV000216
80.66891293239496,0.606332423720243,A+B,bothFireAndSmoke_CV000217
90.54884421763398,0.1674868400142249,B,bothFireAndSmoke_CV000218
91.1898292529071,0.7577837776361571,A+B,bothFireAndSmoke_CV000219
79.56138245971486,0.6655118605301349,A+B,bothFireAndSmoke_CV000220
82.16728879613517,0.6951228756181198,A+B,bothFireAndSmoke_CV000221
85.60006439386659,0.7208455536767331,A+B,bothFireAndSmoke_CV000222
88.39913059034349,0.7161286119568884,A+B,bothFireAndSmoke_CV000223
88.60453319858362,0.7706676119524974,A+B,bothFireAndSmoke_CV000226
89.4990403160641,0.6894778582472024,A+B,bothFireAndSmoke_CV000227
90.51869208587176,0.6245498025280192,A+B,bothFireAndSmoke_CV000228
93.93710721492133,0.6449481487822615,A+B,bothFireAndSmoke_CV000229
91.72943846236446,0.660354688155677,A+B,bothFireAndSmoke_CV000233
91.59841673838434,0.3459510569118931,B,bothFireAndSmoke_CV000234
91.54450724622323,0.22583222973233633,B,bothFireAndSmoke_CV000235
92.75265053615873,0.2581795354559361,B,bothFireAndSmoke_CV000237
96.35595738155152,0.622527103072116,A+B,bothFireAndSmoke_CV000238
87.09166411753733,0.6614512356837223,A+B,bothFireAndSmoke_CV000239
86.80874439271085,0.6617870019369225,A+B,bothFireAndSmoke_CV000241
89.78593324863039,0.7225262768571314,A+B,bothFireAndSmoke_CV000245
92.02932442365616,0.6678601832175073,A+B,bothFireAndSmoke_CV000246
90.16407885771338,0.7326126878951409,A+B,bothFireAndSmoke_CV000247
104.87705130692846,0.5066543240843977,A+B,bothFireAndSmoke_CV000248
95.37762531129304,0.3099947648202799,B,bothFireAndSmoke_CV000249
95.48535782612285,0.542024845763053,A+B,bothFireAndSmoke_CV000250
93.04527437377278,0.5759578211813485,A+B,bothFireAndSmoke_CV000251
103.51458514042822,0.479524911871129,A+B,bothFireAndSmoke_CV000252
91.12645758468567,0.2540258848220207,B,bothFireAndSmoke_CV000253
96.43635504737789,0.5555256335317676,A+B,bothFireAndSmoke_CV000254
94.72525243387233,0.6984646004909906,A+B,bothFireAndSmoke_CV000256
97.72748140954779,0.5921115103694341,A+B,bothFireAndSmoke_CV000257
85.4995154117091,0.6832950096671399,A+B,bothFireAndSmoke_CV000258
95.07851769059889,0.5857601713905042,A+B,bothFireAndSmoke_CV000259
89.513308921365,0.6305649155642962,A+B,bothFireAndSmoke_CV000260
91.91841244181458,0.6298608566600614,A+B,bothFireAndSmoke_CV000261
92.7283723380021,0.7356885015640762,A+B,bothFireAndSmoke_CV000262
91.62806899019814,0.5692044484118997,A+B,bothFireAndSmoke_CV000263
92.3548256244717,0.7222915438837907,A+B,bothFireAndSmoke_CV000265
93.89884928742889,0.6984820964969121,A+B,bothFireAndSmoke_CV000266
94.04960292438527,0.6861972932003358,A+B,bothFireAndSmoke_CV000267
91.32459891276142,0.7259312093904918,A+B,bothFireAndSmoke_CV000268
90.07937944117435,0.631404182221601,A+B,bothFireAndSmoke_CV000269
90.26402788585595,0.5805264720558632,A+B,bothFireAndSmoke_CV000271
88.6942070084513,0.6390517473742481,A+B,bothFireAndSmoke_CV000272
87.02840202621108,0.6186184826090808,A+B,bothFireAndSmoke_CV000273
88.8736960161395,0.6026207537110531,A+B,bothFireAndSmoke_CV000274
85.69189657651195,0.6309063420388512,A+B,bothFireAndSmoke_CV000275
84.50030209430972,0.6088808774576132,A+B,bothFireAndSmoke_CV000276
76.07087121384183,0.6219843320342401,A+B,bothFireAndSmoke_CV000277
72.78943858818336,0.8,A,bothFireAndSmoke_CV000278
70.99680649723699,0.6077624516207648,A+B,bothFireAndSmoke_CV000279
75.19017055414487,0.8389338753077532,A+B,bothFireAndSmoke_CV000280
74.59933868875093,0.7272591843920102,A+B,bothFireAndSmoke_CV000281
73.13491289216363,0.7301934113372738,A+B,bothFireAndSmoke_CV000282
70.72100206148096,0.5967420457339008,A+B,bothFireAndSmoke_CV000284
89.71777121219989,0.4451138210860065,A+B,bothFireAndSmoke_CV000285
68.72416602671817,0.8,A,bothFireAndSmoke_CV000286
62.264796752418036,0.5730035854338877,A+B,bothFireAndSmoke_CV000288
49.00021626626468,0.5053181396629723,A+B,bothFireAndSmoke_CV000289
48.73898333875271,0.3,A+B_conflict,bothFireAndSmoke_CV000291
40.690744352287055,0.7288523054970955,A,bothFireAndSmoke_CV000292
41.894083053649,0.8,A,bothFireAndSmoke_CV000293
41.74844043786176,0.3,A+B_conflict,bothFireAndSmoke_CV000294
51.70688952194903,0.8,A,bothFireAndSmoke_CV000296
57.08783082603062,0.8,A,bothFireAndSmoke_CV000297
45.15976380503182,0.3,A+B_conflict,bothFireAndSmoke_CV000299
48.14016737948839,0.5843387707225134,A+B,bothFireAndSmoke_CV000300
47.89889495211031,0.8,A,bothFireAndSmoke_CV000301
43.738353454091545,0.8,A,bothFireAndSmoke_CV000302
52.374928685707644,0.8,A,bothFireAndSmoke_CV000303
51.13842509960999,0.3,A+B_conflict,bothFireAndSmoke_CV000306
71.24095479446646,0.3,A+B_conflict,bothFireAndSmoke_CV000307
59.686961918863375,0.3,A+B_conflict,bothFireAndSmoke_CV000308
49.98559108585188,0.29527697526725716,A+B_conflict,bothFireAndSmoke_CV000311
74.7169023998913,0.8,A,bothFireAndSmoke_CV000314
72.20625752706553,1.0,A+B,bothFireAndSmoke_CV000315
63.75975965757402,0.3,A+B_conflict,bothFireAndSmoke_CV000317
59.5399623174554,0.8,A,bothFireAndSmoke_CV000318
63.52680600133905,0.8,A,bothFireAndSmoke_CV000319
47.917554065614844,0.8078477763980175,A+B,bothFireAndSmoke_CV000320
59.1593629372181,0.9311470858743793,A+B,bothFireAndSmoke_CV000321
57.50311157536622,0.78661280140333,A+B,bothFireAndSmoke_CV000322
59.253565083686226,0.718395007906593,A+B,bothFireAndSmoke_CV000323
58.68113905414574,0.7884969920942635,A+B,bothFireAndSmoke_CV000324
59.5536980487757,0.6898144432848148,A+B,bothFireAndSmoke_CV000326
59.76025347198207,0.5766844567774998,A+B,bothFireAndSmoke_CV000327
45.50432626713281,0.811533620596102,A+B,bothFireAndSmoke_CV000328
55.57954137420852,1.0,A+B,bothFireAndSmoke_CV000329
50.26647537865561,0.6282835055881684,A+B,bothFireAndSmoke_CV000331
358.2246834859909,0.1895285121427143,A+B_conflict,bothFireAndSmoke_CV000332
59.1153174388485,0.3,A+B_conflict,bothFireAndSmoke_CV000333
88.83219748339874,0.9186551533487152,A+B,bothFireAndSmoke_CV000334
85.03881869342388,0.9025989420935518,A+B,bothFireAndSmoke_CV000335
57.109971197859394,0.7026651498406701,A+B,bothFireAndSmoke_CV000337
78.46648945493408,0.9645120951594848,A+B,bothFireAndSmoke_CV000338
54.81163630150915,1.0,A+B,bothFireAndSmoke_CV000339
25.62708798305204,0.6119064031786698,A,bothFireAndSmoke_CV000340
69.08605021830489,0.966507365401692,A+B,bothFireAndSmoke_CV000344
354.18550892296827,0.4579248096453283,A+B,bothFireAndSmoke_CV000345
57.156008574221296,0.23009793919494936,A+B_conflict,bothFireAndSmoke_CV000346
66.18595677882936,0.7628822357451779,A+B,bothFireAndSmoke_CV000348
340.0626805016963,0.14527061843858616,A+B_conflict,bothFireAndSmoke_CV000350
85.88636345087266,0.9221007897878624,A+B,bothFireAndSmoke_CV000352
125.85140995825152,0.3,A+B_conflict,bothFireAndSmoke_CV000353
12.37346973947828,0.2273373691415668,A+B_conflict,bothFireAndSmoke_CV000354
27.56091312398044,0.6333080270907421,A+B,bothFireAndSmoke_CV000355
59.47833847505981,0.7048572313596095,A,bothFireAndSmoke_CV000360
68.03689067269926,1.0,A+B,bothFireAndSmoke_CV000361
79.17969840864916,0.3,A+B_conflict,bothFireAndSmoke_CV000364
73.7910020060816,0.2739494118428773,A+B_conflict,bothFireAndSmoke_CV000365
85.56413289764122,0.8430447720750296,A+B,bothFireAndSmoke_CV000367
85.1161000969262,0.8215371950812553,A+B,bothFireAndSmoke_CV000372
84.6490322187824,0.8,A,bothFireAndSmoke_CV000375
81.66023053837716,0.813711359520348,A+B,bothFireAndSmoke_CV000379
62.4264323595559,0.5981664098547603,A+B,bothFireAndSmoke_CV000380
51.50686371815112,0.698667877886719,A+B,bothFireAndSmoke_CV000383
48.49183941642843,0.6540435100561175,A+B,bothFireAndSmoke_CV000384
61.47337413015661,0.6987357603764515,A+B,bothFireAndSmoke_CV000385
54.14573698008819,0.6184081212392623,A+B,bothFireAndSmoke_CV000387
59.748714135267605,0.8,A,bothFireAndSmoke_CV000389
95.69653820289136,0.4719270204510729,A+B,bothFireAndSmoke_CV000391
85.30188989046171,0.4480748823095056,A+B,bothFireAndSmoke_CV000395
83.46164686638281,0.5054341640101667,A+B,bothFireAndSmoke_CV000398
92.07611169544616,0.67899542974979,A+B,bothFireAndSmoke_CV000400
153.93594780081278,0.3,A+B_conflict,bothFireAndSmoke_CV000403
111.94716646224254,0.8049618133062174,A+B,bothFireAndSmoke_CV000405
83.70566344210268,0.729203968736827,A+B,bothFireAndSmoke_CV000406
135.13091747815432,0.5259161335431035,A+B,bothFireAndSmoke_CV000407
90.3220713725503,0.7295327675415183,A+B,bothFireAndSmoke_CV000408
83.42072001977257,0.3,A+B_conflict,bothFireAndSmoke_CV000414
92.00397147043208,0.5963851796169038,A+B,bothFireAndSmoke_CV000416
195.3078903059199,0.17292751175121504,A+B_conflict,bothFireAndSmoke_CV000422
93.2303516758912,0.6193752050798476,A+B,bothFireAndSmoke_CV000425
93.5040150357087,0.6569648737371205,A+B,bothFireAndSmoke_CV000426
88.98410952297384,0.6688485466670694,A+B,bothFireAndSmoke_CV000427
85.06133983948476,0.7068270213530161,A+B,bothFireAndSmoke_CV000429
81.839780122933,0.8725279840842053,A+B,bothFireAndSmoke_CV000431
105.00267010970047,0.3,A+B_conflict,bothFireAndSmoke_CV000433
99.23147683654196,0.5965479177207931,A+B,bothFireAndSmoke_CV000434
35.39067234949082,0.3,A+B_conflict,bothFireAndSmoke_CV000438
129.53289908906456,0.3,A+B_conflict,bothFireAndSmoke_CV000441
28.72573516966681,0.9942269704312863,A+B,bothFireAndSmoke_CV000442
111.48121590954726,0.5908631325185361,A+B,bothFireAndSmoke_CV000443
63.107735211405625,0.6742996480160832,A+B,bothFireAndSmoke_CV000444
72.27797927549979,0.3,A+B_conflict,bothFireAndSmoke_CV000445
52.57503058806727,0.3,A+B_conflict,bothFireAndSmoke_CV000446
100.68329519436958,0.3,A+B_conflict,bothFireAndSmoke_CV000448
107.72730869245626,0.3,A+B_conflict,bothFireAndSmoke_CV000449
50.62542675250522,0.3,A+B_conflict,bothFireAndSmoke_CV000451
112.09581142650694,0.3,A+B_conflict,bothFireAndSmoke_CV000452
103.34715667847999,0.3,A+B_conflict,bothFireAndSmoke_CV000453
69.75177435916497,0.29221372009831154,A+B_conflict,bothFireAndSmoke_CV000454
114.02904027791372,0.5859295652682035,A+B,bothFireAndSmoke_CV000455
155.62742516079464,0.2751538991745604,A+B_conflict,bothFireAndSmoke_CV000456
147.3208186826537,0.3,A+B_conflict,bothFireAndSmoke_CV000457
151.96656525453068,0.5383530328823767,A+B,bothFireAndSmoke_CV000460
262.66632933213236,0.3,A+B_conflict,bothFireAndSmoke_CV000462
94.66025741214223,0.3,A+B_conflict,bothFireAndSmoke_CV000464
184.0773165128541,0.6929145986141755,A+B,bothFireAndSmoke_CV000468
147.120174924047,0.045559581783470006,A+B_conflict,bothFireAndSmoke_CV000471
119.64066608503009,0.8,A,bothFireAndSmoke_CV000472
107.51097635893161,0.8,A,bothFireAndSmoke_CV000473
113.16775077337294,1.0,A+B,bothFireAndSmoke_CV000474
90.82458486010025,0.3,A+B_conflict,bothFireAndSmoke_CV000476
63.83814311141881,0.8,A,bothFireAndSmoke_CV000477
162.43694813450404,0.3,A+B_conflict,bothFireAndSmoke_CV000479
122.78066454573685,0.3,A+B_conflict,bothFireAndSmoke_CV000480
136.1904431735453,1.0,A+B,bothFireAndSmoke_CV000481
111.64214920558038,0.3,A+B_conflict,bothFireAndSmoke_CV000483
32.29479980502466,1.0,A+B,bothFireAndSmoke_CV000484
125.2049485178617,0.3,A+B_conflict,bothFireAndSmoke_CV000485
9.398414237635057,0.3,A+B_conflict,bothFireAndSmoke_CV000486
73.06470578068254,0.25151573631036106,A+B_conflict,bothFireAndSmoke_CV000489
81.83028295104859,0.3,A+B_conflict,bothFireAndSmoke_CV000491
82.46538392575046,0.7076052861182697,A+B,bothFireAndSmoke_CV000495
84.9208007009108,0.8,A,bothFireAndSmoke_CV000496
145.55044500698256,0.3,A+B_conflict,bothFireAndSmoke_CV000499
53.97015295001021,0.3,A+B_conflict,bothFireAndSmoke_CV000500
77.71297596163939,0.3,A+B_conflict,bothFireAndSmoke_CV000501
105.30092283748476,0.3,A+B_conflict,bothFireAndSmoke_CV000507
41.51794407185723,0.3,A+B_conflict,bothFireAndSmoke_CV000508
40.757067272161215,0.3,A+B_conflict,bothFireAndSmoke_CV000510
110.11503124875158,0.5976148724674761,A+B,bothFireAndSmoke_CV000514
178.95246656943144,0.9020733780933796,A+B,bothFireAndSmoke_CV000516
90.24749624755907,0.6210095093698058,A+B,bothFireAndSmoke_CV000517
88.1904801108871,0.3,A+B_conflict,bothFireAndSmoke_CV000519
246.56773806822943,0.2566051037412711,A+B_conflict,bothFireAndSmoke_CV000520
68.64898304046294,0.3,A+B_conflict,bothFireAndSmoke_CV000523
135.31902888000258,0.3,A+B_conflict,bothFireAndSmoke_CV000528
67.02949842718397,0.3,A+B_conflict,bothFireAndSmoke_CV000529
359.7676975114948,0.8603801992677707,A+B,bothFireAndSmoke_CV000534
75.28836079902874,0.5697900457750864,A+B,bothFireAndSmoke_CV000536
165.0284895163885,0.3,A+B_conflict,bothFireAndSmoke_CV000538
125.15067749466516,0.9337426828319159,A+B,bothFireAndSmoke_CV000539
348.8565111700117,0.8,A,bothFireAndSmoke_CV000540
132.88443950580387,0.3,A+B_conflict,bothFireAndSmoke_CV000542
125.99691932263153,0.2987980939933336,A+B_conflict,bothFireAndSmoke_CV000544
74.02065423368474,0.3,A+B_conflict,bothFireAndSmoke_CV000545
50.3204428414871,0.3,A+B_conflict,bothFireAndSmoke_CV000546
333.980077065531,0.8,A,bothFireAndSmoke_CV000551
22.819387599420264,0.8,A,bothFireAndSmoke_CV000552
55.7851175498397,0.6073299923707545,A+B,bothFireAndSmoke_CV000553
117.77833721317137,0.5659962365139474,A+B,bothFireAndSmoke_CV000554
7.705904978035485,0.3,A+B_conflict,bothFireAndSmoke_CV000557
11.437016419945486,0.3,A+B_conflict,bothFireAndSmoke_CV000558
107.84955041053905,0.11908766301040975,A+B_conflict,bothFireAndSmoke_CV000560
80.07859663626533,0.3,A+B_conflict,bothFireAndSmoke_CV000561
77.38362852883074,0.3,A+B_conflict,bothFireAndSmoke_CV000563
68.74439847875786,0.8,A,bothFireAndSmoke_CV000565
76.89477646621991,0.8,A,bothFireAndSmoke_CV000567
2.701832839295125,0.3,A+B_conflict,bothFireAndSmoke_CV000568
129.2430028238902,0.3,A+B_conflict,bothFireAndSmoke_CV000570
115.13895790376017,0.5926314976218514,A+B,bothFireAndSmoke_CV000573
147.5037022422733,0.3,A+B_conflict,bothFireAndSmoke_CV000574
92.2268566141521,0.5976074778345647,A+B,bothFireAndSmoke_CV000575
123.4928468668177,0.5982488584857865,A+B,bothFireAndSmoke_CV000577
71.46782748224129,0.3,A+B_conflict,bothFireAndSmoke_CV000578
148.82492564413323,0.3,A+B_conflict,bothFireAndSmoke_CV000580
70.99081549213535,0.3,A+B_conflict,bothFireAndSmoke_CV000581
75.75483570323308,0.3,A+B_conflict,bothFireAndSmoke_CV000582
75.21911880556553,0.5995599569270947,A,bothFireAndSmoke_CV000585
84.47715564804642,0.3,A+B_conflict,bothFireAndSmoke_CV000586
203.71294740925563,0.8,A,bothFireAndSmoke_CV000587
103.34366874471245,0.24555989346068435,A+B_conflict,bothFireAndSmoke_CV000588
119.71189085657936,0.2664288823789333,A+B_conflict,bothFireAndSmoke_CV000590
61.56564640604995,0.3,A+B_conflict,bothFireAndSmoke_CV000594
64.21852995615914,0.3,A+B_conflict,bothFireAndSmoke_CV000595
209.5451253302438,0.8816581162899589,A+B,bothFireAndSmoke_CV000596
69.81719155751058,0.3,A+B_conflict,bothFireAndSmoke_CV000597
61.204277534165776,0.8,A,bothFireAndSmoke_CV000598
90.1154474119926,0.3,A+B_conflict,bothFireAndSmoke_CV000599
91.3007553405354,0.9956833070576712,A+B,bothFireAndSmoke_CV000600
8.247371880789458,0.3,A+B_conflict,bothFireAndSmoke_CV000602
36.44573849993266,0.3,A+B_conflict,bothFireAndSmoke_CV000603
7.440473081187548,0.8,A,bothFireAndSmoke_CV000604
80.9998474219948,0.8,A,bothFireAndSmoke_CV000606
15.239404885050325,0.39469532668352825,A+B,bothFireAndSmoke_CV000608
74.1471196476185,0.3,A+B_conflict,bothFireAndSmoke_CV000610
62.852489503450855,1.0,A+B,bothFireAndSmoke_CV000611
178.01813808652724,0.3,A+B_conflict,bothFireAndSmoke_CV000612
70.77394803434841,0.3,A+B_conflict,bothFireAndSmoke_CV000613
183.6611363625308,0.3,A+B_conflict,bothFireAndSmoke_CV000614
77.9406069184298,0.3,A+B_conflict,bothFireAndSmoke_CV000615
133.2139832738637,0.6488410857888403,A+B,bothFireAndSmoke_CV000617
78.9702126329955,0.3,A+B_conflict,bothFireAndSmoke_CV000619
11.734000088347003,0.7,B,bothFireAndSmoke_CV000620
137.2450847730403,0.6608428391208043,A+B,bothFireAndSmoke_CV000621
79.32425653715704,0.3,A+B_conflict,bothFireAndSmoke_CV000624
94.19713596865044,0.8,A,bothFireAndSmoke_CV000625
26.10764234320566,0.6677480110432985,A+B,bothFireAndSmoke_CV000629
174.1385472526409,0.3,A+B_conflict,bothFireAndSmoke_CV000630
92.0089824220972,0.2852957194374684,A+B_conflict,bothFireAndSmoke_CV000631
4.4836681082511305,0.3,A+B_conflict,bothFireAndSmoke_CV000632
78.85897140191986,0.3,A+B_conflict,bothFireAndSmoke_CV000633
94.6568322029906,0.3,A+B_conflict,bothFireAndSmoke_CV000634
47.22032471558162,0.5262019395233667,A,bothFireAndSmoke_CV000635
99.7711867048793,0.5724679409781538,A+B,bothFireAndSmoke_CV000640
170.5834020262218,0.5881746525546343,A+B,bothFireAndSmoke_CV000643
100.7775609694262,0.6133104270207532,A,bothFireAndSmoke_CV000644
100.7947517296333,0.3,A+B_conflict,bothFireAndSmoke_CV000645
79.60576244363315,0.5912381014270731,A+B,bothFireAndSmoke_CV000646
126.25102042752019,0.988234611485232,A+B,bothFireAndSmoke_CV000647
175.3664221736337,0.1328817685361469,B,bothFireAndSmoke_CV000648
130.99009270202976,0.6932905121004976,A+B,bothFireAndSmoke_CV000651
108.0831486813859,0.3,A+B_conflict,bothFireAndSmoke_CV000652
139.63273582652658,0.3,A+B_conflict,bothFireAndSmoke_CV000653
68.12592958478338,0.8,A,bothFireAndSmoke_CV000654
92.57570292643798,0.7092603312808725,A,bothFireAndSmoke_CV000656
67.97776529167228,0.3,A+B_conflict,bothFireAndSmoke_CV000657
43.20166913144807,0.6837332032984952,A+B,bothFireAndSmoke_CV000659
96.86243380560289,0.8135914132403925,A+B,bothFireAndSmoke_CV000660
51.852272334770085,0.3,A+B_conflict,bothFireAndSmoke_CV000661
49.74468716957909,1.0,A+B,bothFireAndSmoke_CV000662
77.9020360871788,0.3,A+B_conflict,bothFireAndSmoke_CV000665
187.4484796727939,0.10217465547060035,A+B_conflict,bothFireAndSmoke_CV000669
139.68337198997193,0.3,A+B_conflict,bothFireAndSmoke_CV000677
218.73503392742845,0.3,A+B_conflict,bothFireAndSmoke_CV000678
86.56605704246049,0.3,A+B_conflict,bothFireAndSmoke_CV000679
137.22906676841484,0.7442137655302161,A+B,bothFireAndSmoke_CV000691
67.4190356798114,0.3,A+B_conflict,bothFireAndSmoke_CV000701
8.708359267383917,0.8274300614696821,A+B,bothFireAndSmoke_CV000705
138.9579865434368,0.610414284176732,A+B,bothFireAndSmoke_CV000706
131.4340775158027,0.3,A+B_conflict,bothFireAndSmoke_CV000708
88.98121136463581,0.6467316508498222,A+B,bothFireAndSmoke_CV000717
68.51968207318971,0.8,A,bothFireAndSmoke_CV000742
79.28578104157826,0.6523345050152828,A+B,bothFireAndSmoke_CV000758
98.44046980367125,0.3,A+B_conflict,bothFireAndSmoke_CV000759
117.0275048538352,0.3,A+B_conflict,bothFireAndSmoke_CV000766
81.16908404165761,0.3,A+B_conflict,bothFireAndSmoke_CV000767
44.24156778000239,1.0,A+B,bothFireAndSmoke_CV000774
108.98189974265132,0.3,A+B_conflict,bothFireAndSmoke_CV000782
143.9153402278389,0.8,A,bothFireAndSmoke_CV000806
104.7049631463459,0.3,A+B_conflict,bothFireAndSmoke_CV000810
7.669207901768504,0.3,A+B_conflict,bothFireAndSmoke_CV000822
33.447122966562276,0.8,A,bothFireAndSmoke_CV000833
128.68303870492048,0.3,A+B_conflict,bothFireAndSmoke_CV000838
59.242980211035636,0.3,A+B_conflict,bothFireAndSmoke_CV000843
117.29101409193001,0.3,A+B_conflict,bothFireAndSmoke_CV000845
87.38216246894378,0.3,A+B_conflict,bothFireAndSmoke_CV000866
62.36742248061298,0.5955688135498491,A+B,bothFireAndSmoke_CV000876
113.97926346225816,0.3,A+B_conflict,bothFireAndSmoke_CV000897
99.56509778396529,0.5960559948160543,A+B,bothFireAndSmoke_CV000899
86.6954698715278,0.18651345373319084,A+B_conflict,bothFireAndSmoke_CV000902
133.93703910815967,0.3,A+B_conflict,bothFireAndSmoke_CV000918
179.11876684311335,0.7484620337951765,A,bothFireAndSmoke_CV000938
45.97091044513653,0.9623932873844988,A+B,bothFireAndSmoke_CV000939
98.99454947283321,0.6802464751242906,A+B,bothFireAndSmoke_CV000952
68.06490565250513,0.8,A,bothFireAndSmoke_CV000955
71.48292266872062,0.3,A+B_conflict,bothFireAndSmoke_CV000966
255.40270691200664,0.3,A+B_conflict,bothFireAndSmoke_CV000970
138.10180604659732,0.3,A+B_conflict,bothFireAndSmoke_CV000982
72.96823414588611,0.7272996519234536,A+B,bothFireAndSmoke_CV000983
173.5981452380591,0.2916606165795874,A+B_conflict,bothFireAndSmoke_CV001002
84.98992373320331,0.3,A+B_conflict,bothFireAndSmoke_CV001008
48.030564850221566,1.0,A+B,bothFireAndSmoke_CV001024
73.00873537450185,0.3,A+B_conflict,bothFireAndSmoke_CV001030
51.65234107248057,0.3,A+B_conflict,bothFireAndSmoke_CV001039
139.88685748192663,0.3,A+B_conflict,bothFireAndSmoke_CV001046
103.93936221063065,1.0,A+B,bothFireAndSmoke_CV001051
89.48148625091295,0.3,A+B_conflict,bothFireAndSmoke_CV001058
132.582175745086,0.3,A+B_conflict,bothFireAndSmoke_CV001068
134.34433668415545,0.8,A,bothFireAndSmoke_CV001071
353.1469349987011,0.3,A+B_conflict,bothFireAndSmoke_CV001089
121.93096965193591,0.7638947250618022,A+B,bothFireAndSmoke_CV001105
131.25212225855614,1.0,A+B,bothFireAndSmoke_CV001114
68.40012905653431,0.8,A,bothFireAndSmoke_CV001116
83.58279682437292,0.3,A+B_conflict,bothFireAndSmoke_CV001120
123.89951035556207,0.6248648265449698,A+B,bothFireAndSmoke_CV001126
58.68417568145497,0.3,A+B_conflict,bothFireAndSmoke_CV001137
52.76734458638662,0.16853977525742428,A+B_conflict,bothFireAndSmoke_CV001143
173.05189292514973,0.3,A+B_conflict,bothFireAndSmoke_CV001156
77.20486000202203,1.0,A+B,bothFireAndSmoke_CV001173
111.79647068079018,0.3,A+B_conflict,bothFireAndSmoke_CV001176
67.34918084239622,0.7674405186018913,A+B,bothFireAndSmoke_CV001177
171.44024171524757,0.15729457604442357,A+B_conflict,bothFireAndSmoke_CV001187
106.69724422760359,0.3,A+B_conflict,bothFireAndSmoke_CV001193
133.9365935693634,0.3,A+B_conflict,bothFireAndSmoke_CV001202
135.54520862593182,0.3,A+B_conflict,bothFireAndSmoke_CV001206
125.36192720424084,0.8,A,bothFireAndSmoke_CV001218
67.42129819177887,0.9135645548642347,A+B,bothFireAndSmoke_CV001228
150.75516222185402,0.3,A+B_conflict,bothFireAndSmoke_CV001231
72.95856278082124,0.7272387773979756,A+B,bothFireAndSmoke_CV001236
79.15017109440538,0.671039758951838,A+B,bothFireAndSmoke_CV001247
113.84309536881781,0.8724904984712407,A+B,bothFireAndSmoke_CV001251
97.31828769445828,0.8,A,bothFireAndSmoke_CV001292
146.06947575613484,0.3,A+B_conflict,bothFireAndSmoke_CV001299
57.75725150105321,0.3,A+B_conflict,bothFireAndSmoke_CV001353
142.52805911032846,0.3,A+B_conflict,bothFireAndSmoke_CV001371
71.29002278571754,1.0,A+B,bothFireAndSmoke_CV001401
89.83177880058486,0.8,A,bothFireAndSmoke_CV001427
133.20404857655458,0.3,A+B_conflict,bothFireAndSmoke_CV001446
131.33184879718237,0.3,A+B_conflict,bothFireAndSmoke_CV001452
80.75143269122297,0.4840218953404895,A,bothFireAndSmoke_CV001456
125.32246016809195,0.2812196636502304,A+B_conflict,bothFireAndSmoke_CV001463
134.46364484072757,0.8,A,bothFireAndSmoke_CV001494
70.53628098097313,0.2981879363170851,A+B_conflict,bothFireAndSmoke_CV001517
61.31109682815175,0.3,A+B_conflict,bothFireAndSmoke_CV001533
86.214732913112,0.3,A+B_conflict,bothFireAndSmoke_CV001534
144.16436551664816,0.3,A+B_conflict,bothFireAndSmoke_CV001543
51.4444318147357,0.3,A+B_conflict,bothFireAndSmoke_CV001562
106.01429022040912,0.8,A,bothFireAndSmoke_CV001569
44.427041939079295,0.3,A+B_conflict,bothFireAndSmoke_CV001571
128.4743070180198,0.2875494417267052,A+B_conflict,bothFireAndSmoke_CV001580
111.79274477137199,0.3,A+B_conflict,bothFireAndSmoke_CV001581
160.8468601468104,0.612035674210669,A+B,bothFireAndSmoke_CV001600
111.53347373127866,0.29716069467362793,A+B_conflict,bothFireAndSmoke_CV001611
95.57316943158371,0.3,A+B_conflict,bothFireAndSmoke_CV001632
96.06350219117775,0.6852892568857174,A+B,bothFireAndSmoke_CV001636
92.37127053018143,0.3,A+B_conflict,bothFireAndSmoke_CV001650
134.65330354144197,0.3,A+B_conflict,bothFireAndSmoke_CV001653
104.53397969297461,0.3,A+B_conflict,bothFireAndSmoke_CV001660
133.1268479771186,0.3,A+B_conflict,bothFireAndSmoke_CV001671
138.28292663217752,0.2652116916584502,A+B_conflict,bothFireAndSmoke_CV001685
77.80897273548506,0.3,A+B_conflict,bothFireAndSmoke_CV001695
94.93761900766678,0.22626420230465757,A+B_conflict,bothFireAndSmoke_CV001697
44.040899185192046,0.8231011745220123,A+B,bothFireAndSmoke_CV001707
159.63749773431846,0.3,A+B_conflict,bothFireAndSmoke_CV001712
65.55979642278348,0.6532634930793422,A+B,bothFireAndSmoke_CV001734
43.336186933813494,0.3,A+B_conflict,bothFireAndSmoke_CV001746
138.0911008372992,0.3,A+B_conflict,bothFireAndSmoke_CV001756
81.88219781939748,0.2748604755389808,A+B_conflict,bothFireAndSmoke_CV001775
117.47431452909835,0.8,A,bothFireAndSmoke_CV001782
141.01420695707708,0.3,A+B_conflict,bothFireAndSmoke_CV001793
164.937094497266,0.3,A+B_conflict,bothFireAndSmoke_CV001794
109.76618261675647,0.502080531855297,A+B,bothFireAndSmoke_CV001795
147.19413986599952,1.0,A+B,bothFireAndSmoke_CV001803
104.93956847408201,0.8,A,bothFireAndSmoke_CV001804
82.0729509259538,0.3,A+B_conflict,bothFireAndSmoke_CV001805
99.01207817267783,0.8,A,bothFireAndSmoke_CV001806
356.6261940833757,0.8,A,bothFireAndSmoke_CV001807
151.23955481115829,0.3,A+B_conflict,bothFireAndSmoke_CV001809
123.50373997337391,0.7665011948499789,A+B,bothFireAndSmoke_CV001811
126.587273638607,0.3,A+B_conflict,bothFireAndSmoke_CV001813
73.01192144780667,0.6880869597354636,A+B,bothFireAndSmoke_CV001818
135.2205525009885,0.7226621703407048,A+B,bothFireAndSmoke_CV001824
127.21908660922662,0.3,A+B_conflict,bothFireAndSmoke_CV001833
90.13535493026154,0.3,A+B_conflict,bothFireAndSmoke_CV001836
143.45043105430008,0.3,A+B_conflict,bothFireAndSmoke_CV001841
49.4488649199492,0.7847437764879235,A+B,bothFireAndSmoke_CV001846
162.218302727664,0.3,A+B_conflict,bothFireAndSmoke_CV001849
114.8616032665577,0.6070371340803971,A+B,bothFireAndSmoke_CV001852
64.96930036438762,0.3,A+B_conflict,bothFireAndSmoke_CV001854
3.8012014724210115,0.3,A+B_conflict,bothFireAndSmoke_CV001859
80.11833105326673,0.3,A+B_conflict,bothFireAndSmoke_CV001860
57.159493908542146,0.3,A+B_conflict,bothFireAndSmoke_CV001861
116.39547138063432,0.5782132011170195,A+B,bothFireAndSmoke_CV001863
124.69607330599017,1.0,A+B,bothFireAndSmoke_CV001866
208.27368493126045,0.3,A+B_conflict,bothFireAndSmoke_CV001876
73.4266013773222,0.7818751457539015,A+B,bothFireAndSmoke_CV001891
154.56447666513574,0.3,A+B_conflict,bothFireAndSmoke_CV001901
155.31013727550558,0.8,A,bothFireAndSmoke_CV001912
109.09504818314765,0.3,A+B_conflict,bothFireAndSmoke_CV001924
143.70381977703323,0.3,A+B_conflict,bothFireAndSmoke_CV001943
105.45325787767482,0.3,A+B_conflict,bothFireAndSmoke_CV001953
113.80636738283857,0.3,A+B_conflict,bothFireAndSmoke_CV001954
90.2937551385903,0.8,A,bothFireAndSmoke_CV001958
50.71315044439116,0.3,A+B_conflict,bothFireAndSmoke_CV001980
39.65177343077555,0.3,A+B_conflict,bothFireAndSmoke_CV001987
96.80483208894063,0.3,A+B_conflict,bothFireAndSmoke_CV001997
123.69089390777546,0.3,A+B_conflict,bothFireAndSmoke_CV002002
2.1805696515963,0.3,A+B_conflict,bothFireAndSmoke_CV002012
98.98962732853863,0.6801251324781747,A+B,bothFireAndSmoke_CV002016
65.24400847477689,0.9317820315320705,A+B,bothFireAndSmoke_CV002018
92.97175055897928,0.6313140468183054,A+B,bothFireAndSmoke_CV002029
121.60007600583884,0.6506059617854876,A+B,bothFireAndSmoke_CV002030
91.90948068318863,0.3,A+B_conflict,bothFireAndSmoke_CV002032
101.94023535105077,0.8,A,bothFireAndSmoke_CV002042
180.70236407110102,0.8,A,bothFireAndSmoke_CV002043
73.44080105457031,0.3,A+B_conflict,bothFireAndSmoke_CV002087
180.70149613997177,0.8,A,bothFireAndSmoke_CV002093
49.947885576010854,0.3,A+B_conflict,bothFireAndSmoke_CV002099
79.18150301216914,0.8,A,bothFireAndSmoke_CV002104
148.89175902144993,0.3,A+B_conflict,bothFireAndSmoke_CV002114
85.4571183609274,0.3,A+B_conflict,bothFireAndSmoke_CV002118
111.81450207752547,0.7289240868194551,A+B,bothFireAndSmoke_CV002122
91.30866127291546,0.8,A,bothFireAndSmoke_CV002143
80.75874961392361,0.7274688938813376,A+B,bothFireAndSmoke_CV002145
127.7929057046165,0.3,A+B_conflict,bothFireAndSmoke_CV002154
34.769725325526245,0.5696447109639995,A+B,bothFireAndSmoke_CV002167
76.23424421888095,0.8,A,bothFireAndSmoke_CV002168
87.23808224990842,0.8,A,bothFireAndSmoke_CV002178
70.79782637915548,0.3,A+B_conflict,bothFireAndSmoke_CV002184
331.2462909660425,0.8,A,bothFireAndSmoke_CV002204
68.42964868668682,0.8,A,bothFireAndSmoke_CV002205
66.03189640909513,0.3,A+B_conflict,bothFireAndSmoke_CV002212
353.2297071834772,0.3,A+B_conflict,bothFireAndSmoke_CV002214
63.11847596802685,1.0,A+B,bothFireAndSmoke_CV002224
123.67931184367721,0.3,A+B_conflict,bothFireAndSmoke_CV002238
133.80713739007032,0.3,A+B_conflict,bothFireAndSmoke_CV002239
62.89709377123408,0.3,A+B_conflict,bothFireAndSmoke_CV002258
64.73021564244395,0.861152558879576,A+B,bothFireAndSmoke_CV002262
130.49403790946727,0.3,A+B_conflict,bothFireAndSmoke_CV002272
77.80199137183598,0.8,A,bothFireAndSmoke_CV002284
57.54343510439969,0.3,A+B_conflict,bothFireAndSmoke_CV002291
89.79799591277819,0.8,A,bothFireAndSmoke_CV002300
168.7318987911206,0.3,A+B_conflict,bothFireAndSmoke_CV002304
79.46839814634504,0.6735840099108884,A+B,bothFireAndSmoke_CV002308
134.5864050702028,0.3,A+B_conflict,bothFireAndSmoke_CV002310
124.88934618316947,0.8,A,bothFireAndSmoke_CV002346
85.45025043459931,0.8638938124527131,A+B,bothFireAndSmoke_CV002368
167.0302935377227,0.3,A+B_conflict,bothFireAndSmoke_CV002374
143.86512718672157,0.8,A,bothFireAndSmoke_CV002377
86.65697254704179,0.3,A+B_conflict,bothFireAndSmoke_CV002385
72.45162563977544,0.8,A,bothFireAndSmoke_CV002391
318.994137407983,0.2734237907655587,A+B_conflict,bothFireAndSmoke_CV002393
172.06107680420646,0.7119101760985238,A+B,bothFireAndSmoke_CV002395
122.7055295168149,0.23703435440720105,A+B_conflict,bothFireAndSmoke_CV002400
60.22427647786848,0.3,A+B_conflict,bothFireAndSmoke_CV002405
119.62921950150142,0.2508763225003098,A+B_conflict,bothFireAndSmoke_CV002406
69.7770482507994,0.29221946922074205,A+B_conflict,bothFireAndSmoke_CV002411
81.18415036324163,0.29498414820348073,A+B_conflict,bothFireAndSmoke_CV002438
83.50290650227926,0.3,A+B_conflict,bothFireAndSmoke_CV002441
150.4479614306769,0.7079178624381555,A+B,bothFireAndSmoke_CV002444
262.9342443189092,0.3,A+B_conflict,bothFireAndSmoke_CV002449
12.966292532533906,0.3,A+B_conflict,bothFireAndSmoke_CV002455
49.38173513118643,0.6052852302364164,A+B,bothFireAndSmoke_CV002471
82.81735220006948,0.5831116849922302,A+B,bothFireAndSmoke_CV002480
71.33491533560344,0.3,A+B_conflict,bothFireAndSmoke_CV002483
353.14169213823925,0.3,A+B_conflict,bothFireAndSmoke_CV002485
173.51588841347814,0.6692924261789698,A+B,bothFireAndSmoke_CV002492
124.71649020720919,0.7434472887278468,A+B,bothFireAndSmoke_CV002493
139.01360994602274,0.6027695468077175,A+B,bothFireAndSmoke_CV002496
80.2613999727946,0.378891853197008,A,bothFireAndSmoke_CV002497
97.77361250354151,0.3,A+B_conflict,bothFireAndSmoke_CV002499
77.49223332014675,1.0,A+B,bothFireAndSmoke_CV002501
104.36288452212243,0.3,A+B_conflict,bothFireAndSmoke_CV002561
89.90472454934586,0.3,A+B_conflict,bothFireAndSmoke_CV002562
146.07565463839614,0.6060015029439847,A+B,bothFireAndSmoke_CV002566
60.03920748302343,0.3,A+B_conflict,bothFireAndSmoke_CV002567
106.91467365312809,0.25456352837178314,A+B_conflict,bothFireAndSmoke_CV002587
70.69282663369091,0.8,A,bothFireAndSmoke_CV002603
92.38494710867926,0.3,A+B_conflict,bothFireAndSmoke_CV002628
168.30733934559333,0.2920670648163833,A+B_conflict,bothFireAndSmoke_CV002631
118.93420121820694,0.3,A+B_conflict,bothFireAndSmoke_CV002632
78.59019083186855,0.3,A+B_conflict,bothFireAndSmoke_CV002634
126.07972364854008,0.6674722046194996,A+B,bothFireAndSmoke_CV002665
118.21050405510933,1.0,A+B,bothFireAndSmoke_CV002672
74.04273460752644,0.8,A,bothFireAndSmoke_CV002676
105.47126859219976,0.3,A+B_conflict,bothFireAndSmoke_CV002687
72.73104473908055,0.8,A,bothFireAndSmoke_CV002691
85.43448997343997,0.3,A+B_conflict,bothFireAndSmoke_CV002750
73.75128425708805,0.3,A+B_conflict,bothFireAndSmoke_CV002755
115.5354896638923,0.3,A+B_conflict,bothFireAndSmoke_CV002765
91.96942281412959,0.8,A,bothFireAndSmoke_CV002775
113.86908704707436,0.3,A+B_conflict,bothFireAndSmoke_CV002786
67.86116372821502,0.8703485863779616,A+B,bothFireAndSmoke_CV002787
65.60023213761346,0.3,A+B_conflict,bothFireAndSmoke_CV002792
72.55308017094299,0.9458066242351769,A+B,bothFireAndSmoke_CV002804
95.08930107669458,0.6099417071675941,A+B,bothFireAndSmoke_CV002805
87.12738053941968,0.8,A,bothFireAndSmoke_CV002833
85.93700009379856,0.8,A,bothFireAndSmoke_CV002837
126.54556961106415,0.3,A+B_conflict,bothFireAndSmoke_CV002838
94.36410133888498,0.8,A,bothFireAndSmoke_CV002840
0.31507060506942514,0.8,A,bothFireAndSmoke_CV002850
131.75262295473976,0.3,A+B_conflict,bothFireAndSmoke_CV002866
87.74404168412303,0.6612471961532854,A+B,bothFireAndSmoke_CV002867
168.3636061319312,0.5862662313153141,A+B,bothFireAndSmoke_CV002904
52.159775601581046,1.0,A+B,bothFireAndSmoke_CV002913
356.2219461838664,0.3,A+B_conflict,bothFireAndSmoke_CV002924
346.1615939542842,0.598314223565345,A+B,bothFireAndSmoke_CV002928
81.456131772522,0.9346076134713088,A+B,bothFireAndSmoke_CV002947
164.9558687902837,0.8,A,bothFireAndSmoke_CV002972
63.85945420517804,0.5761211746779771,A+B,bothFireAndSmoke_CV002983
68.49983316871834,0.7569634213610119,A+B,bothFireAndSmoke_CV002989
110.10507701499077,0.3,A+B_conflict,bothFireAndSmoke_CV002992
57.09348231694285,0.3,A+B_conflict,bothFireAndSmoke_CV002998
57.91160518810725,1.0,A+B,bothFireAndSmoke_CV003012
89.89621151047767,0.8,A,bothFireAndSmoke_CV003016
126.56754314424833,0.3,A+B_conflict,bothFireAndSmoke_CV003042
82.63343743989206,0.19189500495734937,A+B_conflict,bothFireAndSmoke_CV003052
63.1342077180542,0.8,A,bothFireAndSmoke_CV003067
74.69319740973486,0.3,A+B_conflict,bothFireAndSmoke_CV003076
44.152735638839815,0.3,A+B_conflict,bothFireAndSmoke_CV003078
68.14849592783101,0.8,A,bothFireAndSmoke_CV003081
104.27363212347547,0.7395941742900727,A+B,bothFireAndSmoke_CV003083
357.91940729913085,0.6852877778371498,A+B,bothFireAndSmoke_CV003089
139.66928380457387,1.0,A+B,bothFireAndSmoke_CV003153
139.64194235085787,0.3,A+B_conflict,bothFireAndSmoke_CV003158
128.90506615926063,0.3,A+B_conflict,bothFireAndSmoke_CV003159
43.35363658966137,0.3,A+B_conflict,bothFireAndSmoke_CV003167
126.61385558780262,0.3,A+B_conflict,bothFireAndSmoke_CV003170
95.35093512112914,0.7108603945096544,A,bothFireAndSmoke_CV003171
99.10155701029949,0.5677503903234608,A+B,bothFireAndSmoke_CV003195
218.70519085146373,0.3,A+B_conflict,bothFireAndSmoke_CV003213
34.86224370105905,0.5699724760627048,A+B,bothFireAndSmoke_CV003220
144.24778395887722,1.0,A+B,bothFireAndSmoke_CV003230
58.0152564087667,0.3,A+B_conflict,bothFireAndSmoke_CV003250
130.4839996252202,0.3,A+B_conflict,bothFireAndSmoke_CV003254
143.9300877063984,0.3,A+B_conflict,bothFireAndSmoke_CV003265
106.03166329618753,0.29450245358685306,A+B_conflict,bothFireAndSmoke_CV003270
159.64540485975738,0.3,A+B_conflict,bothFireAndSmoke_CV003271
172.69778880581617,0.7113177807814456,A+B,bothFireAndSmoke_CV003281
79.88137158611276,0.3,A+B_conflict,bothFireAndSmoke_CV003282
178.0295712312955,0.3,A+B_conflict,bothFireAndSmoke_CV003284
126.47798952250349,0.5690828206285851,A+B,bothFireAndSmoke_CV003323
70.20837287575033,1.0,A+B,bothFireAndSmoke_CV003332
88.38281420269941,0.3,A+B_conflict,bothFireAndSmoke_CV003336
178.0253822481045,0.3,A+B_conflict,bothFireAndSmoke_CV003348
0.43106740548667316,0.8,A,bothFireAndSmoke_CV003352
108.261268269945,0.5867689646558928,A+B,bothFireAndSmoke_CV003363
173.153662761097,0.25628095310642085,A+B_conflict,bothFireAndSmoke_CV003366
91.50218627832884,0.8,A,bothFireAndSmoke_CV003376
72.8716922491609,0.3,A+B_conflict,bothFireAndSmoke_CV003377
145.45408288671283,0.2527022888393353,A+B_conflict,bothFireAndSmoke_CV003388
139.03723727435832,1.0,A+B,bothFireAndSmoke_CV003396
4.157564461465704,0.3,A+B_conflict,bothFireAndSmoke_CV003397
81.81301806318756,0.3,A+B_conflict,bothFireAndSmoke_CV003411
67.93677667714114,0.2848342944044492,A+B_conflict,bothFireAndSmoke_CV003420
68.97938378411905,0.8,A,bothFireAndSmoke_CV003423
81.35983441189813,0.3,A+B_conflict,bothFireAndSmoke_CV003430
114.16413201519008,0.8,A,bothFireAndSmoke_CV003433
136.1392429254904,0.3,A+B_conflict,bothFireAndSmoke_CV003434
63.72604554401288,0.3,A+B_conflict,bothFireAndSmoke_CV003435
88.6156677847857,0.3,A+B_conflict,bothFireAndSmoke_CV003456
348.6055069315635,0.3,A+B_conflict,bothFireAndSmoke_CV003461
133.3723771085312,0.3,A+B_conflict,bothFireAndSmoke_CV003474
124.12888206622874,0.29708290475511423,A+B_conflict,bothFireAndSmoke_CV003476
41.40435054494372,0.3,A+B_conflict,bothFireAndSmoke_CV003494
59.8493013571805,0.3,A+B_conflict,bothFireAndSmoke_CV003498
119.96846316520701,0.8,A,bothFireAndSmoke_CV003512
129.35500654444826,0.3,A+B_conflict,bothFireAndSmoke_CV003516
349.2369235509658,0.3,A+B_conflict,bothFireAndSmoke_CV003542
0.7615165570986807,0.3,A+B_conflict,bothFireAndSmoke_CV003550
102.67356227266968,0.46062467815061703,A+B,bothFireAndSmoke_CV003572
127.30472008203442,0.3,A+B_conflict,bothFireAndSmoke_CV003581
88.02840720667125,0.3,A+B_conflict,bothFireAndSmoke_CV003586
40.563493281762206,0.702155850611023,A+B,bothFireAndSmoke_CV003590
12.536906727850491,0.8,A,bothFireAndSmoke_CV003595
99.92951891726942,0.6880308837180644,A+B,bothFireAndSmoke_CV003603
44.40621118340035,0.3,A+B_conflict,bothFireAndSmoke_CV003604
105.15956642857604,0.3,A+B_conflict,bothFireAndSmoke_CV003618
124.56474285566112,0.856323805549267,A+B,bothFireAndSmoke_CV003619
34.899503600583635,0.695203629936987,A+B,bothFireAndSmoke_CV003644
108.44063579886217,0.8,A,bothFireAndSmoke_CV003646
1.3378300281245807,0.3,A+B_conflict,bothFireAndSmoke_CV003664
205.99432720468596,0.3,A+B_conflict,bothFireAndSmoke_CV003670
152.77626356027153,0.3,A+B_conflict,bothFireAndSmoke_CV003678
55.32043034903188,0.15752361905560694,A+B_conflict,bothFireAndSmoke_CV003680
66.72319301850449,0.3,A+B_conflict,bothFireAndSmoke_CV003683
96.43323225830905,0.3,A+B_conflict,bothFireAndSmoke_CV003712
110.47530315531063,0.7228157111944327,A+B,bothFireAndSmoke_CV003713
120.2767479247714,0.7254498298372845,A,bothFireAndSmoke_CV003723
62.53212122414831,0.3,A+B_conflict,bothFireAndSmoke_CV003751
108.66902357493073,0.3,A+B_conflict,bothFireAndSmoke_CV003767
141.90904424099938,0.3,A+B_conflict,bothFireAndSmoke_CV003771
11.892684332890902,0.9673434226371233,A+B,bothFireAndSmoke_CV003772
78.685487653473,0.3,A+B_conflict,bothFireAndSmoke_CV003785
51.18531286754857,0.3,A+B_conflict,bothFireAndSmoke_CV003826
48.2661703514074,0.3,A+B_conflict,bothFireAndSmoke_CV003844
119.64304873003236,0.8,A,bothFireAndSmoke_CV003850
66.12369010182773,0.3,A+B_conflict,bothFireAndSmoke_CV003860
94.90155988698464,0.708981435477632,A+B,bothFireAndSmoke_CV003863
135.68506061168506,0.3,A+B_conflict,bothFireAndSmoke_CV003864
79.12069781371247,0.5727793612912104,A+B,bothFireAndSmoke_CV003869
130.2971694794253,0.3,A+B_conflict,bothFireAndSmoke_CV003885
104.76685393216506,0.3,A+B_conflict,bothFireAndSmoke_CV003899
85.90966955451783,0.2438811346027351,A+B_conflict,bothFireAndSmoke_CV003935
90.26167148633388,0.7137491227329444,A+B,bothFireAndSmoke_CV003936
171.8893792280874,0.8,A,bothFireAndSmoke_CV003940
33.14553401219627,0.8,A,bothFireAndSmoke_CV003971
150.7571129066445,0.3,A+B_conflict,bothFireAndSmoke_CV003972
109.84504356117901,0.3,A+B_conflict,bothFireAndSmoke_CV003991
101.94439298126142,0.8,A,bothFireAndSmoke_CV004005
64.94534554266176,0.3,A+B_conflict,bothFireAndSmoke_CV004017
114.0633682290073,0.8,A,bothFireAndSmoke_CV004020
70.3411655838188,0.23374821902169252,A+B_conflict,bothFireAndSmoke_CV004046
127.95841946011431,0.3,A+B_conflict,bothFireAndSmoke_CV004050
105.93111957469391,0.8756729726147484,A+B,bothFireAndSmoke_CV004053
44.62700048295494,0.3,A+B_conflict,bothFireAndSmoke_CV004069
98.50265292356923,0.5864381260057017,A+B,bothFireAndSmoke_CV004075
43.49294607363208,0.3,A+B_conflict,bothFireAndSmoke_CV004088
111.28794732196107,0.3,A+B_conflict,bothFireAndSmoke_CV004098
62.0259787484544,0.8775195123084306,A+B,bothFireAndSmoke_CV004100
51.502395012703346,0.7944887510779366,A+B,bothFireAndSmoke_CV004103
90.97005076568905,0.3,A+B_conflict,bothFireAndSmoke_CV004135
4.16214233169816,0.3,A+B_conflict,bothFireAndSmoke_CV004137
76.96518597319508,0.9766934660617623,A+B,bothFireAndSmoke_CV004153
117.39092988285849,0.3,A+B_conflict,bothFireAndSmoke_CV004159
40.8243983670188,0.3,A+B_conflict,bothFireAndSmoke_CV004183
10.483739952460253,0.2599520616050085,A+B_conflict,bothFireAndSmoke_CV004188
68.10333320821562,0.7259332715366448,A+B,bothFireAndSmoke_CV004190
95.98900365055421,0.3,A+B_conflict,bothFireAndSmoke_CV004207
86.13855160928358,0.3,A+B_conflict,bothFireAndSmoke_CV004209
137.83174685993265,0.3,A+B_conflict,bothFireAndSmoke_CV004216
179.65437439598182,0.3,A+B_conflict,bothFireAndSmoke_CV004225
120.82936971611696,0.3,A+B_conflict,bothFireAndSmoke_CV004251
94.3972687199097,0.5677108875279047,A+B,bothFireAndSmoke_CV004258
110.99441725560405,0.3,A+B_conflict,bothFireAndSmoke_CV004261
65.68637149913073,0.3,A+B_conflict,bothFireAndSmoke_CV004269
58.69971217047919,0.3,A+B_conflict,bothFireAndSmoke_CV004273
109.52281793926218,0.3,A+B_conflict,bothFireAndSmoke_CV004280
82.92551024106322,0.3,A+B_conflict,bothFireAndSmoke_CV004285
101.91921400222273,1.0,A+B,bothFireAndSmoke_CV004297
119.33362780825688,0.8,A,bothFireAndSmoke_CV004310
108.15142293276152,0.2658996462749468,A+B_conflict,bothFireAndSmoke_CV004312
92.51445808272493,0.6294595130075107,A+B,bothFireAndSmoke_CV004313
90.45471655689627,0.6558662976285619,B,bothFireAndSmoke_CV004320
77.59729339620596,0.3,A+B_conflict,bothFireAndSmoke_CV004327
71.24021382737767,0.3,A+B_conflict,bothFireAndSmoke_CV004336
53.78209228332364,0.7708332801198496,A+B,bothFireAndSmoke_CV004338
135.76296602568723,0.3,A+B_conflict,bothFireAndSmoke_CV004348
118.36433607235016,0.3,A+B_conflict,bothFireAndSmoke_CV004352
0.7677055238632373,0.23580235960456042,A+B_conflict,bothFireAndSmoke_CV004366
105.85619752560618,0.5218905342312014,A+B,bothFireAndSmoke_CV004384
103.874474684433,0.7667501407404843,A,bothFireAndSmoke_CV004386
350.3296310804361,0.3,A+B_conflict,bothFireAndSmoke_CV004388
105.80328604583646,0.3,A+B_conflict,bothFireAndSmoke_CV004397
43.50683128210233,0.3,A+B_conflict,bothFireAndSmoke_CV004400
57.18147433972821,0.3,A+B_conflict,bothFireAndSmoke_CV004407
31.986465363112675,0.8,A,bothFireAndSmoke_CV004421
172.02149012761794,0.8,A,bothFireAndSmoke_CV004426
74.16445363582785,0.6333799889384362,A+B,bothFireAndSmoke_CV004434
105.6912526635601,0.6613732066794351,A,bothFireAndSmoke_CV004452
77.08188181088009,0.3,A+B_conflict,bothFireAndSmoke_CV004455
38.82803701301371,1.0,A+B,bothFireAndSmoke_CV004458
77.94000530091525,1.0,A+B,bothFireAndSmoke_CV004460
99.82258738362941,0.3,A+B_conflict,bothFireAndSmoke_CV004465
67.54849726117595,0.2689479612272428,A+B_conflict,bothFireAndSmoke_CV004466
77.13002542594809,0.3,A+B_conflict,bothFireAndSmoke_CV004469
140.4668826242771,1.0,A+B,bothFireAndSmoke_CV004470
221.17066375355878,0.20147203393853416,A+B_conflict,bothFireAndSmoke_CV004472
205.80717073084708,0.3,A+B_conflict,bothFireAndSmoke_CV004483
91.97339472206521,0.6479450085095425,A+B,bothFireAndSmoke_CV004491
86.83051748946505,0.24782634610497353,A+B_conflict,bothFireAndSmoke_CV004509
157.85338617729812,0.3,A+B_conflict,bothFireAndSmoke_CV004514
64.97159394905036,0.3,A+B_conflict,bothFireAndSmoke_CV004517
157.51286093738798,0.3,A+B_conflict,bothFireAndSmoke_CV004532
123.75021824035575,0.9877832640917251,A+B,bothFireAndSmoke_CV004533
104.94915591779791,0.8,A,bothFireAndSmoke_CV004534
68.56834857277273,0.3,A+B_conflict,bothFireAndSmoke_CV004538
78.44646152675259,0.3,A+B_conflict,bothFireAndSmoke_CV004543
87.14753675703723,0.5863667114646899,A+B,bothFireAndSmoke_CV004544
110.80879953728544,0.3,A+B_conflict,bothFireAndSmoke_CV004552
318.8633403437055,0.2730986075872706,A+B_conflict,bothFireAndSmoke_CV004553
49.924553124022296,0.3,A+B_conflict,bothFireAndSmoke_CV004566
70.50819214005054,0.8,A,bothFireAndSmoke_CV004573
78.77519111485745,0.3,A+B_conflict,bothFireAndSmoke_CV004574
96.4881312844378,0.8,A,bothFireAndSmoke_CV004591
139.83604193377263,0.6705875519767381,A+B,bothFireAndSmoke_CV004603
44.18943371539135,1.0,A+B,bothFireAndSmoke_CV004610
350.35311359498957,0.3,A+B_conflict,bothFireAndSmoke_CV004628
50.01659511539947,1.0,A+B,bothFireAndSmoke_CV004630
110.40235857470722,0.3,A+B_conflict,bothFireAndSmoke_CV004634
104.11424057057337,0.3,A+B_conflict,bothFireAndSmoke_CV004643
54.475387621594955,0.3,A+B_conflict,bothFireAndSmoke_CV004663
85.91564460362379,0.8145266076652995,A+B,bothFireAndSmoke_CV004668
94.36042851528012,0.8,A,bothFireAndSmoke_CV004670
110.9555227458097,0.3,A+B_conflict,bothFireAndSmoke_CV004675
87.39551996305322,0.3,A+B_conflict,bothFireAndSmoke_CV004683
150.4467272871527,0.7079178624381555,A+B,bothFireAndSmoke_CV004691
135.67918342949164,0.3,A+B_conflict,bothFireAndSmoke_CV004710
70.62360973896995,0.7340275174012304,A+B,bothFireAndSmoke_CV004755
218.7588695589078,0.3,A+B_conflict,bothFireAndSmoke_CV004761
147.23254524340507,0.8,A,bothFireAndSmoke_CV004785
76.3042943760461,0.8,A,bothFireAndSmoke_CV004788
12.626680976930048,0.8,A,bothFireAndSmoke_CV004793
70.04079982802483,0.3,A+B_conflict,bothFireAndSmoke_CV004796
108.22203460675591,0.3,A+B_conflict,bothFireAndSmoke_CV004799
94.41218290117918,0.5676846617250617,A+B,bothFireAndSmoke_CV004801
110.38941750802805,0.8,A,bothFireAndSmoke_CV004808
67.57783869054767,0.8966830201824725,A+B,bothFireAndSmoke_CV004809
67.35743537128458,0.3,A+B_conflict,bothFireAndSmoke_CV004841
71.75274166420763,0.3,A+B_conflict,bothFireAndSmoke_CV004845
118.96664929194455,0.7117751790362564,A,bothFireAndSmoke_CV004879
133.25513255928612,0.3,A+B_conflict,bothFireAndSmoke_CV004898
67.65755331547489,0.3,A+B_conflict,bothFireAndSmoke_CV004903
56.8902643845769,0.7747448565530056,A+B,bothFireAndSmoke_CV004923
86.26637875894642,0.6254781448296913,A+B,bothFireAndSmoke_CV004924
104.19266622029735,0.7624444500819009,A,bothFireAndSmoke_CV004925
101.56254368422638,0.3,A+B_conflict,bothFireAndSmoke_CV004966
70.33696262223577,0.3,A+B_conflict,bothFireAndSmoke_CV004975
117.22464877825496,0.3,A+B_conflict,bothFireAndSmoke_CV004983
120.16456192899328,0.6203282784750946,A+B,bothFireAndSmoke_CV004985
44.4776330026802,0.3,A+B_conflict,bothFireAndSmoke_CV005007
128.93474426465858,0.3,A+B_conflict,bothFireAndSmoke_CV005025
22.55011131465192,0.3,A+B_conflict,bothFireAndSmoke_CV005037
77.38925762082503,1.0,A+B,bothFireAndSmoke_CV005048
121.1563649915642,0.6505488776304119,A+B,bothFireAndSmoke_CV005052
176.16361312873573,0.3,A+B_conflict,bothFireAndSmoke_CV005063
35.76962250202517,0.3,A+B_conflict,bothFireAndSmoke_CV005068
118.94723416095468,0.3,A+B_conflict,bothFireAndSmoke_CV005076
36.519300387033304,0.3,A+B_conflict,bothFireAndSmoke_CV005081
44.984090492002096,0.6346788494150771,A+B,bothFireAndSmoke_CV005085
49.87590010526479,0.2368868304528915,A+B_conflict,bothFireAndSmoke_CV005099
76.46640950145922,0.8,A,bothFireAndSmoke_CV005105
149.2691338576006,0.3,A+B_conflict,bothFireAndSmoke_CV005116
145.36453034228563,0.8,A,bothFireAndSmoke_CV005123
102.07358292328024,0.8,A,bothFireAndSmoke_CV005140
63.11508254747492,0.3,A+B_conflict,bothFireAndSmoke_CV005183
181.56584955881772,0.09778846144148966,A+B_conflict,bothFireAndSmoke_CV005196
113.86831821911716,0.3,A+B_conflict,bothFireAndSmoke_CV005208
91.81926195013935,0.667159361633932,A+B,bothFireAndSmoke_CV005214
132.5141579731081,0.3,A+B_conflict,bothFireAndSmoke_CV005221
67.7454653334366,0.8,A,bothFireAndSmoke_CV005225
71.96111034676382,0.2400511276330434,B,bothFireAndSmoke_CV005227
89.40687712429825,1.0,A+B,bothFireAndSmoke_CV005228
356.1167504195686,0.3,A+B_conflict,bothFireAndSmoke_CV005238
130.26614045700785,1.0,A+B,bothFireAndSmoke_CV005240
158.3282578426527,0.9925180183309918,A+B,bothFireAndSmoke_CV005245
91.72425855116,0.580737110332141,A+B,bothFireAndSmoke_CV005249
1.0600681017423905,0.3,A+B_conflict,bothFireAndSmoke_CV005255
88.57609735906526,0.3,A+B_conflict,bothFireAndSmoke_CV005283
57.870486808002575,0.3,A+B_conflict,bothFireAndSmoke_CV005320
70.32397819084379,0.5766892269511531,A+B,bothFireAndSmoke_CV005325
120.10693486498772,0.620437513469059,A+B,bothFireAndSmoke_CV005342
93.46228192602257,0.6542141150881264,A,bothFireAndSmoke_CV005349
83.27971205370095,0.5948073686031607,A+B,bothFireAndSmoke_CV005359
105.44570085295913,0.3,A+B_conflict,bothFireAndSmoke_CV005362
119.80880456618726,0.26373318901204207,A+B_conflict,bothFireAndSmoke_CV005394
108.06243336014586,0.20167763672241998,A+B_conflict,bothFireAndSmoke_CV005399
60.952279354041146,0.3,A+B_conflict,bothFireAndSmoke_CV005400
24.645787991692995,0.3,A+B_conflict,bothFireAndSmoke_CV005415
98.64459958242382,0.8,A,bothFireAndSmoke_CV005419
95.41943817829883,0.7120341442241518,A,bothFireAndSmoke_CV005425
107.64534712986669,0.2966168896374127,A+B_conflict,bothFireAndSmoke_CV005436
121.37246169195528,0.3,A+B_conflict,bothFireAndSmoke_CV005473
78.29948574670016,1.0,A+B,bothFireAndSmoke_CV005483
90.16032238005397,0.3,A+B_conflict,bothFireAndSmoke_CV005484
135.8396628214252,0.3,A+B_conflict,bothFireAndSmoke_CV005502
80.83771260343187,0.8,A,bothFireAndSmoke_CV005518
89.0008269660651,0.3,A+B_conflict,bothFireAndSmoke_CV005524
64.9513680068412,0.3,A+B_conflict,bothFireAndSmoke_CV005532
78.244144830578,0.1697870430667397,A+B_conflict,bothFireAndSmoke_CV005539
175.85236325535487,0.3,A+B_conflict,bothFireAndSmoke_CV005540
132.8645080794283,0.3,A+B_conflict,bothFireAndSmoke_CV005545
164.7905793698964,0.6203076532573263,A+B,bothFireAndSmoke_CV005565
141.11284588617238,0.7840245040520428,A+B,bothFireAndSmoke_CV005568
109.49216311087332,0.902231909311322,A+B,bothFireAndSmoke_CV005584
156.55160089048462,0.3,A+B_conflict,bothFireAndSmoke_CV005586
62.884280738984714,0.8,A,bothFireAndSmoke_CV005590
129.0043601809216,0.3,A+B_conflict,bothFireAndSmoke_CV005591
9.952074406697909,0.3,A+B_conflict,bothFireAndSmoke_CV005596
63.82039421274947,0.3,A+B_conflict,bothFireAndSmoke_CV005603
136.25588024753145,0.3,A+B_conflict,bothFireAndSmoke_CV005605
126.76043123747176,0.8,A,bothFireAndSmoke_CV005613
58.2451476676529,0.8,A,bothFireAndSmoke_CV005623
91.44114391915079,0.8,A,bothFireAndSmoke_CV005624
84.36108836118484,0.8,A,bothFireAndSmoke_CV005625
117.46628135756322,0.8,A,bothFireAndSmoke_CV005629
3.6657793951865605,0.3,A+B_conflict,bothFireAndSmoke_CV005632
125.64094857510658,1.0,A+B,bothFireAndSmoke_CV005646
66.31415784293564,1.0,A+B,bothFireAndSmoke_CV005648
90.46686994661792,0.6554921342020484,B,bothFireAndSmoke_CV005652
148.27825635520375,0.6037844986466756,A+B,bothFireAndSmoke_CV005655
57.15950956259961,1.0,A+B,bothFireAndSmoke_CV005656
119.76597319385736,0.6952035262280505,A+B,bothFireAndSmoke_CV005659
135.46688222718362,0.6251356437481356,A+B,bothFireAndSmoke_CV005664
50.866520191200394,0.3,A+B_conflict,bothFireAndSmoke_CV005670
144.2886485757158,0.3,A+B_conflict,bothFireAndSmoke_CV005671
82.18035418329005,0.3,A+B_conflict,bothFireAndSmoke_CV005673
68.97033761013813,0.8,A,bothFireAndSmoke_CV005695
35.90445514413971,0.7141301138127278,A+B,bothFireAndSmoke_CV005696
55.930871265032856,0.3,A+B_conflict,bothFireAndSmoke_CV005711
96.24904836486631,0.3,A+B_conflict,bothFireAndSmoke_CV005718
81.84717190018696,0.4574058527577469,A+B,bothFireAndSmoke_CV005720
94.54715826308862,0.22479064254991993,A+B_conflict,bothFireAndSmoke_CV005743
35.04133414622339,1.0,A+B,bothFireAndSmoke_CV005745
18.918382050664146,0.23396944687517074,A+B_conflict,bothFireAndSmoke_CV005758
91.06138441083252,0.2344498712811539,A+B_conflict,bothFireAndSmoke_CV005761
93.19066811184545,0.6252002153978251,A+B,bothFireAndSmoke_CV005771
95.54095298895764,0.3,A+B_conflict,bothFireAndSmoke_CV005777
58.00379048066376,0.3,A+B_conflict,bothFireAndSmoke_CV005782
95.05543249243031,0.8,A,bothFireAndSmoke_CV005784
120.82553932053936,0.3,A+B_conflict,bothFireAndSmoke_CV005803
123.53345097305943,0.6554572329313562,A+B,bothFireAndSmoke_CV005806
113.16031618620572,0.3,A+B_conflict,bothFireAndSmoke_CV005807
108.17870207289745,0.3,A+B_conflict,bothFireAndSmoke_CV005813
101.3917015476377,0.3,A+B_conflict,bothFireAndSmoke_CV005814
119.86852720612073,0.8,A,bothFireAndSmoke_CV005821
201.78855242233655,0.3,A+B_conflict,bothFireAndSmoke_CV005829
87.40230358260175,0.3,A+B_conflict,bothFireAndSmoke_CV005837
177.33259452408797,0.23456231342812595,A+B_conflict,bothFireAndSmoke_CV005851
0.5256630588479523,0.8,A,bothFireAndSmoke_CV005861
127.21510391223741,0.6852918238762387,A+B,bothFireAndSmoke_CV005867
104.5383135421331,0.3,A+B_conflict,bothFireAndSmoke_CV005875
146.52484107777093,0.3,A+B_conflict,bothFireAndSmoke_CV005877
46.118001378157665,0.6792064615346725,A+B,bothFireAndSmoke_CV005878
13.199474820760107,0.8,A,bothFireAndSmoke_CV005902
73.64013488827085,0.7837520353158165,A+B,bothFireAndSmoke_CV005906
343.8833102728932,0.8,A,bothFireAndSmoke_CV005908
72.13137282466369,0.3,A+B_conflict,bothFireAndSmoke_CV005909
88.1639582480585,0.4879753220405752,A+B,bothFireAndSmoke_CV005925
131.23328436320753,1.0,A+B,bothFireAndSmoke_CV005935
88.39436609346401,0.3,A+B_conflict,bothFireAndSmoke_CV005948
141.54754480110137,0.3,A+B_conflict,bothFireAndSmoke_CV005956
97.2301984740348,0.8435951927511945,A+B,bothFireAndSmoke_CV005957
37.79761968427884,0.3,A+B_conflict,bothFireAndSmoke_CV005964
44.33593390139047,0.3,A+B_conflict,bothFireAndSmoke_CV005969
88.12430980158541,0.6580696097261987,A+B,bothFireAndSmoke_CV005971
52.327757236529266,0.14406396639262836,A+B_conflict,bothFireAndSmoke_CV005972
145.01211317458151,0.1378599894557561,B,bothFireAndSmoke_CV005977
57.11706762764187,0.3,A+B_conflict,bothFireAndSmoke_CV005983
65.17633706029167,0.6656255308645642,A+B,bothFireAndSmoke_CV005995
112.66936933275073,0.3,A+B_conflict,bothFireAndSmoke_CV006012
64.02468796634787,0.2151809167222236,A+B_conflict,bothFireAndSmoke_CV006015
94.15957571481776,0.7318476622803197,A+B,bothFireAndSmoke_CV006016
124.1987162335404,0.19594521323896133,A+B_conflict,bothFireAndSmoke_CV006027
52.00449202220609,0.8278496762291879,A+B,bothFireAndSmoke_CV006043
66.81671437041696,0.8,A,bothFireAndSmoke_CV006063
135.59756931023776,0.3,A+B_conflict,bothFireAndSmoke_CV006066
102.35021617559072,1.0,A+B,bothFireAndSmoke_CV006070
166.1954723241874,0.3,A+B_conflict,bothFireAndSmoke_CV006095
179.10470642356708,0.3,A+B_conflict,bothFireAndSmoke_CV006101
44.05294799105476,0.6425298053396565,A+B,bothFireAndSmoke_CV006110
89.78750559596874,0.8,A,bothFireAndSmoke_CV006115
83.99086794518367,1.0,A+B,bothFireAndSmoke_CV006152
173.59725256383388,0.9995340229545485,A+B,bothFireAndSmoke_CV006157
88.22587113350927,0.48807274474319373,A+B,bothFireAndSmoke_CV006162
44.19732363473457,0.3,A+B_conflict,bothFireAndSmoke_CV006167
166.19942527157593,0.3,A+B_conflict,bothFireAndSmoke_CV006176
132.62684670118853,0.3,A+B_conflict,bothFireAndSmoke_CV006205
64.03849306538031,0.3,A+B_conflict,bothFireAndSmoke_CV006213
44.45262732007515,0.7036677474751969,A+B,bothFireAndSmoke_CV006216
67.87944202092497,0.7747840055075482,A+B,bothFireAndSmoke_CV006251
89.4556062444005,0.6321500935950851,A+B,bothFireAndSmoke_CV006253
58.12382211091969,0.5949646978828153,A+B,bothFireAndSmoke_CV006256
92.36100080539079,0.3,A+B_conflict,bothFireAndSmoke_CV006264
91.6307759453657,0.29391585884734456,A+B_conflict,bothFireAndSmoke_CV006270
108.67898789592097,0.6013096777716551,A+B,bothFireAndSmoke_CV006278
67.4248780945639,0.3,A+B_conflict,bothFireAndSmoke_CV006280
102.5029092073385,0.5821018629840091,A+B,bothFireAndSmoke_CV006281
156.28461924869777,0.5840872025037691,A+B,bothFireAndSmoke_CV006288
61.764170037875495,0.584917367490293,A+B,bothFireAndSmoke_CV006290
107.27356796855511,0.2794741678158718,A+B_conflict,bothFireAndSmoke_CV006293
104.50564118824151,0.8,A,bothFireAndSmoke_CV006310
87.66762663579276,0.3,A+B_conflict,bothFireAndSmoke_CV006311
84.44756457327316,0.3,A+B_conflict,bothFireAndSmoke_CV006381
134.9468764192103,0.3,A+B_conflict,bothFireAndSmoke_CV006396
17.67946998739078,0.6426152067213033,A+B,bothFireAndSmoke_CV006409
130.01739627336295,1.0,A+B,bothFireAndSmoke_CV006421
60.91459014156745,0.7640937398382708,A+B,bothFireAndSmoke_CV006439
8.671243097256774,0.8274300614696821,A+B,bothFireAndSmoke_CV006451
77.8263944003479,0.7900398902675554,A,bothFireAndSmoke_CV006452
187.1295533521658,0.3,A+B_conflict,bothFireAndSmoke_CV006455
111.38879717565659,0.3,A+B_conflict,bothFireAndSmoke_CV006459
71.8257134016492,0.3,A+B_conflict,bothFireAndSmoke_CV006461
82.79886708398227,0.3,A+B_conflict,bothFireAndSmoke_CV006467
78.45959545162951,0.7230652868101816,A+B,bothFireAndSmoke_CV006485
86.08281591386775,0.3,A+B_conflict,bothFireAndSmoke_CV006494
2.632716893950026,0.3,A+B_conflict,bothFireAndSmoke_CV006510
80.11022262757514,0.3,A+B_conflict,bothFireAndSmoke_CV006518
36.56127904409495,0.3,A+B_conflict,bothFireAndSmoke_CV006524
52.70689309703466,0.3,A+B_conflict,bothFireAndSmoke_CV006532
111.71943894591169,0.3,A+B_conflict,bothFireAndSmoke_CV006545
72.25787107091273,0.3,A+B_conflict,bothFireAndSmoke_CV006553
0.7759153092946482,0.2358130975169687,A+B_conflict,bothFireAndSmoke_CV006560
84.51390658930247,0.3,A+B_conflict,bothFireAndSmoke_CV006567
169.70485555169353,0.8,A,bothFireAndSmoke_CV006576
79.01643724951904,0.3,A+B_conflict,bothFireAndSmoke_CV006605
7.613985947323806,0.3,A+B_conflict,bothFireAndSmoke_CV006625
80.28327018504422,0.3,A+B_conflict,bothFireAndSmoke_CV006632
78.98381416938527,0.27103623890964657,A+B_conflict,bothFireAndSmoke_CV006646
66.04138692177096,0.8,A,bothFireAndSmoke_CV006650
130.18872595252142,0.8,A,bothFireAndSmoke_CV006667
133.23232743139778,0.18274852531948885,A+B_conflict,bothFireAndSmoke_CV006669
88.57532782978548,0.3,A+B_conflict,bothFireAndSmoke_CV006670
65.00817255742031,0.3,A+B_conflict,bothFireAndSmoke_CV006674
100.91188768641614,0.3,A+B_conflict,bothFireAndSmoke_CV006687
9.892278405791252,0.3,A+B_conflict,bothFireAndSmoke_CV006695
137.2374806696566,0.3,A+B_conflict,bothFireAndSmoke_CV006701
76.22543236071593,0.3,A+B_conflict,bothFireAndSmoke_CV006738
73.02255111153204,0.3,A+B_conflict,bothFireAndSmoke_CV006742
126.60806334428447,0.3,A+B_conflict,bothFireAndSmoke_CV006745
122.23305132528503,0.3,A+B_conflict,bothFireAndSmoke_CV006748
66.32374988674054,0.8,A,bothFireAndSmoke_CV006751
92.82190545705788,0.3,A+B_conflict,bothFireAndSmoke_CV006756
348.6091100932069,0.3,A+B_conflict,bothFireAndSmoke_CV006759
84.33331038449752,0.3,A+B_conflict,bothFireAndSmoke_CV006774
51.962597591623805,0.3,A+B_conflict,bothFireAndSmoke_CV006775
179.47981669746227,0.3,A+B_conflict,bothFireAndSmoke_CV006806
41.386573127085185,0.8,A,bothFireAndSmoke_CV006813
16.039556635270866,0.8,A,bothFireAndSmoke_CV006846
119.40547874874093,0.3,A+B_conflict,bothFireAndSmoke_CV006851
32.055795278978884,0.8,A,bothFireAndSmoke_CV006854
107.53696229458176,0.2621204127846533,A+B_conflict,bothFireAndSmoke_CV006855
356.1305284828199,1.0,A+B,bothFireAndSmoke_CV006857
115.43853621038544,0.7932170288051323,A+B,bothFireAndSmoke_CV006858
71.51134012127442,0.6649614316535272,A+B,bothFireAndSmoke_CV006865
107.64423205582025,0.29663090915215284,A+B_conflict,bothFireAndSmoke_CV006869
90.9722317652979,0.6088452750694546,A+B,bothFireAndSmoke_CV006870
166.2291962698333,0.3,A+B_conflict,bothFireAndSmoke_CV006875
90.00624186646645,0.28847278825757516,A+B_conflict,bothFireAndSmoke_CV006889
112.99040157036549,0.3,A+B_conflict,bothFireAndSmoke_CV006893
82.92106531841901,0.5789789191095718,A+B,bothFireAndSmoke_CV006895
108.06218376409161,0.2771766177863443,A+B_conflict,bothFireAndSmoke_CV006896
88.74359249331569,0.6602334761597355,A+B,bothFireAndSmoke_CV006918
96.48807335965019,0.7900514083511792,A+B,bothFireAndSmoke_CV006971
47.572933027394384,0.9874994078253833,A+B,bothFireAndSmoke_CV006978
121.94717034013172,0.3,A+B_conflict,bothFireAndSmoke_CV006982
102.96628245023315,0.3,A+B_conflict,bothFireAndSmoke_CV006990
62.37007232044379,0.5955688135498491,A+B,bothFireAndSmoke_CV006992
0.39057902727881233,0.3,A+B_conflict,bothFireAndSmoke_CV007005
104.53223351106699,0.8,A,bothFireAndSmoke_CV007007
73.46747717792555,0.6319889099574902,A+B,bothFireAndSmoke_CV007023
70.737357049618,0.684617779455182,A+B,bothFireAndSmoke_CV007029
124.0187083027771,0.3,A+B_conflict,bothFireAndSmoke_CV007031
0.5843932707212887,0.3,A+B_conflict,bothFireAndSmoke_CV007039
126.0772956710252,0.6674722046194996,A+B,bothFireAndSmoke_CV007041
83.37145245919066,0.3,A+B_conflict,bothFireAndSmoke_CV007048
102.21387400217175,0.8517843084989596,A+B,bothFireAndSmoke_CV007059
77.42553337800562,0.3,A+B_conflict,bothFireAndSmoke_CV007062
116.75066736339397,0.8,A,bothFireAndSmoke_CV007069
122.36884383565311,0.3,A+B_conflict,bothFireAndSmoke_CV007072
89.76263887513396,0.8,A,bothFireAndSmoke_CV007079
22.70129872868728,0.60690925261435,A+B,bothFireAndSmoke_CV007082
155.96087602376272,0.5861202105790106,A+B,bothFireAndSmoke_CV007090
66.04270324684653,0.3,A+B_conflict,bothFireAndSmoke_CV007092
70.18249412294072,0.6589263663393419,A+B,bothFireAndSmoke_CV007100
115.94661821417611,0.29554174174990727,A+B_conflict,bothFireAndSmoke_CV007106
185.32062631165135,0.8091717310701696,A+B,bothFireAndSmoke_CV007117
67.72116410416184,0.3,A+B_conflict,bothFireAndSmoke_CV007122
2.809336401256579,0.3,A+B_conflict,bothFireAndSmoke_CV007151
99.75925486276965,0.3,A+B_conflict,bothFireAndSmoke_CV007153
69.04129963371905,0.3,A+B_conflict,bothFireAndSmoke_CV007167
95.42119681492711,0.3,A+B_conflict,bothFireAndSmoke_CV007185
1.9539290216708722,0.3,A+B_conflict,bothFireAndSmoke_CV007191
104.86608527164236,0.3,A+B_conflict,bothFireAndSmoke_CV007205
37.80342007365636,0.3,A+B_conflict,bothFireAndSmoke_CV007228
89.44607407174038,0.21097060512535867,A+B_conflict,bothFireAndSmoke_CV007243
65.8924816615775,0.3,A+B_conflict,bothFireAndSmoke_CV007257
82.70564864740716,1.0,A+B,bothFireAndSmoke_CV007276
64.99870147289734,0.8,A,bothFireAndSmoke_CV007284
51.749257824729334,0.9960113431749662,A+B,bothFireAndSmoke_CV007294
195.59995401701204,0.7830255025964501,A+B,bothFireAndSmoke_CV007300
43.56090078099836,0.776900203698529,A+B,bothFireAndSmoke_CV007314
60.91723851149114,0.3,A+B_conflict,bothFireAndSmoke_CV007317
132.1676819674926,0.3,A+B_conflict,bothFireAndSmoke_CV007322
66.77091635709118,0.3,A+B_conflict,bothFireAndSmoke_CV007323
57.99874112130044,0.3,A+B_conflict,bothFireAndSmoke_CV007327
176.392657139175,0.8239241482334796,A+B,bothFireAndSmoke_CV007343
106.34753325356569,0.8,A,bothFireAndSmoke_CV007345
205.64180233475685,0.3,A+B_conflict,bothFireAndSmoke_CV007351
50.11066695813283,0.23804725730741405,A+B_conflict,bothFireAndSmoke_CV007361
118.88197799733817,0.3,A+B_conflict,bothFireAndSmoke_CV007369
178.02371299640944,0.3,A+B_conflict,bothFireAndSmoke_CV007374
135.76831585115923,0.3,A+B_conflict,bothFireAndSmoke_CV007390
66.07699175211515,0.3,A+B_conflict,bothFireAndSmoke_CV007396
66.27934020837856,0.5425387174594043,A,bothFireAndSmoke_CV007436
94.59571777494591,0.8,A,bothFireAndSmoke_CV007459
94.92365402246959,0.6635933079912573,A+B,bothFireAndSmoke_CV007462
40.14835940433792,0.3,A+B_conflict,bothFireAndSmoke_CV007467
102.88396615788584,0.3,A+B_conflict,bothFireAndSmoke_CV007468
114.15552889374665,0.3,A+B_conflict,bothFireAndSmoke_CV007476
92.19723250534986,0.8,A,bothFireAndSmoke_CV007488
51.32180696390339,0.8024000517349832,A+B,bothFireAndSmoke_CV007504
66.55049183033691,0.3,A+B_conflict,bothFireAndSmoke_CV007506
191.61890031977623,0.3,A+B_conflict,bothFireAndSmoke_CV007511
84.2322386423314,0.3,A+B_conflict,bothFireAndSmoke_CV007544
119.82951108354715,0.8,A,bothFireAndSmoke_CV007546
93.70147319113161,0.689463188653642,A+B,bothFireAndSmoke_CV007547
144.27737398760118,0.3,A+B_conflict,bothFireAndSmoke_CV007554
91.96267627086421,0.8,A,bothFireAndSmoke_CV007566
104.36666740440192,0.7054882988474895,A+B,bothFireAndSmoke_CV007590
330.81750436054114,0.8,A,bothFireAndSmoke_CV007617
114.06522044790648,0.8,A,bothFireAndSmoke_CV007619
79.369842053169,0.6114853398579937,A+B,bothFireAndSmoke_CV007621
59.88795916623703,0.7536639174811904,A+B,bothFireAndSmoke_CV007622
56.90192700649005,0.774758630737623,A+B,bothFireAndSmoke_CV007638
89.33915151225678,0.3,A+B_conflict,bothFireAndSmoke_CV007643
96.26372008716106,0.3,A+B_conflict,bothFireAndSmoke_CV007645
81.43381056221281,0.8,A,bothFireAndSmoke_CV007651
68.16288282409724,0.3,A+B_conflict,bothFireAndSmoke_CV007654
161.7578199700852,0.22463437344241668,A+B_conflict,bothFireAndSmoke_CV007664
49.3852136890925,0.6052684660889637,A+B,bothFireAndSmoke_CV007673
140.86791657555952,0.3,A+B_conflict,bothFireAndSmoke_CV007708
98.1020192961451,0.6467388479957045,A+B,bothFireAndSmoke_CV007714
114.72959655847768,0.8,A,bothFireAndSmoke_CV007720
135.03160159566443,1.0,A+B,bothFireAndSmoke_CV007723
111.60797123987726,0.3,A+B_conflict,bothFireAndSmoke_CV007744
89.93909511256466,0.8,A,bothFireAndSmoke_CV007750
96.09340351009354,0.8,A,bothFireAndSmoke_CV007769
141.85783173045039,0.3,A+B_conflict,bothFireAndSmoke_CV007770
129.14526634769868,1.0,A+B,bothFireAndSmoke_CV007773
78.90218230732434,1.0,A+B,bothFireAndSmoke_CV007778
95.42573344786557,0.7125670151839234,A,bothFireAndSmoke_CV007796
138.53742443518126,0.8,A,bothFireAndSmoke_CV007803
87.89154508982838,0.3,A+B_conflict,bothFireAndSmoke_CV007808
96.4711998280156,0.8,A,bothFireAndSmoke_CV007846
48.77053463386299,0.3,A+B_conflict,bothFireAndSmoke_CV007848
171.92411009974,0.712790323861255,A+B,bothFireAndSmoke_CV007880
78.27378372625395,0.9563622121491245,A+B,bothFireAndSmoke_CV007884
105.7442383330166,0.3,A+B_conflict,bothFireAndSmoke_CV007886
43.79234739668601,0.3,A+B_conflict,bothFireAndSmoke_CV007921
138.29096899127254,0.26526965035713795,A+B_conflict,bothFireAndSmoke_CV007930
145.00438407757176,0.6125843377579904,A+B,bothFireAndSmoke_CV007935
25.261877011215145,0.3,A+B_conflict,bothFireAndSmoke_CV007954
104.1078802404502,0.3,A+B_conflict,bothFireAndSmoke_CV007962
0.88131973620974,0.3,A+B_conflict,bothFireAndSmoke_CV007964
66.19681406691942,0.3,A+B_conflict,bothFireAndSmoke_CV007966
91.1715764183042,0.8,A,bothFireAndSmoke_CV007967
65.83717768346624,0.3,A+B_conflict,bothFireAndSmoke_CV007990
104.96515656507997,0.24794795944402484,A+B_conflict,bothFireAndSmoke_CV007999
62.949634794548935,0.8,A,bothFireAndSmoke_CV008016
67.45497969724465,0.3,A+B_conflict,bothFireAndSmoke_CV008020
67.72700650027102,0.3,A+B_conflict,bothFireAndSmoke_CV008032
81.95049628690424,0.7453382359020854,A+B,bothFireAndSmoke_CV008033
48.67874589012865,1.0,A+B,bothFireAndSmoke_CV008035
106.34733616785608,0.8,A,bothFireAndSmoke_CV008043
81.30395111670059,0.27407952442250966,A+B_conflict,bothFireAndSmoke_CV008047
107.50822156653702,0.8,A,bothFireAndSmoke_CV008056
36.63149935366172,0.3,A+B_conflict,bothFireAndSmoke_CV008072
105.81721895115527,0.5220287474877751,A+B,bothFireAndSmoke_CV008073
59.44613481058643,0.8,A,bothFireAndSmoke_CV008079
94.915474234115,0.711175493819973,A+B,bothFireAndSmoke_CV008081
102.44909104991936,0.9070544167388536,A+B,bothFireAndSmoke_CV008098
90.96574428170268,0.3,A+B_conflict,bothFireAndSmoke_CV008101
103.68158689681792,0.7054814060427506,A+B,bothFireAndSmoke_CV008105
58.817923963604265,0.8418181537032076,A+B,bothFireAndSmoke_CV008110
98.0058318736444,0.3,A+B_conflict,bothFireAndSmoke_CV008116
327.52563529946667,0.3,A+B_conflict,bothFireAndSmoke_CV008129
63.698380125598376,0.3,A+B_conflict,bothFireAndSmoke_CV008136
178.15114281936565,0.3,A+B_conflict,bothFireAndSmoke_CV008139
121.67320938717931,0.3,A+B_conflict,bothFireAndSmoke_CV008143
40.393707956532545,0.3,A+B_conflict,bothFireAndSmoke_CV008151
75.6051810556333,0.5986065342377922,A+B,bothFireAndSmoke_CV008154
67.93083658701653,0.8,A,bothFireAndSmoke_CV008162
41.5413538861594,0.3,A+B_conflict,bothFireAndSmoke_CV008170
143.87835741475746,0.3,A+B_conflict,bothFireAndSmoke_CV008174
61.14211409482574,0.3,A+B_conflict,bothFireAndSmoke_CV008187
126.61898344680074,0.3,A+B_conflict,bothFireAndSmoke_CV008198
161.74314567959786,0.2224927486108838,A+B_conflict,bothFireAndSmoke_CV008199
101.40604796766213,0.3,A+B_conflict,bothFireAndSmoke_CV008200
48.59314230877643,0.3,A+B_conflict,bothFireAndSmoke_CV008205
106.07074363939019,0.3,A+B_conflict,bothFireAndSmoke_CV008212
100.4144796930936,0.3,A+B_conflict,bothFireAndSmoke_CV008228
94.06534824569249,0.3,A+B_conflict,bothFireAndSmoke_CV008234
102.49574757239334,0.5821018629840091,A+B,bothFireAndSmoke_CV008261
63.314975976729954,0.6861744967246325,A+B,bothFireAndSmoke_CV008262
68.34264476489561,0.729792434552659,A+B,bothFireAndSmoke_CV008266
60.339054783414284,0.3,A+B_conflict,bothFireAndSmoke_CV008267
125.06046335450804,0.8,A,bothFireAndSmoke_CV008296
318.9861512537447,0.27348187595646717,A+B_conflict,bothFireAndSmoke_CV008299
132.71281997335362,0.3,A+B_conflict,bothFireAndSmoke_CV008300
142.71148467958594,0.3,A+B_conflict,bothFireAndSmoke_CV008311
84.34667054204732,0.3,A+B_conflict,bothFireAndSmoke_CV008325
53.26925718083672,0.3,A+B_conflict,bothFireAndSmoke_CV008335
126.50931827817845,0.3,A+B_conflict,bothFireAndSmoke_CV008352
92.19868742374888,0.8,A,bothFireAndSmoke_CV008354
93.42367322738431,0.3,A+B_conflict,bothFireAndSmoke_CV008363
44.51576870666016,0.3,A+B_conflict,bothFireAndSmoke_CV008366
52.78710987567682,0.9081078977550314,A+B,bothFireAndSmoke_CV008383
176.45279184220533,0.7736737591098393,A+B,bothFireAndSmoke_CV008397
92.55203168047667,0.3,A+B_conflict,bothFireAndSmoke_CV008412
131.3937156146427,0.2697933281877933,A+B_conflict,bothFireAndSmoke_CV008429
78.25405564751067,0.16976842317299393,A+B_conflict,bothFireAndSmoke_CV008448
143.5710500722764,0.6313826141499009,A,bothFireAndSmoke_CV008450
69.82856108051976,0.3,A+B_conflict,bothFireAndSmoke_CV008452
190.1939349142295,0.6557158041785051,A+B,bothFireAndSmoke_CV008454
97.29608512618492,0.3,A+B_conflict,bothFireAndSmoke_CV008461
64.45168554337769,0.8,A,bothFireAndSmoke_CV008462
103.27415672260447,0.3,A+B_conflict,bothFireAndSmoke_CV008466
105.4977539427799,0.3,A+B_conflict,bothFireAndSmoke_CV008504
114.54515845735304,0.7836762432111183,A+B,bothFireAndSmoke_CV008506
113.8118962667726,0.6851976770165025,A+B,bothFireAndSmoke_CV008510
65.96714520639053,0.3,A+B_conflict,bothFireAndSmoke_CV008515
31.50740958224071,0.3,A+B_conflict,bothFireAndSmoke_CV008517
0.7217236188967561,0.2709042061183031,A+B_conflict,bothFireAndSmoke_CV008525
84.97900652646612,0.3,A+B_conflict,bothFireAndSmoke_CV008532
153.82127938061058,0.3,A+B_conflict,bothFireAndSmoke_CV008539
70.3940728749152,0.8,A,bothFireAndSmoke_CV008543
95.11054960197734,0.6098631565144847,A+B,bothFireAndSmoke_CV008545
109.45483225204559,0.9510871243435286,A+B,bothFireAndSmoke_CV008558
140.731935215013,0.3,A+B_conflict,bothFireAndSmoke_CV008559
41.217055964882256,0.5177959457925969,A+B,bothFireAndSmoke_CV008564
173.0482515097493,0.3,A+B_conflict,bothFireAndSmoke_CV008565
89.52977719006708,0.8,A,bothFireAndSmoke_CV008572
137.7042894250715,0.3,A+B_conflict,bothFireAndSmoke_CV008579
135.46081828965964,0.7049136341212567,A+B,bothFireAndSmoke_CV008580
57.26456315487084,0.3,A+B_conflict,bothFireAndSmoke_CV008591
88.508805052566,0.3,A+B_conflict,bothFireAndSmoke_CV008605
101.86926210387693,0.3,A+B_conflict,bothFireAndSmoke_CV008607
85.32542159979204,0.3,A+B_conflict,bothFireAndSmoke_CV008611
177.3327717673734,0.3,A+B_conflict,bothFireAndSmoke_CV008615
85.34931063807383,0.3,A+B_conflict,bothFireAndSmoke_CV008620
89.00137163949204,0.3,A+B_conflict,bothFireAndSmoke_CV008633
187.80167889831245,0.10197673391689964,A+B_conflict,bothFireAndSmoke_CV008634
102.54806820409098,0.8,A,bothFireAndSmoke_CV008658
191.05462091389728,0.8,A,bothFireAndSmoke_CV008663
109.16046706252081,0.3,A+B_conflict,bothFireAndSmoke_CV008672
167.91331789350866,0.3,A+B_conflict,bothFireAndSmoke_CV008676
54.31326742749129,0.3,A+B_conflict,bothFireAndSmoke_CV008684
307.71666175577377,0.8,A,bothFireAndSmoke_CV008708
101.93818827844346,0.3,A+B_conflict,bothFireAndSmoke_CV008709
94.06666845299617,0.3,A+B_conflict,bothFireAndSmoke_CV008713
345.21379504014124,0.15909339949463178,A+B_conflict,bothFireAndSmoke_CV008730
168.44346043763204,0.5877866624352126,A+B,bothFireAndSmoke_CV008734
57.45326931600039,0.3,A+B_conflict,bothFireAndSmoke_CV008738
85.69419476575199,0.3,A+B_conflict,bothFireAndSmoke_CV008741
122.56018936387572,0.3,A+B_conflict,bothFireAndSmoke_CV008747
77.25125947221696,0.3,A+B_conflict,bothFireAndSmoke_CV008764
137.7828497048011,0.8,A,bothFireAndSmoke_CV008766
106.31239494843415,0.19367210078246225,A+B_conflict,bothFireAndSmoke_CV008768
99.85998505752138,0.3,A+B_conflict,bothFireAndSmoke_CV008769
107.2576743108682,0.3,A+B_conflict,bothFireAndSmoke_CV008796
127.30648852925364,0.3,A+B_conflict,bothFireAndSmoke_CV008803
102.07070466101072,0.3,A+B_conflict,bothFireAndSmoke_CV008816
58.010506707559266,0.3,A+B_conflict,bothFireAndSmoke_CV008823
73.38842475257776,0.8,A,bothFireAndSmoke_CV008833
119.65433243665827,0.7117990144586535,A+B,bothFireAndSmoke_CV008855
96.4609973712386,0.23250516591361925,A+B_conflict,bothFireAndSmoke_CV008858
97.04347754200298,0.8,A,bothFireAndSmoke_CV008863
30.651839017156952,1.0,A+B,bothFireAndSmoke_CV008864
128.70823696078122,0.3,A+B_conflict,bothFireAndSmoke_CV008871
91.65637996741904,0.8357382374371738,A+B,bothFireAndSmoke_CV008882
79.88022022873719,0.3,A+B_conflict,bothFireAndSmoke_CV008891
67.95562111412988,0.3,A+B_conflict,bothFireAndSmoke_CV008893
35.7677887181067,0.3,A+B_conflict,bothFireAndSmoke_CV008894
45.97165991525486,0.3,A+B_conflict,bothFireAndSmoke_CV008895
111.02559809529465,0.19595671186899158,A+B_conflict,bothFireAndSmoke_CV008924
114.07766780860254,0.8,A,bothFireAndSmoke_CV008925
126.84053413304635,0.8,A,bothFireAndSmoke_CV008936
127.98713613417648,1.0,A+B,bothFireAndSmoke_CV008950
130.66116159146532,0.8,A,bothFireAndSmoke_CV008953
112.08981515819085,0.3,A+B_conflict,bothFireAndSmoke_CV009018
155.3132404722454,0.2653865151713715,A+B_conflict,bothFireAndSmoke_CV009019
61.77126486419426,0.9125603821376088,A+B,bothFireAndSmoke_CV009037
133.39819051409307,0.3,A+B_conflict,bothFireAndSmoke_CV009050
69.81732733655812,0.3,A+B_conflict,bothFireAndSmoke_CV009065
93.8879038165484,0.3,A+B_conflict,bothFireAndSmoke_CV009070
58.97985520248278,0.7245687624617825,A+B,bothFireAndSmoke_CV009071
85.99526067558875,0.3,A+B_conflict,bothFireAndSmoke_CV009078
130.8910683473309,0.8,A,bothFireAndSmoke_CV009087
138.66442848715266,0.6173200195585753,A+B,bothFireAndSmoke_CV009100
43.22486032910853,0.3,A+B_conflict,bothFireAndSmoke_CV009116
95.01961154276765,0.6641710967839648,A+B,bothFireAndSmoke_CV009119
117.8939050881399,0.3,A+B_conflict,bothFireAndSmoke_CV009121
41.60313478003874,0.3,A+B_conflict,bothFireAndSmoke_CV009135
343.31825036792173,0.1595417865756694,A+B_conflict,bothFireAndSmoke_CV009139
36.56458968239213,0.3,A+B_conflict,bothFireAndSmoke_CV009144
22.48640715381108,0.3,A+B_conflict,bothFireAndSmoke_CV009165
44.951031600073435,0.3,A+B_conflict,bothFireAndSmoke_CV009166
135.07209694681822,1.0,A+B,bothFireAndSmoke_CV009174
143.14382060170064,0.3,A+B_conflict,bothFireAndSmoke_CV009175
69.22645398491679,0.6851136554386181,A+B,bothFireAndSmoke_CV009176
53.97032915215169,0.1827824613172652,A+B_conflict,bothFireAndSmoke_CV009186
137.00837080455187,0.3,A+B_conflict,bothFireAndSmoke_CV009199
106.60067039539402,0.2759651644124466,A+B_conflict,bothFireAndSmoke_CV009203
47.281512408851825,0.3,A+B_conflict,bothFireAndSmoke_CV009211
79.41035145607219,0.5752181348611657,A+B,bothFireAndSmoke_CV009213
179.23136281668639,0.3,A+B_conflict,bothFireAndSmoke_CV009214
1.4750681687316989,0.8,A,bothFireAndSmoke_CV009215
178.80799649149773,0.3,A+B_conflict,bothFireAndSmoke_CV009217
176.8490323575077,1.0,A+B,bothFireAndSmoke_CV009218
96.59629132309902,0.23466664496779907,A+B_conflict,bothFireAndSmoke_CV009221
58.00004393809823,0.5921678496838009,A+B,bothFireAndSmoke_CV009222
52.56588671424792,0.28377582655630795,A+B_conflict,bothFireAndSmoke_CV009223
44.010394128434825,0.6406513822744548,A+B,bothFireAndSmoke_CV009224
20.857910931475402,0.3,A+B_conflict,bothFireAndSmoke_CV009234
107.11657861759589,0.3,A+B_conflict,bothFireAndSmoke_CV009248
52.8717572542097,0.3,A+B_conflict,bothFireAndSmoke_CV009257
49.76744205018716,0.3,A+B_conflict,bothFireAndSmoke_CV009262
120.47748980274811,0.7675406590413256,A+B,bothFireAndSmoke_CV009265
122.0312620482575,1.0,A+B,bothFireAndSmoke_CV009266
100.81482285559152,0.7464635512134841,A+B,bothFireAndSmoke_CV009274
102.70337407215796,0.3,A+B_conflict,bothFireAndSmoke_CV009278
7.29262068089232,0.3,A+B_conflict,bothFireAndSmoke_CV009309
70.70209256476569,0.3,A+B_conflict,bothFireAndSmoke_CV009315
352.9554851632722,0.3,A+B_conflict,bothFireAndSmoke_CV009316
60.89399764123371,0.6046813159613601,A+B,bothFireAndSmoke_CV009319
51.321071448736156,0.8024000517349832,A+B,bothFireAndSmoke_CV009329
165.05724992827243,0.3,A+B_conflict,bothFireAndSmoke_CV009350
118.54280100699239,1.0,A+B,bothFireAndSmoke_CV009355
34.9000791268901,0.8,A,bothFireAndSmoke_CV009385
131.3539311043251,1.0,A+B,bothFireAndSmoke_CV009449
318.91018451115013,0.27398473645621874,A+B_conflict,bothFireAndSmoke_CV009460
74.11158939393765,0.3,A+B_conflict,bothFireAndSmoke_CV009462
60.66586980032312,0.7286062831581168,A+B,bothFireAndSmoke_CV009486
32.356611113370185,0.15506895682452834,A+B_conflict,bothFireAndSmoke_CV009487
69.44021918313855,0.3,A+B_conflict,bothFireAndSmoke_CV009499
153.13854831980365,0.3,A+B_conflict,bothFireAndSmoke_CV009570
56.96621310693125,0.3,A+B_conflict,bothFireAndSmoke_CV009588
46.476739352038585,0.3,A+B_conflict,bothFireAndSmoke_CV009590
75.73927630344984,1.0,A+B,bothFireAndSmoke_CV009610
347.23891528551974,0.8,A,bothFireAndSmoke_CV009613
105.20223669928714,0.3,A+B_conflict,bothFireAndSmoke_CV009614
144.0096045279002,0.3,A+B_conflict,bothFireAndSmoke_CV009616
137.8682069268299,0.3,A+B_conflict,bothFireAndSmoke_CV009621
109.7084641967296,0.3,A+B_conflict,bothFireAndSmoke_CV009624
138.08813330951608,0.6139175810079227,A,bothFireAndSmoke_CV009641
92.8068330731985,0.23237210998818375,A+B_conflict,bothFireAndSmoke_CV009649
180.24909906575834,0.3,A+B_conflict,bothFireAndSmoke_CV009679
159.86234954504886,0.6889703957458164,A+B,bothFireAndSmoke_CV009731
103.63433030608459,0.3,A+B_conflict,bothFireAndSmoke_CV009754
38.52918526472251,0.3,A+B_conflict,bothFireAndSmoke_CV009766
142.26025130457109,0.3,A+B_conflict,bothFireAndSmoke_CV009788
103.42910914198887,0.3,A+B_conflict,bothFireAndSmoke_CV009792
85.59671258835057,0.8,A,bothFireAndSmoke_CV009795
65.51752419823171,0.3,A+B_conflict,bothFireAndSmoke_CV009818
151.7934653295127,0.7172844445354543,A+B,bothFireAndSmoke_CV009835
47.16380437284232,1.0,A+B,bothFireAndSmoke_CV009842
158.82350240116787,0.3,A+B_conflict,bothFireAndSmoke_CV009856
62.998944028412424,0.3,A+B_conflict,bothFireAndSmoke_CV009864
83.61931816576023,0.3,A+B_conflict,bothFireAndSmoke_CV009865
114.26114287877807,0.5629008357544236,A+B,bothFireAndSmoke_CV009867
47.98895809911283,1.0,A+B,bothFireAndSmoke_CV009879
135.28427688060953,0.3,A+B_conflict,bothFireAndSmoke_CV009881
85.96094120758036,0.2876365249641823,A+B_conflict,bothFireAndSmoke_CV009888
120.4908746266005,0.6484406498097032,A+B,bothFireAndSmoke_CV009889
57.1885281965679,0.3,A+B_conflict,bothFireAndSmoke_CV009891
0.8246539490075575,0.3,A+B_conflict,bothFireAndSmoke_CV009895
102.3859994244183,0.8063779800575974,A+B,bothFireAndSmoke_CV009896
91.149309993065,0.2949602416813741,A+B_conflict,bothFireAndSmoke_CV009898
87.66559818224934,0.3,A+B_conflict,bothFireAndSmoke_CV009914
44.21225331089913,0.3,A+B_conflict,bothFireAndSmoke_CV009921
138.69414985378657,0.8,A,bothFireAndSmoke_CV009922
87.16110853282898,0.3,A+B_conflict,bothFireAndSmoke_CV009924
48.273324991849975,0.3,A+B_conflict,bothFireAndSmoke_CV009933
96.95886039069086,0.8,A,bothFireAndSmoke_CV009935
125.06003401018812,0.8,A,bothFireAndSmoke_CV009941
111.65720849010414,0.3,A+B_conflict,bothFireAndSmoke_CV009943
129.6274242016847,0.8,A,bothFireAndSmoke_CV009946
57.4755271876612,0.3,A+B_conflict,bothFireAndSmoke_CV009948
169.3115587154602,0.3,A+B_conflict,bothFireAndSmoke_CV009950
104.07143561758045,0.7630133238136075,A,bothFireAndSmoke_CV009952
172.04242694561538,0.7119101760985238,A+B,bothFireAndSmoke_CV009954
102.0392140845811,0.3,A+B_conflict,bothFireAndSmoke_CV009962
107.07230457119468,0.3,A+B_conflict,bothFireAndSmoke_CV009967
88.74058766121333,0.3,A+B_conflict,bothFireAndSmoke_CV009972
143.46093884377822,0.3,A+B_conflict,bothFireAndSmoke_CV009981
130.0980350482098,0.3,A+B_conflict,bothFireAndSmoke_CV009983
43.23475730616187,0.3,A+B_conflict,bothFireAndSmoke_CV009987
158.17095940138728,0.9945608881729316,A+B,bothFireAndSmoke_CV009988
96.25330209119187,0.3,A+B_conflict,bothFireAndSmoke_CV009994
34.8468219570498,0.5699724760627048,A+B,bothFireAndSmoke_CV010001
38.79408792115447,1.0,A+B,bothFireAndSmoke_CV010002
1.9535645445055225,0.3,A+B_conflict,bothFireAndSmoke_CV010015
146.44622085365512,0.3,A+B_conflict,bothFireAndSmoke_CV010018
66.67561075044068,0.3,A+B_conflict,bothFireAndSmoke_CV010022
111.32610593114005,0.3,A+B_conflict,bothFireAndSmoke_CV010031
113.88840773583769,0.3,A+B_conflict,bothFireAndSmoke_CV010034
139.02665475415222,0.6029724222819977,A+B,bothFireAndSmoke_CV010038
67.34129304301035,0.3,A+B_conflict,bothFireAndSmoke_CV010040
139.69060358064363,0.3,A+B_conflict,bothFireAndSmoke_CV010041
125.21523311914463,0.3,A+B_conflict,bothFireAndSmoke_CV010049
91.28990979619442,0.8,A,bothFireAndSmoke_CV010050
139.6745003799996,0.3,A+B_conflict,bothFireAndSmoke_CV010057
66.30069211386672,1.0,A+B,bothFireAndSmoke_CV010069
87.62162309753424,0.3,A+B_conflict,bothFireAndSmoke_CV010080
56.91153469547047,0.3,A+B_conflict,bothFireAndSmoke_CV010087
129.82373911251753,0.3,A+B_conflict,bothFireAndSmoke_CV010088
100.0705511877629,0.8,A,bothFireAndSmoke_CV010105
125.54197278360273,0.8,A,bothFireAndSmoke_CV010112
133.65424588077784,0.3,A+B_conflict,bothFireAndSmoke_CV010114
61.87841812118428,0.3,A+B_conflict,bothFireAndSmoke_CV010119
139.24447942190267,1.0,A+B,bothFireAndSmoke_CV010120
80.50237746049659,0.3,A+B_conflict,bothFireAndSmoke_CV010140
156.4588676517721,0.5721773905114946,A,bothFireAndSmoke_CV010159
100.99454239643532,1.0,A+B,bothFireAndSmoke_CV010183
118.45414419891549,0.9451319139231311,A+B,bothFireAndSmoke_CV010186
132.30150518208708,0.5509498316225254,A+B,bothFireAndSmoke_CV010264
134.89413876334586,0.38641318356501914,A+B,bothFireAndSmoke_CV010265
75.36758664728225,0.39576151806161586,A+B,bothFireAndSmoke_CV010270
29.58625952641612,0.48623482941116614,A,bothFireAndSmoke_CV010277
29.84581780280046,0.5520455423533437,A+B,bothFireAndSmoke_CV010285
155.96674242433212,0.3,A+B_conflict,bothFireAndSmoke_CV010301
145.12275505056783,0.3,A+B_conflict,bothFireAndSmoke_CV010304
147.68281732254889,0.8547241856820613,A+B,bothFireAndSmoke_CV010305
141.61025003548644,0.597032839489644,A+B,bothFireAndSmoke_CV010306
197.356418309117,0.3,A+B_conflict,bothFireAndSmoke_CV010339
196.98544638033982,0.3,A+B_conflict,bothFireAndSmoke_CV010340
49.96846963703732,0.3,A+B_conflict,bothFireAndSmoke_CV010390
56.64278725083937,0.3,A+B_conflict,bothFireAndSmoke_CV010393
102.83032212217164,0.3,A+B_conflict,bothFireAndSmoke_CV010397
53.78390592351128,0.3,A+B_conflict,bothFireAndSmoke_CV010401
32.3514428312717,0.1556085601473993,A+B_conflict,bothFireAndSmoke_CV010407
22.82173532814709,0.8,A,bothFireAndSmoke_CV010411
130.50593583995652,0.272110602109468,A+B_conflict,bothFireAndSmoke_CV010417
69.86903642037868,0.3,A+B_conflict,bothFireAndSmoke_CV010423
56.134384362049225,0.12437817718331523,A+B_conflict,bothFireAndSmoke_CV010424
83.36834027408902,0.1908814053959866,A+B_conflict,bothFireAndSmoke_CV010425
121.61048285316556,0.9393816456369903,A+B,bothFireAndSmoke_CV010427
74.45695716598148,0.6214686890341724,A+B,bothFireAndSmoke_CV010432
199.1903277620084,0.8720091081603044,A+B,bothFireAndSmoke_CV010438
216.15874479112728,0.3,A+B_conflict,bothFireAndSmoke_CV010441
46.849995997596636,0.9906922498165973,A+B,bothFireAndSmoke_CV010453
144.72890772688064,0.3,A+B_conflict,bothFireAndSmoke_CV010455
58.32311768148215,0.8,A,bothFireAndSmoke_CV010458
133.76549326053316,0.3,A+B_conflict,bothFireAndSmoke_CV010461
140.74649878013818,0.3,A+B_conflict,bothFireAndSmoke_CV010481
64.63342429280587,0.8,A,bothFireAndSmoke_CV010500
98.93592313956616,0.5740796811914153,A+B,bothFireAndSmoke_CV010514
153.47308292187395,0.26039614084185275,A+B_conflict,bothFireAndSmoke_CV010558
129.9338811650117,0.5807041403604581,A+B,bothFireAndSmoke_CV010561
180.6387647315116,0.3,A+B_conflict,bothFireAndSmoke_CV010565
121.9160724438841,0.3,A+B_conflict,bothFireAndSmoke_CV010575
96.5124062372437,0.3,A+B_conflict,bothFireAndSmoke_CV010578
48.76650303426435,0.743395811624558,A+B,bothFireAndSmoke_CV010593
74.3223443869432,0.8,A,bothFireAndSmoke_CV010615
50.966935306976836,0.3,A+B_conflict,bothFireAndSmoke_CV010623
215.29113568344366,0.28369069335228786,A+B_conflict,bothFireAndSmoke_CV010630
104.68812250230746,0.3,A+B_conflict,bothFireAndSmoke_CV010632
79.69590313074937,0.3,A+B_conflict,bothFireAndSmoke_CV010635
134.38343573419502,0.3,A+B_conflict,bothFireAndSmoke_CV010636
75.99081857169948,0.3,A+B_conflict,bothFireAndSmoke_CV010641
118.46131382620878,1.0,A+B,bothFireAndSmoke_CV010642
69.78168110896594,0.3,A+B_conflict,bothFireAndSmoke_CV010652
77.34959095701754,0.3,A+B_conflict,bothFireAndSmoke_CV010653
96.28577086854109,0.3,A+B_conflict,bothFireAndSmoke_CV010658
62.743084005866315,0.8,A,bothFireAndSmoke_CV010661
160.81914225679137,0.611754212492275,A+B,bothFireAndSmoke_CV010666
57.69894093212403,0.3,A+B_conflict,bothFireAndSmoke_CV010685
73.57149203706047,0.3,A+B_conflict,bothFireAndSmoke_CV010698
164.15477206062457,0.8,A,bothFireAndSmoke_CV010704
185.5101789082766,0.10485202934657252,A+B_conflict,bothFireAndSmoke_CV010724
79.63621069551577,0.5914860824798922,A+B,bothFireAndSmoke_CV010754
137.68092109382982,0.8,A,bothFireAndSmoke_CV010755
42.02747786914899,0.3,A+B_conflict,bothFireAndSmoke_CV010765
27.837772659211755,0.3,A+B_conflict,bothFireAndSmoke_CV010777
72.77491768033242,0.8,A,bothFireAndSmoke_CV010788
74.62194451019975,0.8,A,bothFireAndSmoke_CV010798
103.42839099727398,0.3,A+B_conflict,bothFireAndSmoke_CV010800
86.24110077234847,0.8319498582678476,A+B,bothFireAndSmoke_CV010810
99.5512556873561,0.8,A,bothFireAndSmoke_CV010811
98.20283488705134,0.5785860629001565,A+B,bothFireAndSmoke_CV010829
1.827069389821376,0.3,A+B_conflict,bothFireAndSmoke_CV010833
139.33270132029693,0.3,A+B_conflict,bothFireAndSmoke_CV010842
44.677401278049665,0.6899888200205,A+B,bothFireAndSmoke_CV010859
139.6115797744643,0.6658039130976943,A+B,bothFireAndSmoke_CV010883
183.22194650855897,0.09900331661540819,A+B_conflict,bothFireAndSmoke_CV010898
65.28839156974503,0.6621334085941277,A+B,bothFireAndSmoke_CV010904
89.54103792962854,0.3,A+B_conflict,bothFireAndSmoke_CV010923
119.72248037503525,0.8432787342373098,A+B,bothFireAndSmoke_CV010951
106.14318205790497,0.6000156961022207,A+B,bothFireAndSmoke_CV010955
100.3165404068946,0.634854510581286,A+B,bothFireAndSmoke_CV010956
115.70762120202637,0.9820600454195468,A+B,bothFireAndSmoke_CV010960
130.6381617449122,0.7789760956431353,A+B,bothFireAndSmoke_CV010961
102.18901370222812,0.7374199667276911,A+B,bothFireAndSmoke_CV010962
149.08266647541038,0.3,A+B_conflict,bothFireAndSmoke_CV010965
102.97901609505172,0.8700357847126218,A+B,bothFireAndSmoke_CV010971
110.30172802952605,0.6308607983268031,A+B,bothFireAndSmoke_CV010974
148.37363040571142,1.0,A+B,bothFireAndSmoke_CV010978
103.31169999871221,0.3,A+B_conflict,bothFireAndSmoke_CV010982
128.8515856097926,0.681844103798215,A+B,bothFireAndSmoke_CV010983
112.2996499709239,0.3,A+B_conflict,bothFireAndSmoke_CV010990
119.29503444476265,0.3,A+B_conflict,bothFireAndSmoke_CV010992
110.46392576746122,0.3939382608577788,A,bothFireAndSmoke_CV010999
99.31908123770722,0.3,A+B_conflict,bothFireAndSmoke_CV011006
125.77111482100736,0.5630276421575848,A+B,bothFireAndSmoke_CV011008
129.32484553622692,0.7828229052893152,A+B,bothFireAndSmoke_CV011010
121.30358420188435,0.3,A+B_conflict,bothFireAndSmoke_CV011012
125.78002259679523,0.6426439009476301,A+B,bothFireAndSmoke_CV011017
104.2146762639587,0.8914983720096514,A+B,bothFireAndSmoke_CV011020
90.66701854280511,0.3,A+B_conflict,bothFireAndSmoke_CV011022
103.67843293392383,0.7473596045084167,A+B,bothFireAndSmoke_CV011024
99.81621441235507,0.7521167824076689,A+B,bothFireAndSmoke_CV011032
100.53083541216068,0.6749407203581066,A+B,bothFireAndSmoke_CV011035
47.29081567967867,0.6983966685657754,A,bothFireAndSmoke_CV011042
79.69956972687183,0.8184389630773972,A+B,bothFireAndSmoke_CV011043
95.237749974972,0.3,A+B_conflict,bothFireAndSmoke_CV011045
98.55035968807161,0.6779886822194789,A+B,bothFireAndSmoke_CV011049
104.03075648091273,0.7762909188604047,A+B,bothFireAndSmoke_CV011050
101.73732421226173,0.9562066101706553,A+B,bothFireAndSmoke_CV011054
116.5499344220224,0.3,A+B_conflict,bothFireAndSmoke_CV011055
132.64267094204087,0.28566903293322626,A+B_conflict,bothFireAndSmoke_CV011063
113.17656008762883,0.3,A+B_conflict,bothFireAndSmoke_CV011065
102.40660707546343,0.8867629464024984,A+B,bothFireAndSmoke_CV011068
102.88151752302993,0.8793600185422765,A+B,bothFireAndSmoke_CV011071
124.41216278252354,1.0,A+B,bothFireAndSmoke_CV011074
79.37516204438931,0.8750582358642637,A+B,bothFireAndSmoke_CV011077
103.57683369696906,0.8309996874985908,A+B,bothFireAndSmoke_CV011078
171.44024171524757,0.15729457604442357,A+B_conflict,bothFireAndSmoke_CV011088
114.34191462190022,0.3,A+B_conflict,bothFireAndSmoke_CV011098
132.16629864281552,0.3,A+B_conflict,bothFireAndSmoke_CV011101
101.60185978877074,0.8786776668662741,A+B,bothFireAndSmoke_CV011103
92.61526273762735,0.7143413507549091,A+B,bothFireAndSmoke_CV011104
126.48622459219084,0.8597783160179137,A+B,bothFireAndSmoke_CV011109
77.83694814531871,0.8244813936922334,A+B,bothFireAndSmoke_CV011113
124.86806623291264,0.902057039752914,A+B,bothFireAndSmoke_CV011114
127.88922795166914,0.9127666425611024,A+B,bothFireAndSmoke_CV011115
98.69034557867066,0.8587197905826182,A+B,bothFireAndSmoke_CV011119
124.01640014465464,0.9442178845423601,A+B,bothFireAndSmoke_CV011121
103.42495756109268,0.9755076528127747,A+B,bothFireAndSmoke_CV011128
96.88286112875319,0.9021528266201528,A+B,bothFireAndSmoke_CV011129
98.97622160991715,1.0,A+B,bothFireAndSmoke_CV011132
99.09430573271047,0.838188372616326,A+B,bothFireAndSmoke_CV011156
110.81109327323873,0.8,A,bothFireAndSmoke_CV011159
94.0828747178057,0.8,A,bothFireAndSmoke_CV011160
97.8192377549059,0.3,A+B_conflict,bothFireAndSmoke_CV011164
86.49067198751804,0.3,A+B_conflict,bothFireAndSmoke_CV011166
102.34457595623957,1.0,A+B,bothFireAndSmoke_CV011169
108.77971358096744,0.8834872493406851,A+B,bothFireAndSmoke_CV011170
104.8699431111035,0.5873898716890533,A+B,bothFireAndSmoke_CV011171
126.52235210859348,0.8674278655686218,A+B,bothFireAndSmoke_CV011181
121.44174664299833,0.9239840857078779,A+B,bothFireAndSmoke_CV011182
99.87094735653815,0.8749766041676257,A+B,bothFireAndSmoke_CV011183
128.5672423393686,0.6403912301690785,A+B,bothFireAndSmoke_CV011186
125.01537924282867,1.0,A+B,bothFireAndSmoke_CV011191
100.20162913894896,0.9385108862818652,A+B,bothFireAndSmoke_CV011200
118.45309534890073,0.3,A+B_conflict,bothFireAndSmoke_CV011202
97.75327109639368,0.6170050576228276,A+B,bothFireAndSmoke_CV011203
127.93443860196447,0.6917079351477038,A+B,bothFireAndSmoke_CV011208
97.23694061900028,0.8194189896289139,A+B,bothFireAndSmoke_CV011210
95.17733080012057,0.5488405658091835,A+B,bothFireAndSmoke_CV011213
119.49972719776163,0.8721673062996844,A+B,bothFireAndSmoke_CV011214
102.99230846406682,0.8633125475388558,A+B,bothFireAndSmoke_CV011218
132.17638897498375,0.607257833927293,A+B,bothFireAndSmoke_CV011219
119.04667664926735,0.6024481751837697,A+B,bothFireAndSmoke_CV011220
93.84084707822213,0.8731877501782299,A+B,bothFireAndSmoke_CV011221
130.6615482782457,0.8582508312091963,A+B,bothFireAndSmoke_CV011224
116.17105045803405,1.0,A+B,bothFireAndSmoke_CV011228
70.91790740356882,0.8,A,bothFireAndSmoke_CV011233
91.86693342872357,0.8,A,bothFireAndSmoke_CV011243
95.08441606273168,0.6726734955587677,A+B,bothFireAndSmoke_CV011244
118.77311182911835,0.8550244414339834,A+B,bothFireAndSmoke_CV011246
125.41466231529276,0.7929223852454698,A+B,bothFireAndSmoke_CV011248
94.27529264660255,0.8,A,bothFireAndSmoke_CV011249
110.47832879601312,0.3,A+B_conflict,bothFireAndSmoke_CV011250
102.77058931265093,0.7786521003646978,A+B,bothFireAndSmoke_CV011251
48.63866515853902,0.9949466539090213,A+B,bothFireAndSmoke_CV011253
121.44477555625461,0.9074888928977508,A+B,bothFireAndSmoke_CV011254
130.06126857125025,0.8,A,bothFireAndSmoke_CV011255
107.82481195696491,0.3,A+B_conflict,bothFireAndSmoke_CV011260
90.79014582154697,0.3,A+B_conflict,bothFireAndSmoke_CV011261
106.32906835752082,1.0,A+B,bothFireAndSmoke_CV011262
83.05103264112603,0.3,A+B_conflict,bothFireAndSmoke_CV011263
69.94399776411426,0.8,A,bothFireAndSmoke_CV011265
125.35967688565054,0.735152332678428,A+B,bothFireAndSmoke_CV011266
67.06349208031254,0.5722733900327133,A+B,bothFireAndSmoke_CV011267
130.6471452754136,0.8836160925855073,A+B,bothFireAndSmoke_CV011268
74.70477871393942,0.8094021520267412,A+B,bothFireAndSmoke_CV011272
120.00808635289927,0.2884078759439734,A+B_conflict,bothFireAndSmoke_CV011281
106.39938617063262,0.3,A+B_conflict,bothFireAndSmoke_CV011283
79.45379068378242,0.7290927520332702,A+B,bothFireAndSmoke_CV011285
111.01799314662458,0.3,A+B_conflict,bothFireAndSmoke_CV011287
128.050497579052,0.6356709608536892,A+B,bothFireAndSmoke_CV011292
127.45696138826696,0.6181963671872989,A+B,bothFireAndSmoke_CV011294
83.32785584647233,0.3,A+B_conflict,bothFireAndSmoke_CV011298
130.3031095365646,0.3,A+B_conflict,bothFireAndSmoke_CV011299
123.46780085398915,0.7107338024144734,A+B,bothFireAndSmoke_CV011301
121.46168811290372,0.29513456292836715,A+B_conflict,bothFireAndSmoke_CV011303
102.43922363222735,0.3,A+B_conflict,bothFireAndSmoke_CV011307
137.7988813185472,0.8,A,bothFireAndSmoke_CV011311
124.77992210025393,0.7850098471406699,A+B,bothFireAndSmoke_CV011314
121.76758100321949,0.9747490986536543,A+B,bothFireAndSmoke_CV011315
96.72669126042152,0.921585288465784,A+B,bothFireAndSmoke_CV011317
98.0112921883294,0.8058936171688547,A+B,bothFireAndSmoke_CV011320
116.99378879340777,0.3,A+B_conflict,bothFireAndSmoke_CV011324
109.1338383431665,1.0,A+B,bothFireAndSmoke_CV011332
129.02458452828668,0.7779733401372986,A+B,bothFireAndSmoke_CV011333
91.64569585934387,0.3,A+B_conflict,bothFireAndSmoke_CV011339
72.83909400953941,0.8269060191876497,A+B,bothFireAndSmoke_CV011348
105.74336123691343,0.8072801728492669,A+B,bothFireAndSmoke_CV011350
131.27530019434317,0.8487216870683756,A+B,bothFireAndSmoke_CV011351
99.20940585713397,0.8585042239655434,A+B,bothFireAndSmoke_CV011352
76.78630006390136,0.8,A,bothFireAndSmoke_CV011353
79.90356645854234,0.7404571199896517,A+B,bothFireAndSmoke_CV011354
122.25914530328673,0.8501432777176177,A+B,bothFireAndSmoke_CV011355
124.13027554978977,0.8059375833594782,A+B,bothFireAndSmoke_CV011364
76.42537941380503,0.8371016294730236,A+B,bothFireAndSmoke_CV011366
70.72170725572735,0.7408516426213428,A+B,bothFireAndSmoke_CV011372
104.11904579100522,0.8580741358261097,A+B,bothFireAndSmoke_CV011373
111.83396802776448,0.8,A,bothFireAndSmoke_CV011376
115.84976412136486,0.617638841273947,A+B,bothFireAndSmoke_CV011377
129.88206079396258,0.3,A+B_conflict,bothFireAndSmoke_CV011380
87.13408165970742,0.3,A+B_conflict,bothFireAndSmoke_CV011385
73.3109702789074,0.8,A,bothFireAndSmoke_CV011392
118.04556253604514,0.6579907575700039,A+B,bothFireAndSmoke_CV011394
102.63406002941122,0.9944297840839376,A+B,bothFireAndSmoke_CV011397
143.37098267547123,0.3,A+B_conflict,bothFireAndSmoke_CV011399
126.10874823478746,0.8,A,bothFireAndSmoke_CV011407
105.26349243213532,0.3,A+B_conflict,bothFireAndSmoke_CV011411
113.20964154273736,0.3,A+B_conflict,bothFireAndSmoke_CV011413
97.70563701358118,0.7499032278788755,A+B,bothFireAndSmoke_CV011415
127.55533146550742,0.6365631829546354,A+B,bothFireAndSmoke_CV011416
129.96136378266127,0.7130425194885321,A+B,bothFireAndSmoke_CV011421
66.04872129419657,0.8,A,bothFireAndSmoke_CV011424
91.72749979998923,0.3,A+B_conflict,bothFireAndSmoke_CV011426
76.93742257892319,0.8,A,bothFireAndSmoke_CV011427
124.53590675276847,0.9325231773936178,A+B,bothFireAndSmoke_CV011429
126.11434692401924,0.712644621747375,A+B,bothFireAndSmoke_CV011432
94.77235661942035,0.951907910007098,A+B,bothFireAndSmoke_CV011435
123.77600180082888,0.6793423782604497,A+B,bothFireAndSmoke_CV011438
105.91579143883632,0.3,A+B_conflict,bothFireAndSmoke_CV011441
96.0342231806612,0.28619420459255435,A+B_conflict,bothFireAndSmoke_CV011442
99.13402458289175,0.9851552715181509,A+B,bothFireAndSmoke_CV011449
102.59609628647725,0.9157667265676847,A+B,bothFireAndSmoke_CV011452
97.58087558726255,0.7725359365035391,A+B,bothFireAndSmoke_CV011455
78.07637852374408,0.8,A,bothFireAndSmoke_CV011458
128.9109995143826,0.8349625543147972,A+B,bothFireAndSmoke_CV011459
106.28580234146844,0.3,A+B_conflict,bothFireAndSmoke_CV011460
96.84452221150036,0.3,A+B_conflict,bothFireAndSmoke_CV011462
101.87375685623984,1.0,A+B,bothFireAndSmoke_CV011463
127.65619668548047,0.3,A+B_conflict,bothFireAndSmoke_CV011470
118.00591795617191,0.3,A+B_conflict,bothFireAndSmoke_CV011479
122.13829262216268,0.8823072411951279,A+B,bothFireAndSmoke_CV011486
122.0109475901448,0.8221523553633372,A+B,bothFireAndSmoke_CV011487
101.71586008828908,0.3,A+B_conflict,bothFireAndSmoke_CV011492
101.5921065251625,0.974848417239323,A+B,bothFireAndSmoke_CV011500
128.8726010245359,0.8228462013830646,A+B,bothFireAndSmoke_CV011501
116.41576294712208,0.857472275192091,A+B,bothFireAndSmoke_CV011506
101.43532819378851,0.8288121951717713,A+B,bothFireAndSmoke_CV011509
125.20258913108412,1.0,A+B,bothFireAndSmoke_CV011511
76.98191396957492,0.9055569567706918,A+B,bothFireAndSmoke_CV011513
79.69620074759123,0.7966050190574063,A+B,bothFireAndSmoke_CV011515
96.88062163726342,0.906740922607005,A+B,bothFireAndSmoke_CV011516
124.14093366997692,0.6924661622548504,A+B,bothFireAndSmoke_CV011524
101.67515458085882,0.8312830233996182,A+B,bothFireAndSmoke_CV011530
126.64732676396672,0.7563550769013859,A+B,bothFireAndSmoke_CV011531
103.5839736367643,0.3,A+B_conflict,bothFireAndSmoke_CV011534
117.30898091294816,0.8,A,bothFireAndSmoke_CV011537
82.32149427107802,0.3,A+B_conflict,bothFireAndSmoke_CV011545
231.51613351420903,0.3,A+B_conflict,bothFireAndSmoke_CV011548
83.34992571549978,0.3,A+B_conflict,bothFireAndSmoke_CV011551
99.09943601991462,0.7463752033083046,A+B,bothFireAndSmoke_CV011554
104.70059455002817,0.3,A+B_conflict,bothFireAndSmoke_CV011559
133.32770604071567,0.7526147393317548,A+B,bothFireAndSmoke_CV011560
106.83958931363804,0.5776056668378237,A+B,bothFireAndSmoke_CV011563
122.01598444660088,0.9433982135402623,A+B,bothFireAndSmoke_CV011564
69.56349187532831,0.7762781664658829,A+B,bothFireAndSmoke_CV011574
81.57053139306984,0.8,A,bothFireAndSmoke_CV011575
93.77196064177248,0.9287958647656699,A+B,bothFireAndSmoke_CV011581
97.15920352133743,1.0,A+B,bothFireAndSmoke_CV011584
136.46135912501876,0.6863267013458809,A+B,bothFireAndSmoke_CV011585
122.78665983476967,0.2963086603282356,A+B_conflict,bothFireAndSmoke_CV011586
112.66566070634236,0.3,A+B_conflict,bothFireAndSmoke_CV011592
105.72154895002673,1.0,A+B,bothFireAndSmoke_CV011596
100.19079007407302,0.6919098536630965,A+B,bothFireAndSmoke_CV011597
105.36673956600272,0.8098274372196488,A+B,bothFireAndSmoke_CV011604
75.83413786472588,0.3,A+B_conflict,bothFireAndSmoke_CV011606
103.69084003803077,0.8545742952167157,A+B,bothFireAndSmoke_CV011608
92.2754791292287,0.3,A+B_conflict,bothFireAndSmoke_CV011617
82.90255902041542,0.9472875841534135,A+B,bothFireAndSmoke_CV011623
134.88883917997939,0.842239403330972,A+B,bothFireAndSmoke_CV011628
99.62948466404383,0.9428169571921263,A+B,bothFireAndSmoke_CV011630
122.76918067052893,0.3,A+B_conflict,bothFireAndSmoke_CV011633
71.97552990823974,0.6091240699551957,A+B,bothFireAndSmoke_CV011638
118.18076340064566,0.3,A+B_conflict,bothFireAndSmoke_CV011641
73.5947556259644,0.8,A,bothFireAndSmoke_CV011645
103.13651653469852,0.7264722210148391,A+B,bothFireAndSmoke_CV011647
91.65277115090275,0.3,A+B_conflict,bothFireAndSmoke_CV011649
113.48034084314972,0.3,A+B_conflict,bothFireAndSmoke_CV011651
102.9364838322009,0.825226989125067,A+B,bothFireAndSmoke_CV011652
99.07155888020733,1.0,A+B,bothFireAndSmoke_CV011654
84.45663759767224,0.9735414500555917,A+B,bothFireAndSmoke_CV011662
105.12461530478859,0.8405779295656206,A+B,bothFireAndSmoke_CV011665
81.43035892062095,0.3,A+B_conflict,bothFireAndSmoke_CV011668
100.7627191670307,0.8779535629524226,A+B,bothFireAndSmoke_CV011670
74.57909582620711,0.8,A,bothFireAndSmoke_CV011672
105.21343650696815,0.3,A+B_conflict,bothFireAndSmoke_CV011676
98.6554675033407,0.9131827899813876,A+B,bothFireAndSmoke_CV011679
155.80428988288412,0.3,A+B_conflict,bothFireAndSmoke_CV011680
122.58078804168234,0.7686278085852039,A+B,bothFireAndSmoke_CV011683
68.60282865229428,0.8,A,bothFireAndSmoke_CV011685
104.56834067500556,0.7711233316572501,A+B,bothFireAndSmoke_CV011688
129.2551250941059,0.600421597171674,A+B,bothFireAndSmoke_CV011694
101.24896205495685,0.3,A+B_conflict,bothFireAndSmoke_CV011698
100.00602524530123,0.5968851455701976,A+B,bothFireAndSmoke_CV011703
97.9176369249285,0.8,A,bothFireAndSmoke_CV011704
70.92022877843382,0.7039343291179679,A+B,bothFireAndSmoke_CV011718
95.1727304973048,0.6305886792380159,A+B,bothFireAndSmoke_CV011726
101.04418161924556,0.3,A+B_conflict,bothFireAndSmoke_CV011733
96.69980809379892,0.8971646726064955,A+B,bothFireAndSmoke_CV011736
101.03078968568389,0.9382636946508928,A+B,bothFireAndSmoke_CV011738
99.27712677636762,0.9765988373538859,A+B,bothFireAndSmoke_CV011743
46.75063607501643,0.6703628139477913,A,bothFireAndSmoke_CV011746
123.2262283034511,0.9826675544937034,A+B,bothFireAndSmoke_CV011751
177.70683474448893,0.3,A+B_conflict,bothFireAndSmoke_CV011754
87.46068518493912,0.8,A,bothFireAndSmoke_CV011756
100.38761476260116,0.8084073058194112,A+B,bothFireAndSmoke_CV011758
107.90589065339236,0.6118697058928376,A+B,bothFireAndSmoke_CV011760
106.14380855928785,0.3,A+B_conflict,bothFireAndSmoke_CV011761
114.80471664455116,0.6481060604174389,A+B,bothFireAndSmoke_CV011763
97.68206074113404,0.7885864893357977,A+B,bothFireAndSmoke_CV011766
72.9745429256291,0.8242156795269979,A+B,bothFireAndSmoke_CV011770
101.89285470463294,0.7006467825881233,A+B,bothFireAndSmoke_CV011771
79.6777846654704,0.7826017309134459,A+B,bothFireAndSmoke_CV011774
116.30247242967425,0.3,A+B_conflict,bothFireAndSmoke_CV011777
81.79103871432066,0.9238326139510804,A+B,bothFireAndSmoke_CV011783
116.74487926485425,0.3,A+B_conflict,bothFireAndSmoke_CV011784
93.71155767151483,0.6285241292756905,A+B,bothFireAndSmoke_CV011786
45.987241539693464,0.3,A+B_conflict,bothFireAndSmoke_CV011790
174.42407826251252,0.7784499397410807,A,bothFireAndSmoke_CV011797
98.00836113541861,0.7441084356991274,A+B,bothFireAndSmoke_CV011799
84.61027044849898,0.3,A+B_conflict,bothFireAndSmoke_CV011802
104.1231906754647,0.5901600719582107,A+B,bothFireAndSmoke_CV011807
78.80010807628805,0.569483846233785,A+B,bothFireAndSmoke_CV011814
102.06002386060679,1.0,A+B,bothFireAndSmoke_CV011817
104.81884589706364,0.3,A+B_conflict,bothFireAndSmoke_CV011824
124.34624758215259,0.9617227787233709,A+B,bothFireAndSmoke_CV011829
110.35967126887628,0.9489937847315492,A+B,bothFireAndSmoke_CV011832
118.91533001144096,0.8723787778817014,A+B,bothFireAndSmoke_CV011833
80.09721535898682,0.5804423981538168,A+B,bothFireAndSmoke_CV011834
95.83506367957338,0.8,A,bothFireAndSmoke_CV011835
104.25936148771622,0.8736695389798319,A+B,bothFireAndSmoke_CV011836
101.19280689199222,0.8444343527282026,A+B,bothFireAndSmoke_CV011843
176.0440374722815,0.723061895270261,A,bothFireAndSmoke_CV011844
83.6500020329182,0.8,A,bothFireAndSmoke_CV011845
82.57849131646078,0.9025468547456952,A+B,bothFireAndSmoke_CV011846
72.23370258168721,0.8238218180844596,A+B,bothFireAndSmoke_CV011848
95.15996732407503,0.6358952391488006,A+B,bothFireAndSmoke_CV011850
78.12924415670493,0.8,A,bothFireAndSmoke_CV011855
102.03248888134299,0.8659589966537553,A+B,bothFireAndSmoke_CV011856
98.65609812045473,0.3,A+B_conflict,bothFireAndSmoke_CV011866
79.77706689700146,0.5742453656869385,A+B,bothFireAndSmoke_CV011867
108.56965951239873,0.906168182350545,A+B,bothFireAndSmoke_CV011869
125.05644099729096,1.0,A+B,bothFireAndSmoke_CV011870
83.61166856661696,0.3,A+B_conflict,bothFireAndSmoke_CV011871
108.04565527924277,0.3,A+B_conflict,bothFireAndSmoke_CV011873
124.87977963432546,0.7142490537574766,A+B,bothFireAndSmoke_CV011875
76.70198954490849,0.8,A,bothFireAndSmoke_CV011878
73.38126274367052,0.8,A,bothFireAndSmoke_CV011882
105.78958029501119,0.3,A+B_conflict,bothFireAndSmoke_CV011885
101.44401263791663,1.0,A+B,bothFireAndSmoke_CV011890
101.52920479022293,1.0,A+B,bothFireAndSmoke_CV011891
101.13843786126282,0.8385809969801474,A+B,bothFireAndSmoke_CV011894
114.09848755478781,0.28895211348679534,A+B_conflict,bothFireAndSmoke_CV011895
118.95595322588697,0.28351821780575653,A+B_conflict,bothFireAndSmoke_CV011898
106.4417817051448,1.0,A+B,bothFireAndSmoke_CV011902
104.67782025978595,0.3,A+B_conflict,bothFireAndSmoke_CV011910
127.63687740249264,0.26454056188292135,A+B_conflict,bothFireAndSmoke_CV011917
100.42082409359097,0.8077829392212825,A+B,bothFireAndSmoke_CV011918
119.92560312709715,0.723097765014007,A+B,bothFireAndSmoke_CV011921
126.88318302274413,0.9515836471033939,A+B,bothFireAndSmoke_CV011922
100.79672249185813,0.9987157279494213,A+B,bothFireAndSmoke_CV011923
93.956035072808,0.7806412911686802,A+B,bothFireAndSmoke_CV011927
133.30577783286094,0.7781013060327475,A+B,bothFireAndSmoke_CV011928
95.98261308430334,0.6250833370613107,A+B,bothFireAndSmoke_CV011929
108.22597288527004,0.29261426788938605,A+B_conflict,bothFireAndSmoke_CV011933
103.94296811184387,1.0,A+B,bothFireAndSmoke_CV011934
116.91089832245514,0.3,A+B_conflict,bothFireAndSmoke_CV011939
81.06400792984918,0.3,A+B_conflict,bothFireAndSmoke_CV011941
99.93897520402336,0.7586310256195029,A+B,bothFireAndSmoke_CV011944
173.28468523595922,0.68209013048682,A,bothFireAndSmoke_CV011946
131.05821340481862,0.8,A,bothFireAndSmoke_CV011947
335.96106331395015,0.3,A+B_conflict,bothFireAndSmoke_CV011948
339.8739323137219,0.3,A+B_conflict,bothFireAndSmoke_CV011951
104.27048800084533,0.588627672307149,A+B,bothFireAndSmoke_CV011955
64.65699454840157,0.3,A+B_conflict,bothFireAndSmoke_CV011956
103.62989898517736,0.3,A+B_conflict,bothFireAndSmoke_CV011958
125.96030495665714,0.6051121712810141,A+B,bothFireAndSmoke_CV011959
75.13238554532845,0.8,A,bothFireAndSmoke_CV011960
101.38358338886806,0.3,A+B_conflict,bothFireAndSmoke_CV011963
129.98269466833852,1.0,A+B,bothFireAndSmoke_CV011965
105.21855904576871,0.3,A+B_conflict,bothFireAndSmoke_CV011966
176.88979921910826,0.8,A,bothFireAndSmoke_CV011967
331.7576698626017,0.3,A+B_conflict,bothFireAndSmoke_CV011968
122.6650684774685,0.8,A,bothFireAndSmoke_CV011969
330.2388385792955,0.3,A+B_conflict,bothFireAndSmoke_CV011972
129.07410393292795,0.8,A,bothFireAndSmoke_CV011973
75.16641033578337,0.8,A,bothFireAndSmoke_CV011975
341.81278227095754,0.3,A+B_conflict,bothFireAndSmoke_CV011977
120.07727429981242,0.8,A,bothFireAndSmoke_CV011980
331.6034813787421,0.3,A+B_conflict,bothFireAndSmoke_CV011981
106.78712506414658,0.3,A+B_conflict,bothFireAndSmoke_CV011982
102.62696290002931,0.3,A+B_conflict,bothFireAndSmoke_CV011985
101.29381623121643,0.3,A+B_conflict,bothFireAndSmoke_CV011987
325.4351381853263,0.3,A+B_conflict,bothFireAndSmoke_CV011988
79.77294033188345,0.8,A,bothFireAndSmoke_CV011992
346.09621784644696,0.3,A+B_conflict,bothFireAndSmoke_CV011994
78.10504370271278,0.8,A,bothFireAndSmoke_CV011995
102.43938913910038,0.6319086625800001,A+B,bothFireAndSmoke_CV011997
347.0373442649029,0.3,A+B_conflict,bothFireAndSmoke_CV012000
127.45841256969977,0.8,A,bothFireAndSmoke_CV012003
107.04735735668794,0.3,A+B_conflict,bothFireAndSmoke_CV012004
332.676362335848,0.3,A+B_conflict,bothFireAndSmoke_CV012005
117.05211303872935,0.6172569863114,A+B,bothFireAndSmoke_CV012006
125.80655025834707,0.3,A+B_conflict,bothFireAndSmoke_CV012009
128.41171595027637,0.8,A,bothFireAndSmoke_CV012010
84.39212485077708,0.3,A+B_conflict,bothFireAndSmoke_CV012016
101.28842681975374,0.3,A+B_conflict,bothFireAndSmoke_CV012017
341.91431999199125,0.3,A+B_conflict,bothFireAndSmoke_CV012018
102.68767128941143,0.3,A+B_conflict,bothFireAndSmoke_CV012021
107.39732135353741,0.3,A+B_conflict,bothFireAndSmoke_CV012028
99.74568085962386,0.8,A,bothFireAndSmoke_CV012029
344.0103506865827,0.3,A+B_conflict,bothFireAndSmoke_CV012038
96.05232523261904,0.3,A+B_conflict,bothFireAndSmoke_CV012047
133.39144399789657,0.8,A,bothFireAndSmoke_CV012048
329.77099452613606,0.3,A+B_conflict,bothFireAndSmoke_CV012050
102.5027182165701,0.3,A+B_conflict,bothFireAndSmoke_CV012052
77.27455276330028,0.9700207078578031,A+B,bothFireAndSmoke_CV012055
73.65418783788888,0.3,A+B_conflict,bothFireAndSmoke_CV012056
105.37752051592958,0.3,A+B_conflict,bothFireAndSmoke_CV012057
1.8976439910945035,0.8,A,bothFireAndSmoke_CV012058
115.83639217580486,0.6145613230923836,A+B,bothFireAndSmoke_CV012060
80.03810522532606,0.8,A,bothFireAndSmoke_CV012063
102.24527308698015,0.3,A+B_conflict,bothFireAndSmoke_CV012064
132.23992152615367,0.8,A,bothFireAndSmoke_CV012066
107.44763464034602,0.3,A+B_conflict,bothFireAndSmoke_CV012071
333.55175149581737,0.3,A+B_conflict,bothFireAndSmoke_CV012074
98.6694835142563,0.3,A+B_conflict,bothFireAndSmoke_CV012078
101.42799339630581,0.3,A+B_conflict,bothFireAndSmoke_CV012085
98.24052917536858,0.8,A,bothFireAndSmoke_CV012086
98.03056114624006,0.3,A+B_conflict,bothFireAndSmoke_CV012087
173.88423542644395,0.3,A+B_conflict,bothFireAndSmoke_CV012091
104.22099397563419,0.3,A+B_conflict,bothFireAndSmoke_CV012097
328.0950052983034,0.3,A+B_conflict,bothFireAndSmoke_CV012099
76.83296983061709,0.8,A,bothFireAndSmoke_CV012107
100.75621475751527,0.3,A+B_conflict,bothFireAndSmoke_CV012109
107.90837624059294,0.3,A+B_conflict,bothFireAndSmoke_CV012110
126.49540441520382,0.8,A,bothFireAndSmoke_CV012115
126.76370733759367,0.8,A,bothFireAndSmoke_CV012116
75.3313078608632,0.8,A,bothFireAndSmoke_CV012120
169.1971555596406,0.7211933157842814,A,bothFireAndSmoke_CV012127
100.25620200647157,0.3,A+B_conflict,bothFireAndSmoke_CV012128
100.9506587772434,0.3,A+B_conflict,bothFireAndSmoke_CV012129
71.33016700640474,0.3,A+B_conflict,bothFireAndSmoke_CV012135
131.89524993285758,0.8,A,bothFireAndSmoke_CV012141
345.35643726150624,0.3,A+B_conflict,bothFireAndSmoke_CV012142
105.83592116767922,0.3,A+B_conflict,bothFireAndSmoke_CV012146
115.82098743501841,0.628253586232511,A+B,bothFireAndSmoke_CV012147
103.46990532020611,0.3,A+B_conflict,bothFireAndSmoke_CV012148
131.0553219302091,0.8,A,bothFireAndSmoke_CV012154
121.11529558923401,0.5742662838523767,A+B,bothFireAndSmoke_CV012158
102.5922211420051,0.3,A+B_conflict,bothFireAndSmoke_CV012167
78.7468533859665,0.8,A,bothFireAndSmoke_CV012171
105.5253060284486,0.3,A+B_conflict,bothFireAndSmoke_CV012176
103.85310616411073,0.3,A+B_conflict,bothFireAndSmoke_CV012180
122.69198046616654,0.8,A,bothFireAndSmoke_CV012181
96.13901320229336,0.3,A+B_conflict,bothFireAndSmoke_CV012188
124.573301806017,0.8,A,bothFireAndSmoke_CV012190
109.11590419786253,0.8,A,bothFireAndSmoke_CV012206
125.80735332497763,0.3,A+B_conflict,bothFireAndSmoke_CV012210
70.19834556375983,0.8,A,bothFireAndSmoke_CV012212
132.7722026422946,0.3,A+B_conflict,bothFireAndSmoke_CV012213
132.2042157630079,0.3,A+B_conflict,bothFireAndSmoke_CV012215
76.73147225467402,0.8,A,bothFireAndSmoke_CV012217
122.56103632657438,0.6304408561631863,A+B,bothFireAndSmoke_CV012219
81.96184555807272,0.3,A+B_conflict,bothFireAndSmoke_CV012223
99.29539774844298,0.3,A+B_conflict,bothFireAndSmoke_CV012226
96.50211045737188,0.8,A,bothFireAndSmoke_CV012233
336.85231295218193,0.3,A+B_conflict,bothFireAndSmoke_CV012240
110.25737850451253,0.3,A+B_conflict,bothFireAndSmoke_CV012242
77.41923534060926,0.9000130439416374,A+B,bothFireAndSmoke_CV012243
130.73850052071262,0.5627889814501528,A+B,bothFireAndSmoke_CV012247
76.42993047670394,0.9696882020915145,A+B,bothFireAndSmoke_CV012254
121.73737528625331,0.5987454340597764,A+B,bothFireAndSmoke_CV012256
162.30647307663705,0.5182954084763041,A,bothFireAndSmoke_CV012264
75.11376589470702,0.3,A+B_conflict,bothFireAndSmoke_CV012265
103.04919936740255,0.3,A+B_conflict,bothFireAndSmoke_CV012269
123.27685291652834,0.3,A+B_conflict,bothFireAndSmoke_CV012277
139.4000827626214,0.8,A,bothFireAndSmoke_CV012283
122.83859391308616,0.5884854086865925,A+B,bothFireAndSmoke_CV012289
111.39804410423284,0.3,A+B_conflict,bothFireAndSmoke_CV012292
160.30281325936284,0.6942050290608943,A,bothFireAndSmoke_CV012298
91.04288326839345,0.3,A+B_conflict,bothFireAndSmoke_CV012305
174.46276826919268,0.6257273205525646,B,bothFireAndSmoke_CV012306
164.9395846796551,0.5729535063725034,A,bothFireAndSmoke_CV012307
131.90915311686518,0.8,A,bothFireAndSmoke_CV012309
73.03630143327214,0.3,A+B_conflict,bothFireAndSmoke_CV012312
100.86786559153393,0.3,A+B_conflict,bothFireAndSmoke_CV012314
98.27694241981409,0.5628898422117425,A+B,bothFireAndSmoke_CV012317
79.88687074404216,0.3,A+B_conflict,bothFireAndSmoke_CV012319
344.4390699302945,0.3,A+B_conflict,bothFireAndSmoke_CV012321
64.7472549843444,0.8590096515939225,A+B,bothFireAndSmoke_CV012322
131.9403317844722,0.8,A,bothFireAndSmoke_CV012323
105.67631061892844,0.3,A+B_conflict,bothFireAndSmoke_CV012331
172.00314887190413,0.409219424826047,A,bothFireAndSmoke_CV012333
101.21971545056839,0.3,A+B_conflict,bothFireAndSmoke_CV012337
68.7980395418462,0.8,A,bothFireAndSmoke_CV012338
105.62808157365939,0.3,A+B_conflict,bothFireAndSmoke_CV012348
135.07552723438147,0.8,A,bothFireAndSmoke_CV012350
349.78642256484653,0.3,A+B_conflict,bothFireAndSmoke_CV012351
78.66152221357656,0.8,A,bothFireAndSmoke_CV012356
94.8822119547142,0.3,A+B_conflict,bothFireAndSmoke_CV012360
82.59383841456177,0.7028959018425197,A+B,bothFireAndSmoke_CV012361
102.82809205859637,0.3,A+B_conflict,bothFireAndSmoke_CV012371
103.29692394244937,0.8,A,bothFireAndSmoke_CV012372
80.81360428107907,0.3,A+B_conflict,bothFireAndSmoke_CV012376
119.31936523502641,0.8,A,bothFireAndSmoke_CV012382
344.2590800447259,0.3,A+B_conflict,bothFireAndSmoke_CV012386
130.25491217191887,0.8,A,bothFireAndSmoke_CV012387
103.64728743465315,0.6461436470966466,A+B,bothFireAndSmoke_CV012393
327.5220604133554,0.3,A+B_conflict,bothFireAndSmoke_CV012394
65.12673782229545,0.3,A+B_conflict,bothFireAndSmoke_CV012395
101.13645547521939,0.3,A+B_conflict,bothFireAndSmoke_CV012404
328.9412562530389,0.3,A+B_conflict,bothFireAndSmoke_CV012405
343.6293879312423,0.3,A+B_conflict,bothFireAndSmoke_CV012410
127.10540544644395,0.8,A,bothFireAndSmoke_CV012411
155.30901059547972,0.7085849826096642,A,bothFireAndSmoke_CV012414
9.533373875207968,0.22370764468926166,B,bothFireAndSmoke_CV012425
81.51045776369695,0.29383154589182364,A+B_conflict,bothFireAndSmoke_CV012426
103.85407617651465,0.3,A+B_conflict,bothFireAndSmoke_CV012432
159.40011031537915,0.8,A,bothFireAndSmoke_CV012438
102.35509374250105,0.3,A+B_conflict,bothFireAndSmoke_CV012442
103.30684892710579,0.3,A+B_conflict,bothFireAndSmoke_CV012443
100.21406264235121,0.3,A+B_conflict,bothFireAndSmoke_CV012453
99.20321986595336,0.3,A+B_conflict,bothFireAndSmoke_CV012456
97.08961254662813,0.3,A+B_conflict,bothFireAndSmoke_CV012460
75.24228553961991,0.8,A,bothFireAndSmoke_CV012466
72.39122848939914,0.8,A,bothFireAndSmoke_CV012472
326.1202060326919,0.3,A+B_conflict,bothFireAndSmoke_CV012476
100.6869962646892,0.3,A+B_conflict,bothFireAndSmoke_CV012477
106.82551780711115,0.3,A+B_conflict,bothFireAndSmoke_CV012478
102.91832808325843,0.3,A+B_conflict,bothFireAndSmoke_CV012479
133.76679182972924,0.8,A,bothFireAndSmoke_CV012480
123.53873206126516,0.6441239744289915,A+B,bothFireAndSmoke_CV012484
70.5088647040517,0.5639684009182193,A+B,bothFireAndSmoke_CV012485
97.66769652613047,0.3,A+B_conflict,bothFireAndSmoke_CV012492
129.55687487168018,0.8,A,bothFireAndSmoke_CV012495
330.19912506042334,0.3,A+B_conflict,bothFireAndSmoke_CV012498
101.60537163097108,0.6278315845730504,A+B,bothFireAndSmoke_CV012501
100.98037886796513,0.3,A+B_conflict,bothFireAndSmoke_CV012504
99.31563949700335,0.3,A+B_conflict,bothFireAndSmoke_CV012506
103.05698181560498,0.3,A+B_conflict,bothFireAndSmoke_CV012507
122.88911111643507,0.5696051943956721,A+B,bothFireAndSmoke_CV012508
77.08302563101722,0.9060925508438592,A+B,bothFireAndSmoke_CV012511
218.1246413302159,0.6976949897262129,A,bothFireAndSmoke_CV012513
330.5723283589757,0.3,A+B_conflict,bothFireAndSmoke_CV012514
108.86726495615626,0.3,A+B_conflict,bothFireAndSmoke_CV012519
343.49930404682175,0.3,A+B_conflict,bothFireAndSmoke_CV012520
97.88409911979183,0.3,A+B_conflict,bothFireAndSmoke_CV012521
102.14905862242195,0.3,A+B_conflict,bothFireAndSmoke_CV012523
133.824613605036,0.8,A,bothFireAndSmoke_CV012526
114.94708959096886,0.8,A,bothFireAndSmoke_CV012529
134.05304938815337,0.8,A,bothFireAndSmoke_CV012530
105.04191769865962,0.3,A+B_conflict,bothFireAndSmoke_CV012532
107.53258340643924,0.6533958632584149,A+B,bothFireAndSmoke_CV012533
67.68729911840124,0.8,A,bothFireAndSmoke_CV012534
104.2282449443477,0.3,A+B_conflict,bothFireAndSmoke_CV012537
346.513891284924,0.3,A+B_conflict,bothFireAndSmoke_CV012538
112.14809947767141,0.3,A+B_conflict,bothFireAndSmoke_CV012539
122.7022218856207,0.8,A,bothFireAndSmoke_CV012540
131.61649309779656,0.3,A+B_conflict,bothFireAndSmoke_CV012541
129.0222375846182,0.3,A+B_conflict,bothFireAndSmoke_CV012543
130.0521164816695,0.8,A,bothFireAndSmoke_CV012544
344.4501605190549,0.3,A+B_conflict,bothFireAndSmoke_CV012545
99.96978583083818,0.8,A,bothFireAndSmoke_CV012546
92.66446833817942,0.2908222771496749,A+B_conflict,bothFireAndSmoke_CV012550
105.67243024441817,0.3,A+B_conflict,bothFireAndSmoke_CV012553
338.7539739978933,0.3,A+B_conflict,bothFireAndSmoke_CV012555
83.39528512714566,0.29152765745315584,A+B_conflict,bothFireAndSmoke_CV012557
328.3085800612687,0.3,A+B_conflict,bothFireAndSmoke_CV012558
96.56661661198757,0.3,A+B_conflict,bothFireAndSmoke_CV012560
136.75111852479318,0.8,A,bothFireAndSmoke_CV012563
107.94053777429968,0.6098171570264939,A+B,bothFireAndSmoke_CV012564
101.23767990660349,0.3,A+B_conflict,bothFireAndSmoke_CV012565
332.6506132339555,0.3,A+B_conflict,bothFireAndSmoke_CV012567
101.70498005550112,0.3,A+B_conflict,bothFireAndSmoke_CV012570
84.31415369817579,0.3,A+B_conflict,bothFireAndSmoke_CV012573
128.77257694827685,0.8,A,bothFireAndSmoke_CV012574
98.50406170853103,0.8,A,bothFireAndSmoke_CV012575
131.2671500847008,0.3,A+B_conflict,bothFireAndSmoke_CV012577
331.0525719558762,0.3,A+B_conflict,bothFireAndSmoke_CV012580
341.07821928268277,0.3,A+B_conflict,bothFireAndSmoke_CV012586
101.6681675478784,0.3,A+B_conflict,bothFireAndSmoke_CV012588
134.28480827042432,0.8,A,bothFireAndSmoke_CV012590
344.3473565210446,0.3,A+B_conflict,bothFireAndSmoke_CV012595
167.72829630708094,0.710354394901533,A,bothFireAndSmoke_CV012597
102.1650405904462,0.3,A+B_conflict,bothFireAndSmoke_CV012598
112.97400167207545,0.3,A+B_conflict,bothFireAndSmoke_CV012600
103.83632337569674,0.3,A+B_conflict,bothFireAndSmoke_CV012601
108.72418608274525,0.3,A+B_conflict,bothFireAndSmoke_CV012602
86.11671717266377,0.3,A+B_conflict,bothFireAndSmoke_CV012605
76.58530988025885,0.9296367343086158,A+B,bothFireAndSmoke_CV012608
84.03822797280054,0.3,A+B_conflict,bothFireAndSmoke_CV012615
343.97131020516196,0.3,A+B_conflict,bothFireAndSmoke_CV012623
131.75090469403628,0.8,A,bothFireAndSmoke_CV012634
73.59552373688983,0.8,A,bothFireAndSmoke_CV012638
101.34045740631016,0.3,A+B_conflict,bothFireAndSmoke_CV012639
128.53143484565175,0.8,A,bothFireAndSmoke_CV012648
343.9349783308156,0.3,A+B_conflict,bothFireAndSmoke_CV012656
103.03685719717686,0.3,A+B_conflict,bothFireAndSmoke_CV012658
127.77866595883337,0.8,A,bothFireAndSmoke_CV012659
337.4967403696777,0.3,A+B_conflict,bothFireAndSmoke_CV012660
337.1871707130361,0.3,A+B_conflict,bothFireAndSmoke_CV012662
76.40413020366638,0.8,A,bothFireAndSmoke_CV012664
331.8389381645304,0.3,A+B_conflict,bothFireAndSmoke_CV012666
98.35832337250817,0.8,A,bothFireAndSmoke_CV012667
107.93138998678117,0.3,A+B_conflict,bothFireAndSmoke_CV012674
100.03951940087127,0.3,A+B_conflict,bothFireAndSmoke_CV012675
97.06228167775623,0.3,A+B_conflict,bothFireAndSmoke_CV012680
75.76270525849874,0.9583173538461527,A+B,bothFireAndSmoke_CV012684
100.48018135540653,0.3,A+B_conflict,bothFireAndSmoke_CV012685
135.5825745117813,0.8,A,bothFireAndSmoke_CV012696
353.3586269823109,0.3,A+B_conflict,bothFireAndSmoke_CV012698
109.73135282791765,0.6014983450621837,A+B,bothFireAndSmoke_CV012699
88.51497409590831,0.3,A+B_conflict,bothFireAndSmoke_CV012704
339.6168525079304,0.3,A+B_conflict,bothFireAndSmoke_CV012706
131.89927796606264,0.3,A+B_conflict,bothFireAndSmoke_CV012722
102.077150487517,0.3,A+B_conflict,bothFireAndSmoke_CV012723
132.25303065737575,0.8,A,bothFireAndSmoke_CV012724
94.37541157735473,0.3,A+B_conflict,bothFireAndSmoke_CV012729
118.59077021100723,0.3,A+B_conflict,bothFireAndSmoke_CV012730
121.78668385214485,0.5807501458115949,A+B,bothFireAndSmoke_CV012750
336.99253958198085,0.3,A+B_conflict,bothFireAndSmoke_CV012752
332.19682417520863,0.3,A+B_conflict,bothFireAndSmoke_CV012754
76.93502154094993,0.8,A,bothFireAndSmoke_CV012761
127.23425613657015,0.5804652491567209,A+B,bothFireAndSmoke_CV012762
105.61440749768029,0.3,A+B_conflict,bothFireAndSmoke_CV012766
98.60857090824457,0.3,A+B_conflict,bothFireAndSmoke_CV012767
75.74759338726302,0.3,A+B_conflict,bothFireAndSmoke_CV012769
131.35556600021033,0.3,A+B_conflict,bothFireAndSmoke_CV012772
127.29897517565192,0.5864460468512307,A+B,bothFireAndSmoke_CV012781
343.7034519903182,0.3,A+B_conflict,bothFireAndSmoke_CV012787
339.4918393665864,0.3,A+B_conflict,bothFireAndSmoke_CV012795
123.60789714592799,0.99541915435021,A+B,bothFireAndSmoke_CV012797
99.31491407427147,0.3,A+B_conflict,bothFireAndSmoke_CV012801
134.30433958779108,0.8,A,bothFireAndSmoke_CV012802
77.96331148931708,0.8,A,bothFireAndSmoke_CV012808
102.51464322436989,0.3,A+B_conflict,bothFireAndSmoke_CV012809
64.95882714458367,0.3,A+B_conflict,bothFireAndSmoke_CV012815
345.6471632095978,0.3,A+B_conflict,bothFireAndSmoke_CV012816
25.02339748466659,0.3,A+B_conflict,bothFireAndSmoke_CV012818
75.3947400447248,0.8,A,bothFireAndSmoke_CV012824
104.80857831067371,0.3,A+B_conflict,bothFireAndSmoke_CV012826
346.19540146226115,0.3,A+B_conflict,bothFireAndSmoke_CV012827
98.31481981770216,0.8,A,bothFireAndSmoke_CV012830
121.69290357336845,0.6624422790565017,A+B,bothFireAndSmoke_CV012839
99.3250490307776,0.3,A+B_conflict,bothFireAndSmoke_CV012861
109.03126766541986,0.5772765796103528,A+B,bothFireAndSmoke_CV012863
62.7457005099777,0.3,A+B_conflict,bothFireAndSmoke_CV012865
102.67261601769984,0.3,A+B_conflict,bothFireAndSmoke_CV012871
117.34935252065388,0.6878295501759262,A+B,bothFireAndSmoke_CV012874
343.6793661015182,0.3,A+B_conflict,bothFireAndSmoke_CV012875
132.56401018226356,0.3,A+B_conflict,bothFireAndSmoke_CV012879
109.04682084713713,0.7125744209153957,A+B,bothFireAndSmoke_CV012881
73.07112194064096,0.3,A+B_conflict,bothFireAndSmoke_CV012883
332.9732821117275,0.3,A+B_conflict,bothFireAndSmoke_CV012885
137.5839559613085,0.8,A,bothFireAndSmoke_CV012886
337.1261112268959,0.3,A+B_conflict,bothFireAndSmoke_CV012888
96.59340534259115,0.3,A+B_conflict,bothFireAndSmoke_CV012893
334.64903695766094,0.3,A+B_conflict,bothFireAndSmoke_CV012894
332.6720986690378,0.3,A+B_conflict,bothFireAndSmoke_CV012895
129.07424339095482,0.5761665179862123,A+B,bothFireAndSmoke_CV012897
73.06752009779065,0.3,A+B_conflict,bothFireAndSmoke_CV012898
104.30786447002002,0.3,A+B_conflict,bothFireAndSmoke_CV012902
103.57388020870562,0.6142979595829872,A+B,bothFireAndSmoke_CV012903
107.92867179145618,0.3,A+B_conflict,bothFireAndSmoke_CV012908
100.46217689583989,0.3,A+B_conflict,bothFireAndSmoke_CV012912
101.46999772444065,0.2981071797091018,A+B_conflict,bothFireAndSmoke_CV012914
129.27383033198242,0.8,A,bothFireAndSmoke_CV012915
98.06415713642666,0.3,A+B_conflict,bothFireAndSmoke_CV012916
48.314318361740376,0.8594914904920307,A+B,bothFireAndSmoke_CV012917
128.58029975347446,0.8,A,bothFireAndSmoke_CV012918
340.8521375982087,0.3,A+B_conflict,bothFireAndSmoke_CV012922
108.64827195196365,0.3,A+B_conflict,bothFireAndSmoke_CV012923
128.9274276611775,0.3,A+B_conflict,bothFireAndSmoke_CV012924
349.0144050881917,0.3,A+B_conflict,bothFireAndSmoke_CV012928
101.87391097973958,0.3,A+B_conflict,bothFireAndSmoke_CV012929
101.00752257034576,0.3,A+B_conflict,bothFireAndSmoke_CV012932
357.2719703075351,0.29381751911297094,A+B_conflict,bothFireAndSmoke_CV012933
76.61986888466132,0.3,A+B_conflict,bothFireAndSmoke_CV012934
115.94093412896413,0.5872910398762959,A+B,bothFireAndSmoke_CV012939
330.84011794220334,0.3,A+B_conflict,bothFireAndSmoke_CV012941
103.47685007863812,0.3,A+B_conflict,bothFireAndSmoke_CV012942
68.67654449020435,0.3,A+B_conflict,bothFireAndSmoke_CV012943
128.4137488357002,0.5736369615960863,A+B,bothFireAndSmoke_CV012945
99.48725934304332,0.8,A,bothFireAndSmoke_CV012946
105.62213177318627,0.6409355222260167,A+B,bothFireAndSmoke_CV012949
75.9051539141106,0.8,A,bothFireAndSmoke_CV012951
93.71080866490088,0.3,A+B_conflict,bothFireAndSmoke_CV012953
98.94127439172692,0.3,A+B_conflict,bothFireAndSmoke_CV012955
98.69449217914017,0.8,A,bothFireAndSmoke_CV012957
102.18801693800089,0.3,A+B_conflict,bothFireAndSmoke_CV012962
102.78965614449832,0.3,A+B_conflict,bothFireAndSmoke_CV012966
127.80726437059108,0.8,A,bothFireAndSmoke_CV012976
112.87951589032828,0.3,A+B_conflict,bothFireAndSmoke_CV012977
128.5188275723163,0.8,A,bothFireAndSmoke_CV012978
343.9536104552933,0.3,A+B_conflict,bothFireAndSmoke_CV012980
132.41818587517486,0.8,A,bothFireAndSmoke_CV012982
99.93481440397883,0.3,A+B_conflict,bothFireAndSmoke_CV012985
67.60048307677134,0.3,A+B_conflict,bothFireAndSmoke_CV012988
78.50898530877924,0.3,A+B_conflict,bothFireAndSmoke_CV012990
103.04895747063556,0.3,A+B_conflict,bothFireAndSmoke_CV012998
325.9284010298354,0.3,A+B_conflict,bothFireAndSmoke_CV013005
347.8067445725463,0.3,A+B_conflict,bothFireAndSmoke_CV013007
119.64634279238426,0.8702510208524019,A+B,bothFireAndSmoke_CV013011
109.66465847484758,0.3,A+B_conflict,bothFireAndSmoke_CV013014
110.13512290702614,0.3,A+B_conflict,bothFireAndSmoke_CV013017
131.6584845246754,0.8,A,bothFireAndSmoke_CV013019
82.80606301336105,0.3,A+B_conflict,bothFireAndSmoke_CV013022
179.40830755773115,0.3,A+B_conflict,bothFireAndSmoke_CV013024
74.81218026104018,0.3,A+B_conflict,bothFireAndSmoke_CV013026
103.47195096090329,0.3,A+B_conflict,bothFireAndSmoke_CV013027
99.12398942212083,0.3,A+B_conflict,bothFireAndSmoke_CV013028
100.88802413722712,0.3,A+B_conflict,bothFireAndSmoke_CV013030
78.41882210511918,0.3,A+B_conflict,bothFireAndSmoke_CV013035
101.69394545525681,0.3,A+B_conflict,bothFireAndSmoke_CV013037
93.66998484220885,0.3,A+B_conflict,bothFireAndSmoke_CV013038
104.2957750800824,0.61701193315626,A+B,bothFireAndSmoke_CV013043
103.14205961995887,0.578652573690563,A+B,bothFireAndSmoke_CV013044
104.69391229608627,0.3,A+B_conflict,bothFireAndSmoke_CV013046
71.22104822576199,0.5744221751312347,A+B,bothFireAndSmoke_CV013051
76.20643793639685,0.8,A,bothFireAndSmoke_CV013054
41.17706905333498,0.3,A+B_conflict,bothFireAndSmoke_CV013056
107.9252473264133,0.3,A+B_conflict,bothFireAndSmoke_CV013059
109.99282098604792,0.6067174182247436,A+B,bothFireAndSmoke_CV013060
102.50305127031129,0.3,A+B_conflict,bothFireAndSmoke_CV013065
98.01183145654966,0.3,A+B_conflict,bothFireAndSmoke_CV013066
99.95694096277558,0.3,A+B_conflict,bothFireAndSmoke_CV013069
118.74359660765607,0.6305613757567433,A+B,bothFireAndSmoke_CV013070
119.65406766339854,0.5646732777601136,A+B,bothFireAndSmoke_CV013074
108.65134750253443,0.3,A+B_conflict,bothFireAndSmoke_CV013076
133.00987795697003,0.3,A+B_conflict,bothFireAndSmoke_CV013080
81.52253779153693,0.3,A+B_conflict,bothFireAndSmoke_CV013081
100.43713448656443,0.3,A+B_conflict,bothFireAndSmoke_CV013085
100.4628200655851,0.3,A+B_conflict,bothFireAndSmoke_CV013087
126.42376226501581,0.5633257904163962,A+B,bothFireAndSmoke_CV013088
105.63231833852862,0.3,A+B_conflict,bothFireAndSmoke_CV013093
68.4206119765108,0.3,A+B_conflict,bothFireAndSmoke_CV013095
101.49654329145011,0.5993919379232286,A+B,bothFireAndSmoke_CV013096
126.7960460991403,0.6071090628054278,A+B,bothFireAndSmoke_CV013097
126.7535223192559,0.5778059857977169,A+B,bothFireAndSmoke_CV013098
78.17820706285971,0.8,A,bothFireAndSmoke_CV013099
104.00813239911716,0.3,A+B_conflict,bothFireAndSmoke_CV013101
131.04429738570266,0.8,A,bothFireAndSmoke_CV013102
124.18643875923824,0.6939779291890602,A+B,bothFireAndSmoke_CV013104
105.75855840785655,0.3,A+B_conflict,bothFireAndSmoke_CV013105
76.35031783245188,0.3,A+B_conflict,bothFireAndSmoke_CV013107
99.70889856430128,0.3,A+B_conflict,bothFireAndSmoke_CV013110
94.86454277232765,0.3,A+B_conflict,bothFireAndSmoke_CV013111
128.1460480058552,0.8,A,bothFireAndSmoke_CV013112
341.633612858772,0.3,A+B_conflict,bothFireAndSmoke_CV013113
101.36035309997423,0.3,A+B_conflict,bothFireAndSmoke_CV013116
79.7036866916142,0.8,A,bothFireAndSmoke_CV013118
99.93718573047464,0.3,A+B_conflict,bothFireAndSmoke_CV013120
164.40761530739098,0.5269193557374955,A,bothFireAndSmoke_CV013125
87.72732778813659,0.3,A+B_conflict,bothFireAndSmoke_CV013127
98.52648365310995,0.3,A+B_conflict,bothFireAndSmoke_CV013128
97.15042545697632,0.8,A,bothFireAndSmoke_CV013129
45.231788747404664,1.0,A+B,bothFireAndSmoke_CV013130
41.79432987912759,0.5903921537805232,A+B,bothFireAndSmoke_CV013133
61.98579197815259,0.3,A+B_conflict,bothFireAndSmoke_CV013134
65.04772845744847,0.3,A+B_conflict,bothFireAndSmoke_CV013136
54.643190986825864,0.5673001400090084,A+B,bothFireAndSmoke_CV013138
103.74700041120535,0.3,A+B_conflict,bothFireAndSmoke_CV013140
102.61630102965289,0.3,A+B_conflict,bothFireAndSmoke_CV013141
87.33830501470085,0.3,A+B_conflict,bothFireAndSmoke_CV013142
154.421744133872,0.3,A+B_conflict,bothFireAndSmoke_CV013147
64.8068335921765,0.9829145712868265,A+B,bothFireAndSmoke_CV013148
50.80509413910138,0.9212014646470249,A+B,bothFireAndSmoke_CV013151
87.18035392469444,0.3,A+B_conflict,bothFireAndSmoke_CV013154
54.81246986782097,0.8484249840316933,A+B,bothFireAndSmoke_CV013155
101.84915300393838,0.8839508040276992,A+B,bothFireAndSmoke_CV013156
104.49786566344787,0.7281611440263307,A+B,bothFireAndSmoke_CV013164
102.39312040237198,0.3,A+B_conflict,bothFireAndSmoke_CV013165
91.71536412961214,0.8,A,bothFireAndSmoke_CV013167
49.870106384151434,0.801272019150012,A+B,bothFireAndSmoke_CV013168
92.97657165894583,0.3,A+B_conflict,bothFireAndSmoke_CV013169
114.97889544343579,0.3,A+B_conflict,bothFireAndSmoke_CV013170
100.86041546453349,0.7804670457018785,A+B,bothFireAndSmoke_CV013171
85.0169826055776,0.28946045637108425,A+B_conflict,bothFireAndSmoke_CV013173
87.91149945945837,0.3,A+B_conflict,bothFireAndSmoke_CV013174
94.00657817526917,0.3,A+B_conflict,bothFireAndSmoke_CV013176
128.9792034463038,0.25952154858141135,A+B_conflict,bothFireAndSmoke_CV013177
61.69924924491534,0.7988501865735249,A+B,bothFireAndSmoke_CV013180
100.27425792549404,0.8430307965721753,A+B,bothFireAndSmoke_CV013181
64.14670017022806,0.3,A+B_conflict,bothFireAndSmoke_CV013185
91.06356774192453,0.3,A+B_conflict,bothFireAndSmoke_CV013188
39.817193871507456,0.3,A+B_conflict,bothFireAndSmoke_CV013194
91.0235293066365,0.6132347088955858,A+B,bothFireAndSmoke_CV013197
89.33361400770906,0.3,A+B_conflict,bothFireAndSmoke_CV013206
98.47222437432544,0.3,A+B_conflict,bothFireAndSmoke_CV013217
92.5221548746726,0.3,A+B_conflict,bothFireAndSmoke_CV013229
101.43793823282226,0.3,A+B_conflict,bothFireAndSmoke_CV013235
158.11451280749884,0.3,A+B_conflict,bothFireAndSmoke_CV013236
74.09069902096716,0.7488119599605843,A+B,bothFireAndSmoke_CV013257
129.42345040594492,1.0,A+B,bothFireAndSmoke_CV013266
10.461106271619588,0.3,A+B_conflict,bothFireAndSmoke_CV013308
94.20289954795766,0.3,A+B_conflict,bothFireAndSmoke_CV013313
171.6569119452784,0.3,A+B_conflict,bothFireAndSmoke_CV013314
121.8772943482666,0.3,A+B_conflict,bothFireAndSmoke_CV013318
161.56099728459873,0.5674119558492038,A+B,bothFireAndSmoke_CV013320
116.09393516741203,0.8,A,bothFireAndSmoke_CV013338
91.26003720054905,0.8750708608696953,A+B,bothFireAndSmoke_CV013340
51.17209189255948,0.7456039419886127,A+B,bothFireAndSmoke_CV013359
119.46339775888062,0.8,A,bothFireAndSmoke_CV013378
202.6961676241035,0.9736375099297095,A+B,bothFireAndSmoke_CV013384
84.69895887568079,0.3,A+B_conflict,bothFireAndSmoke_CV013395
104.79926539906609,0.8,A,bothFireAndSmoke_CV013405
61.27111058798062,0.6054712827620656,A+B,bothFireAndSmoke_CV013442
3.150861223669557,0.3,A+B_conflict,bothFireAndSmoke_CV013455
28.29721377300875,0.3,A+B_conflict,bothFireAndSmoke_CV013469
3.8198450808719118,0.3763674334902627,A,bothFireAndSmoke_CV013471
78.24906687543282,0.3,A+B_conflict,bothFireAndSmoke_CV013475
1.1410907745452483,0.3,A+B_conflict,bothFireAndSmoke_CV013520
93.17502302563712,0.3,A+B_conflict,bothFireAndSmoke_CV013532
99.19757546338784,0.3,A+B_conflict,bothFireAndSmoke_CV013533
108.12840411806057,0.28016462759512645,A+B_conflict,bothFireAndSmoke_CV013535
89.74769091166743,0.3,A+B_conflict,bothFireAndSmoke_CV013539
86.38476684094228,0.18037827197811615,A+B_conflict,bothFireAndSmoke_CV013545
128.26614520045763,0.3,A+B_conflict,bothFireAndSmoke_CV013553
120.76952855857432,0.3,A+B_conflict,bothFireAndSmoke_CV013557
122.90883812309329,0.3,A+B_conflict,bothFireAndSmoke_CV013561
138.45066198840507,0.8,A,bothFireAndSmoke_CV013562
129.503790409517,0.3,A+B_conflict,bothFireAndSmoke_CV013565
77.08650063148167,0.2555496412021324,A+B_conflict,bothFireAndSmoke_CV013566
96.1686505064423,0.7197320297692809,A+B,bothFireAndSmoke_CV013568
91.05584311356924,0.6203726688515592,A+B,bothFireAndSmoke_CV013569
178.27126487738036,0.7865430568567935,A+B,bothFireAndSmoke_CV013572
132.5072019507239,0.9506188433394105,A+B,bothFireAndSmoke_CV013594
72.97526262964779,0.3,A+B_conflict,bothFireAndSmoke_CV013602
167.1896982957538,0.3,A+B_conflict,bothFireAndSmoke_CV013606
92.26756881003337,1.0,A+B,bothFireAndSmoke_CV013622
141.35791120370197,0.8,A,bothFireAndSmoke_CV013625
122.8241006447275,0.7948997174718948,A+B,bothFireAndSmoke_CV013632
62.43769975771755,0.7565929353210672,A+B,bothFireAndSmoke_CV013647
146.8982793266514,0.3,A+B_conflict,bothFireAndSmoke_CV013648
105.77345945206716,0.710472435021426,A+B,bothFireAndSmoke_CV013654
75.39926068534399,0.3,A+B_conflict,bothFireAndSmoke_CV013672
51.444091689983836,0.3,A+B_conflict,bothFireAndSmoke_CV013684
89.31143809523847,0.8,A,bothFireAndSmoke_CV013685
113.98203582134497,0.8737165525184387,A+B,bothFireAndSmoke_CV013692
218.6645538957397,0.6344583683805629,A+B,bothFireAndSmoke_CV013696
81.631645868734,0.3,A+B_conflict,bothFireAndSmoke_CV013699
85.66715746269556,0.24551963221990675,A+B_conflict,bothFireAndSmoke_CV013709
182.54040778243456,0.09901664453506791,A+B_conflict,bothFireAndSmoke_CV013732
83.38188004690228,0.3,A+B_conflict,bothFireAndSmoke_CV013786
90.49120985285863,0.3,A+B_conflict,bothFireAndSmoke_CV013799
90.96761360143509,0.3,A+B_conflict,bothFireAndSmoke_CV013801
88.84592878768447,0.3,A+B_conflict,bothFireAndSmoke_CV013802
97.39188293842297,0.8,A,bothFireAndSmoke_CV013806
39.140015841978624,0.5861185477424388,A+B,bothFireAndSmoke_CV013810
28.032907410295035,1.0,A+B,bothFireAndSmoke_CV013813
87.52662536310709,0.3,A+B_conflict,bothFireAndSmoke_CV013822
78.92016384959075,0.3,A+B_conflict,bothFireAndSmoke_CV013823
133.02024868051816,0.7283653668599164,A+B,bothFireAndSmoke_CV013825
94.73173578709823,0.8,A,bothFireAndSmoke_CV013829
129.5038978201717,0.7466390950505122,A+B,bothFireAndSmoke_CV013830
70.39117892257288,1.0,A+B,bothFireAndSmoke_CV013833
94.39091307373774,0.8,A,bothFireAndSmoke_CV013835
154.34406930133744,0.3,A+B_conflict,bothFireAndSmoke_CV013836
44.42850003291266,0.3,A+B_conflict,bothFireAndSmoke_CV013839
90.19285423828045,0.8,A,bothFireAndSmoke_CV013842
94.1357418072723,0.3,A+B_conflict,bothFireAndSmoke_CV013844
89.63859530966839,0.3,A+B_conflict,bothFireAndSmoke_CV013845
111.24239021166642,0.3,A+B_conflict,bothFireAndSmoke_CV013846
51.409755951076285,0.9277944669735939,A+B,bothFireAndSmoke_CV013847
100.75430471081017,0.6431203528984537,A+B,bothFireAndSmoke_CV013848
100.59275854000435,0.3,A+B_conflict,bothFireAndSmoke_CV013850
105.44198610332876,0.6317145155838129,A+B,bothFireAndSmoke_CV013851
86.7536335039982,0.3,A+B_conflict,bothFireAndSmoke_CV013852
55.47874216804106,0.8785574003437621,A+B,bothFireAndSmoke_CV013853
90.6002377224775,0.8,A,bothFireAndSmoke_CV013855
76.87154518440104,0.3,A+B_conflict,bothFireAndSmoke_CV013856
103.45433219053213,0.7144600766537008,A+B,bothFireAndSmoke_CV013857
73.10402379318056,0.3,A+B_conflict,bothFireAndSmoke_CV013860
103.81071514837245,0.7443949193640882,A+B,bothFireAndSmoke_CV013865
91.80180307891796,0.8,A,bothFireAndSmoke_CV013869
49.86755739230275,0.8064930406103359,A+B,bothFireAndSmoke_CV013871
92.9063109938558,0.3,A+B_conflict,bothFireAndSmoke_CV013872
99.72772961699934,0.3,A+B_conflict,bothFireAndSmoke_CV013877
113.67427531498339,0.3,A+B_conflict,bothFireAndSmoke_CV013878
100.51399277481667,0.8044512620029798,A+B,bothFireAndSmoke_CV013879
70.81839808191872,1.0,A+B,bothFireAndSmoke_CV013880
103.47601987159989,0.3,A+B_conflict,bothFireAndSmoke_CV013882
83.48147174604968,0.3,A+B_conflict,bothFireAndSmoke_CV013885
93.53466296127252,0.3,A+B_conflict,bothFireAndSmoke_CV013886
62.19917071436731,0.7979720544794562,A+B,bothFireAndSmoke_CV013890
100.20016139700155,0.8797004495831147,A+B,bothFireAndSmoke_CV013891
64.62579006602596,0.3,A+B_conflict,bothFireAndSmoke_CV013898
168.02492706889348,1.0,A+B,bothFireAndSmoke_CV013902
91.46671270904345,0.3,A+B_conflict,bothFireAndSmoke_CV013904
39.04431427665867,0.3,A+B_conflict,bothFireAndSmoke_CV013910
18.415668999132997,0.3,A+B_conflict,bothFireAndSmoke_CV013913
345.7097308496537,0.8,A,bothFireAndSmoke_CV013914
90.81224551648626,0.6418115455492904,A+B,bothFireAndSmoke_CV013917
37.19664079792654,1.0,A+B,bothFireAndSmoke_CV013919
11.273847632805115,0.6259235007124878,A+B,bothFireAndSmoke_CV013922
88.3593375114303,0.3,A+B_conflict,bothFireAndSmoke_CV013923
102.67907118864917,0.3,A+B_conflict,bothFireAndSmoke_CV013924
58.05491690066076,0.3,A+B_conflict,bothFireAndSmoke_CV013926
81.4755226166232,0.3,A+B_conflict,bothFireAndSmoke_CV013933
32.413760771418836,0.3,A+B_conflict,bothFireAndSmoke_CV013934
38.77683199114033,0.3,A+B_conflict,bothFireAndSmoke_CV013937
103.27236898122162,0.3,A+B_conflict,bothFireAndSmoke_CV013942
100.31113684989822,0.3,A+B_conflict,bothFireAndSmoke_CV013946
94.17237804477247,0.3,A+B_conflict,bothFireAndSmoke_CV013962
113.50299070477274,0.3,A+B_conflict,bothFireAndSmoke_CV013966
84.16868577637176,0.3,A+B_conflict,bothFireAndSmoke_CV013967
101.84525464191371,0.3,A+B_conflict,bothFireAndSmoke_CV013968
113.01468899134619,0.8865722558192383,A+B,bothFireAndSmoke_CV013979
74.02118617301666,0.7599586198152846,A+B,bothFireAndSmoke_CV013997
129.52165801871965,1.0,A+B,bothFireAndSmoke_CV014007
45.30822801197203,0.9159661335594158,A+B,bothFireAndSmoke_CV014043
11.891112582295692,0.3,A+B_conflict,bothFireAndSmoke_CV014060
24.138888041912743,0.2995508903419489,A+B_conflict,bothFireAndSmoke_CV014063
95.0971604275528,0.3,A+B_conflict,bothFireAndSmoke_CV014065
120.71112401259295,0.3,A+B_conflict,bothFireAndSmoke_CV014070
161.15465307930336,0.8,A,bothFireAndSmoke_CV014074
358.7679170013898,0.6378652320942073,A+B,bothFireAndSmoke_CV014132
57.599996826116346,0.8683365539309338,A+B,bothFireAndSmoke_CV014137
179.45666443480908,0.3,A+B_conflict,bothFireAndSmoke_CV014143
54.438670173841665,0.7588437499041283,A+B,bothFireAndSmoke_CV014154
97.68697420596153,0.8,A,bothFireAndSmoke_CV014167
47.38913046967695,0.3,A+B_conflict,bothFireAndSmoke_CV014174
123.8112020102805,0.3,A+B_conflict,bothFireAndSmoke_CV014175
128.8122691121937,1.0,A+B,bothFireAndSmoke_CV014180
46.19681080274543,0.8852714632912251,A+B,bothFireAndSmoke_CV014188
84.7106974663274,0.3,A+B_conflict,bothFireAndSmoke_CV014199
104.68563014984134,0.8,A,bothFireAndSmoke_CV014209
4.767612115096956,0.8,A,bothFireAndSmoke_CV014250
61.29587852553266,0.6047898583238074,A+B,bothFireAndSmoke_CV014263
156.41514920799452,0.7834677555200813,A+B,bothFireAndSmoke_CV014265
2.420943790293305,0.3,A+B_conflict,bothFireAndSmoke_CV014275
28.791632580853722,0.3,A+B_conflict,bothFireAndSmoke_CV014289
3.7207305909243362,0.37289133888023795,A,bothFireAndSmoke_CV014290
78.05652386072924,0.3,A+B_conflict,bothFireAndSmoke_CV014293
71.72839222756059,0.6623607140425221,A+B,bothFireAndSmoke_CV014303
82.15859842261845,0.6682874655294185,A+B,bothFireAndSmoke_CV014329
139.08451054965778,0.8,A,bothFireAndSmoke_CV014348
93.499056870222,0.3,A+B_conflict,bothFireAndSmoke_CV014363
80.39060936835276,0.3,A+B_conflict,bothFireAndSmoke_CV014365
175.70980995322478,0.2631616515139992,B,bothFireAndSmoke_CV014368
93.87643196049123,0.2906917771744122,A+B_conflict,bothFireAndSmoke_CV014370
89.78140565430739,0.3,A+B_conflict,bothFireAndSmoke_CV014373
87.86339576015995,0.18418026737856016,A+B_conflict,bothFireAndSmoke_CV014380
130.37801841189977,0.3,A+B_conflict,bothFireAndSmoke_CV014391
122.76046149221777,0.3,A+B_conflict,bothFireAndSmoke_CV014396
137.44240723951256,0.8,A,bothFireAndSmoke_CV014398
132.11380718270942,0.3,A+B_conflict,bothFireAndSmoke_CV014401
77.4032841476988,0.25321437121674356,A+B_conflict,bothFireAndSmoke_CV014402
98.54521690057997,0.6319992027680339,A+B,bothFireAndSmoke_CV014404
91.17749285237508,0.6208350293620251,A+B,bothFireAndSmoke_CV014407
178.2526490968823,0.7919819856400996,A+B,bothFireAndSmoke_CV014409
130.79010561048966,0.9283973233654808,A+B,bothFireAndSmoke_CV014438
71.89410313897551,0.3,A+B_conflict,bothFireAndSmoke_CV014450
166.18775254307337,0.3,A+B_conflict,bothFireAndSmoke_CV014455
149.8155454992149,0.3,A+B_conflict,bothFireAndSmoke_CV014456
48.895092745669,1.0,A+B,bothFireAndSmoke_CV014460
57.97785041444787,0.8,A,bothFireAndSmoke_CV014468
147.08595457148147,0.3,A+B_conflict,bothFireAndSmoke_CV014499
122.61589010216773,0.8117338496155602,A+B,bothFireAndSmoke_CV014500
139.246659557808,0.3,A+B_conflict,bothFireAndSmoke_CV014520
62.40046123789814,0.7554731658471362,A+B,bothFireAndSmoke_CV014524
146.72226687904552,0.3,A+B_conflict,bothFireAndSmoke_CV014525
183.4274234580454,1.0,A+B,bothFireAndSmoke_CV014543
97.16620234367528,0.8,A,bothFireAndSmoke_CV014566
76.74827037354152,0.3,A+B_conflict,bothFireAndSmoke_CV014583
79.25404125336848,0.3,A+B_conflict,bothFireAndSmoke_CV014587
75.36043292424705,0.3,A+B_conflict,bothFireAndSmoke_CV014591
75.73349291872292,0.3,A+B_conflict,bothFireAndSmoke_CV014592
68.59161393671701,0.3,A+B_conflict,bothFireAndSmoke_CV014594
128.19229192171989,0.3,A+B_conflict,bothFireAndSmoke_CV014603
15.191797377761167,0.8550154742794298,A+B,bothFireAndSmoke_CV014614
81.348556251969,0.3,A+B_conflict,bothFireAndSmoke_CV014624
32.82543574675573,0.3,A+B_conflict,bothFireAndSmoke_CV014632
123.40569288515661,0.3,A+B_conflict,bothFireAndSmoke_CV014639
85.05925674405722,0.3,A+B_conflict,bothFireAndSmoke_CV014686
155.85277058772965,1.0,A+B,bothFireAndSmoke_CV014694
162.87491860087735,0.3,A+B_conflict,bothFireAndSmoke_CV014702
40.37572604008973,0.9272935895531195,A+B,bothFireAndSmoke_CV014709
175.33325869272608,0.18508585195821262,B,bothFireAndSmoke_CV014720
44.18535891708558,0.3,A+B_conflict,bothFireAndSmoke_CV014730
139.51458365884392,0.3,A+B_conflict,bothFireAndSmoke_CV014738
45.80356951548739,1.0,A+B,bothFireAndSmoke_CV014744
130.7834771229532,0.6523550518286352,A,bothFireAndSmoke_CV014764
6.049358907201794,0.3,A+B_conflict,bothFireAndSmoke_CV014766
46.93481369737409,0.3,A+B_conflict,bothFireAndSmoke_CV014773
158.25648992534983,0.3,A+B_conflict,bothFireAndSmoke_CV014821
95.93326231590443,0.6297093511434482,A+B,bothFireAndSmoke_CV014828
138.44447348210198,0.3,A+B_conflict,bothFireAndSmoke_CV014835
64.81066715593104,0.3,A+B_conflict,bothFireAndSmoke_CV014847
92.90002917401738,0.3,A+B_conflict,bothFireAndSmoke_CV014853
28.486888640904724,0.3,A+B_conflict,bothFireAndSmoke_CV014868
6.08541449902928,0.3,A+B_conflict,bothFireAndSmoke_CV014883
132.79668093872007,0.3,A+B_conflict,bothFireAndSmoke_CV014894
69.6030265733409,0.7151302071984718,A+B,bothFireAndSmoke_CV014964
48.58770253496652,0.3,A+B_conflict,bothFireAndSmoke_CV014980
46.28333916355111,1.0,A+B,bothFireAndSmoke_CV015022
107.59809842614516,0.28935832617083584,A+B_conflict,bothFireAndSmoke_CV015048
63.98854703696486,0.3,A+B_conflict,bothFireAndSmoke_CV015063
83.46123538627197,0.8,A,bothFireAndSmoke_CV015075
155.12462032344575,0.3,A+B_conflict,bothFireAndSmoke_CV015076
134.86204951368774,0.3,A+B_conflict,bothFireAndSmoke_CV015084
50.93714114239897,1.0,A+B,bothFireAndSmoke_CV015092
19.81921581262213,0.3,A+B_conflict,bothFireAndSmoke_CV015095
166.71184272957683,0.29004989435472267,A+B_conflict,bothFireAndSmoke_CV015100
92.26937803943297,0.2568350824658432,B,bothFireAndSmoke_CV015105
138.1309850486946,0.3,A+B_conflict,bothFireAndSmoke_CV015115
125.43515981927015,0.3,A+B_conflict,bothFireAndSmoke_CV015157
111.78022982374398,1.0,A+B,bothFireAndSmoke_CV015158
77.94161273896069,0.3608353987466327,A+B,bothFireAndSmoke_CV015218
68.03413726217664,0.8,A,bothFireAndSmoke_CV015229
93.64694605269379,0.3,A+B_conflict,bothFireAndSmoke_CV015246
116.63978666903122,0.8,A,bothFireAndSmoke_CV015276
98.61768481505587,0.3,A+B_conflict,bothFireAndSmoke_CV015286
37.014040615557924,0.3,A+B_conflict,bothFireAndSmoke_CV015288
112.80379469926216,0.7845904998045186,A,bothFireAndSmoke_CV015302
174.2236104259835,0.944806025108134,A+B,bothFireAndSmoke_CV015318
123.37592660910555,0.3,A+B_conflict,bothFireAndSmoke_CV015320
85.55029011980432,0.8,A,bothFireAndSmoke_CV015327
124.90660752047236,0.5987541612795589,A+B,bothFireAndSmoke_CV015335
104.7437853877606,0.6345431482970711,A+B,bothFireAndSmoke_CV015337
74.76214307229294,0.8,A,bothFireAndSmoke_CV015395
174.94608907708283,0.3,A+B_conflict,bothFireAndSmoke_CV015410
128.55065198810007,0.9574296643644182,A+B,bothFireAndSmoke_CV015430
67.61353272601824,0.3,A+B_conflict,bothFireAndSmoke_CV015440
41.33115316552357,0.3,A+B_conflict,bothFireAndSmoke_CV015454
37.854430775691775,0.3,A+B_conflict,bothFireAndSmoke_CV015455
48.61455457406467,0.3,A+B_conflict,bothFireAndSmoke_CV015467
77.9018165996344,0.3,A+B_conflict,bothFireAndSmoke_CV015469
150.7170177448892,0.3,A+B_conflict,bothFireAndSmoke_CV015472
2.087916388192388,0.3,A+B_conflict,bothFireAndSmoke_CV015474
146.73766477489798,1.0,A+B,bothFireAndSmoke_CV015482
37.6753416458518,0.3,A+B_conflict,bothFireAndSmoke_CV015486
196.57909091377357,0.24927333369977342,A+B_conflict,bothFireAndSmoke_CV015564
156.53777084476795,1.0,A+B,bothFireAndSmoke_CV015566
3.759840423430854,0.7,B,bothFireAndSmoke_CV015580
148.12967788486162,0.7265849504038032,A+B,bothFireAndSmoke_CV015585
156.6040769442901,1.0,A+B,bothFireAndSmoke_CV015609
45.39817901330053,0.3,A+B_conflict,bothFireAndSmoke_CV015644
138.5833111831785,0.3,A+B_conflict,bothFireAndSmoke_CV015654
110.02600267489781,1.0,A+B,bothFireAndSmoke_CV015662
91.85508473256033,0.3,A+B_conflict,bothFireAndSmoke_CV015676
175.90887992991387,0.3,A+B_conflict,bothFireAndSmoke_CV015726
12.50709210966714,0.3,A+B_conflict,bothFireAndSmoke_CV015734
113.26765065371129,0.3,A+B_conflict,bothFireAndSmoke_CV015736
99.66002588241588,0.3,A+B_conflict,bothFireAndSmoke_CV015740
85.00744528146828,0.3,A+B_conflict,bothFireAndSmoke_CV015760
125.63719638265931,0.8,A,bothFireAndSmoke_CV015764
96.21736850736683,0.5561033989028574,A+B,bothFireAndSmoke_CV015777
91.74169620125761,0.3,A+B_conflict,bothFireAndSmoke_CV015795
73.20854716202223,0.3,A+B_conflict,bothFireAndSmoke_CV015807
38.995552841950875,1.0,A+B,bothFireAndSmoke_CV015809
71.45023738382865,0.3,A+B_conflict,bothFireAndSmoke_CV015836
84.03534339221329,0.3,A+B_conflict,bothFireAndSmoke_CV015850
127.31347373125716,0.44298054707818957,A,bothFireAndSmoke_CV015852
110.94966727096285,0.697029943177271,A,bothFireAndSmoke_CV015897
64.19959323910486,0.3,A+B_conflict,bothFireAndSmoke_CV015904
105.095989751375,0.3,A+B_conflict,bothFireAndSmoke_CV015909
44.28135535574735,0.3,A+B_conflict,bothFireAndSmoke_CV015918
78.64020023497605,0.3,A+B_conflict,bothFireAndSmoke_CV015920
42.34791480425418,0.3,A+B_conflict,bothFireAndSmoke_CV015922
125.13558178532618,0.8,A,bothFireAndSmoke_CV015949
110.12428493298466,0.3,A+B_conflict,bothFireAndSmoke_CV015966
147.92862393888407,0.22308387144233455,A+B_conflict,bothFireAndSmoke_CV015976
164.31306544554025,1.0,A+B,bothFireAndSmoke_CV015986
58.718192542585975,0.8,A,bothFireAndSmoke_CV015997
140.93559180768767,1.0,A+B,bothFireAndSmoke_CV015999
134.49793116165992,0.6093239872564091,A+B,bothFireAndSmoke_CV016014
89.28654952129467,0.3,A+B_conflict,bothFireAndSmoke_CV016021
132.0215800610369,0.3,A+B_conflict,bothFireAndSmoke_CV016028
151.08628168434413,0.3,A+B_conflict,bothFireAndSmoke_CV016054
89.50563661868266,0.6511810965337732,A+B,bothFireAndSmoke_CV016082
114.52707903332939,1.0,A+B,bothFireAndSmoke_CV016084
138.83973751745685,1.0,A+B,bothFireAndSmoke_CV016092
47.03310585287009,0.3,A+B_conflict,bothFireAndSmoke_CV016106
49.30237736914548,0.3,A+B_conflict,bothFireAndSmoke_CV016116
52.57462208418895,0.3,A+B_conflict,bothFireAndSmoke_CV016119
248.52271903990822,0.3,A+B_conflict,bothFireAndSmoke_CV016127
145.85660190746776,1.0,A+B,bothFireAndSmoke_CV016128
160.24148392948908,0.8,A,bothFireAndSmoke_CV016132
26.944962653008037,0.3,A+B_conflict,bothFireAndSmoke_CV016138
94.57237899581882,0.25361720191317905,A+B_conflict,bothFireAndSmoke_CV016142
177.6132712466936,0.3,A+B_conflict,bothFireAndSmoke_CV016159
51.29692662812217,0.3,A+B_conflict,bothFireAndSmoke_CV016181
56.022517577186086,1.0,A+B,bothFireAndSmoke_CV016206
137.63105216169942,0.3,A+B_conflict,bothFireAndSmoke_CV016222
118.38837379908196,0.3,A+B_conflict,bothFireAndSmoke_CV016227
51.2554441347839,0.3,A+B_conflict,bothFireAndSmoke_CV016231
149.93052193294278,0.3,A+B_conflict,bothFireAndSmoke_CV016246
158.95544415237944,0.3,A+B_conflict,bothFireAndSmoke_CV016251
95.53079953223529,0.3,A+B_conflict,bothFireAndSmoke_CV016259
95.45957985915155,0.7016650720751962,A+B,bothFireAndSmoke_CV016263
162.94628059273577,1.0,A+B,bothFireAndSmoke_CV016298
156.5212520829801,0.3,A+B_conflict,bothFireAndSmoke_CV016307
79.21183450414918,0.6250025622699243,A+B,bothFireAndSmoke_CV016310
137.2154030549733,0.3,A+B_conflict,bothFireAndSmoke_CV016318
116.24857068945865,0.3,A+B_conflict,bothFireAndSmoke_CV016330
156.077018950089,0.3,A+B_conflict,bothFireAndSmoke_CV016351
82.80600202349383,0.3,A+B_conflict,bothFireAndSmoke_CV016359
9.286105288461384,0.6016294308519865,A+B,bothFireAndSmoke_CV016391
62.8233431296489,0.3,A+B_conflict,bothFireAndSmoke_CV016395
111.86174369626839,1.0,A+B,bothFireAndSmoke_CV016407
102.38663765531976,0.8,A,bothFireAndSmoke_CV016410
53.83782186577335,0.7237914210814986,A+B,bothFireAndSmoke_CV016414
152.67459567694132,0.6240109920494794,A+B,bothFireAndSmoke_CV016420
47.98267041591665,0.3,A+B_conflict,bothFireAndSmoke_CV016425
139.79469945804254,0.8,A,bothFireAndSmoke_CV016426
85.79744369274158,0.3,A+B_conflict,bothFireAndSmoke_CV016434
111.8414914378271,0.3,A+B_conflict,bothFireAndSmoke_CV016456
81.53400468863605,0.3,A+B_conflict,bothFireAndSmoke_CV016461
118.73788512491697,1.0,A+B,bothFireAndSmoke_CV016472
150.82582598554103,0.6239869554104421,A+B,bothFireAndSmoke_CV016478
169.2394002189027,0.25773913039054,A+B_conflict,bothFireAndSmoke_CV016482
53.293782135438214,1.0,A+B,bothFireAndSmoke_CV016489
128.63890220390724,0.9663869983186035,A+B,bothFireAndSmoke_CV016546
144.3773139996506,0.8,A,bothFireAndSmoke_CV016599
172.74959198018672,0.3,A+B_conflict,bothFireAndSmoke_CV016621
160.68548570793075,0.3,A+B_conflict,bothFireAndSmoke_CV016629
128.69480752257118,0.6719984124031961,A+B,bothFireAndSmoke_CV016642
104.23534814622323,0.3,A+B_conflict,bothFireAndSmoke_CV016643
56.352444141590055,1.0,A+B,bothFireAndSmoke_CV016657
102.51077897368876,0.3,A+B_conflict,bothFireAndSmoke_CV016669
50.726041489495515,0.3,A+B_conflict,bothFireAndSmoke_CV016673
47.973771060192476,0.3,A+B_conflict,bothFireAndSmoke_CV016696
91.2701285007697,0.9539453550961059,A+B,bothFireAndSmoke_CV016701
118.00254888706887,0.3,A+B_conflict,bothFireAndSmoke_CV016702
50.899428920958584,0.3,A+B_conflict,bothFireAndSmoke_CV016708
54.3415335870595,0.3,A+B_conflict,bothFireAndSmoke_CV016716
113.08323232063677,0.3,A+B_conflict,bothFireAndSmoke_CV016721
177.97038588454288,0.3,A+B_conflict,bothFireAndSmoke_CV016744
248.57183978556992,0.3,A+B_conflict,bothFireAndSmoke_CV016746
97.89326212418942,1.0,A+B,bothFireAndSmoke_CV016750
115.79076101982652,0.3,A+B_conflict,bothFireAndSmoke_CV016770
45.97036992720735,0.7409527179412118,A+B,bothFireAndSmoke_CV016779
18.937405469181872,0.20162526675866216,A+B_conflict,bothFireAndSmoke_CV016809
178.91053474503204,0.3,A+B_conflict,bothFireAndSmoke_CV016854
168.42274529183237,0.3,A+B_conflict,bothFireAndSmoke_CV016860
52.89611009004357,1.0,A+B,bothFireAndSmoke_CV016892
140.74807403786096,0.3,A+B_conflict,bothFireAndSmoke_CV016901
41.722215126968635,0.3,A+B_conflict,bothFireAndSmoke_CV016915
142.80220453639257,0.8982641479248622,A+B,bothFireAndSmoke_CV016935
65.16387475824638,0.3,A+B_conflict,bothFireAndSmoke_CV016940
63.81327370520126,1.0,A+B,bothFireAndSmoke_CV016945
103.29839185022179,0.18955538896089427,A+B_conflict,bothFireAndSmoke_CV016989
119.48111903730498,0.3,A+B_conflict,bothFireAndSmoke_CV016991
116.83842623122675,0.8067577412153366,A+B,bothFireAndSmoke_CV016994
119.62786092947873,0.3,A+B_conflict,bothFireAndSmoke_CV016998
111.55514785230577,1.0,A+B,bothFireAndSmoke_CV017023
179.32025559866125,0.3,A+B_conflict,bothFireAndSmoke_CV017031
89.09328483601354,0.3,A+B_conflict,bothFireAndSmoke_CV017038
152.3608829340699,0.8,A,bothFireAndSmoke_CV017042
52.54841258790457,0.8228348925569202,A+B,bothFireAndSmoke_CV017052
39.708977977430166,0.6540417797716225,A+B,bothFireAndSmoke_CV017076
95.5984053980459,0.3,A+B_conflict,bothFireAndSmoke_CV017078
135.9013482706557,0.3,A+B_conflict,bothFireAndSmoke_CV017086
83.91532018800011,0.8080241172408615,A+B,bothFireAndSmoke_CV017142
87.79393732029776,0.3,A+B_conflict,bothFireAndSmoke_CV017148
139.7237816508345,0.8,A,bothFireAndSmoke_CV017158
118.31692260749595,0.3,A+B_conflict,bothFireAndSmoke_CV017163
132.33197367443668,0.3,A+B_conflict,bothFireAndSmoke_CV017176
158.52854685029806,1.0,A+B,bothFireAndSmoke_CV017188
48.778333857312326,0.3,A+B_conflict,bothFireAndSmoke_CV017203
87.29547446899487,0.22217424709043365,A+B_conflict,bothFireAndSmoke_CV017223
69.74521233297745,0.629953946158236,A+B,bothFireAndSmoke_CV017225
114.2220909758873,0.3,A+B_conflict,bothFireAndSmoke_CV017276
120.22159692828133,0.668854649636017,A+B,bothFireAndSmoke_CV017288
167.03434181300773,0.3,A+B_conflict,bothFireAndSmoke_CV017292
127.63651386509171,0.3,A+B_conflict,bothFireAndSmoke_CV017302
35.35563115670718,1.0,A+B,bothFireAndSmoke_CV017327
21.98485099300309,0.3,A+B_conflict,bothFireAndSmoke_CV017341
86.95370438642644,0.8,A,bothFireAndSmoke_CV017342
8.077243071687636,0.3,A+B_conflict,bothFireAndSmoke_CV017343
114.4993375276114,0.3,A+B_conflict,bothFireAndSmoke_CV017362
112.14338148550065,0.8,A,bothFireAndSmoke_CV017383
89.73560031888692,0.3,A+B_conflict,bothFireAndSmoke_CV017385
80.17526899272119,0.24128457600310763,A+B_conflict,bothFireAndSmoke_CV017386
154.7048418295515,1.0,A+B,bothFireAndSmoke_CV017412
77.621084787358,0.2814834411226793,A+B_conflict,bothFireAndSmoke_CV017431
87.10559463791266,0.3,A+B_conflict,bothFireAndSmoke_CV017440
84.946142112716,0.8,A,bothFireAndSmoke_CV017464
128.54428567259464,0.6261566761953312,A+B,bothFireAndSmoke_CV017467
82.00862789209665,0.28178916237687995,A+B_conflict,bothFireAndSmoke_CV017513
9.878098067086897,0.3,A+B_conflict,bothFireAndSmoke_CV017520
49.35219572935873,0.5881865952919384,A+B,bothFireAndSmoke_CV017540
99.35182330931495,0.6356825954331018,A+B,bothFireAndSmoke_CV017552
98.61028644540787,0.3,A+B_conflict,bothFireAndSmoke_CV017559
46.145194831874626,0.3,A+B_conflict,bothFireAndSmoke_CV017565
78.96586832720247,0.5807820417633679,A+B,bothFireAndSmoke_CV017577
77.47283295101161,0.20235027979281697,A+B_conflict,bothFireAndSmoke_CV017581
49.94583596071944,0.3,A+B_conflict,bothFireAndSmoke_CV017597
116.84226817097132,0.5933026349051895,A+B,bothFireAndSmoke_CV017614
176.47539359371,0.3,A+B_conflict,bothFireAndSmoke_CV017634
37.14795105836937,0.3,A+B_conflict,bothFireAndSmoke_CV017644
140.43156877352524,0.6359482193057205,A+B,bothFireAndSmoke_CV017654
138.49595230442972,1.0,A+B,bothFireAndSmoke_CV017672
152.29844922034997,0.8,A,bothFireAndSmoke_CV017689
116.10089037420731,0.9735937173639672,A+B,bothFireAndSmoke_CV017695
22.634195758710497,0.3,A+B_conflict,bothFireAndSmoke_CV017697
37.9841095053326,0.8,A,bothFireAndSmoke_CV017700
66.55611643767055,0.3,A+B_conflict,bothFireAndSmoke_CV017720
95.0720311391731,0.3,A+B_conflict,bothFireAndSmoke_CV017726
82.22440626203614,0.3,A+B_conflict,bothFireAndSmoke_CV017748
89.16923287373771,0.3,A+B_conflict,bothFireAndSmoke_CV017816
340.12430275903796,0.1847739393903594,A+B_conflict,bothFireAndSmoke_CV017819
154.63875596951172,0.3,A+B_conflict,bothFireAndSmoke_CV017855
108.94014583550965,0.3,A+B_conflict,bothFireAndSmoke_CV017857
115.61695371953421,0.3,A+B_conflict,bothFireAndSmoke_CV017874
46.92460476891173,0.3,A+B_conflict,bothFireAndSmoke_CV017884
93.99465805365936,0.2450021740746003,A+B_conflict,bothFireAndSmoke_CV018000
134.17850641218496,0.3,A+B_conflict,bothFireAndSmoke_CV018016
38.839581090065145,1.0,A+B,bothFireAndSmoke_CV018018
91.65259238159418,0.3,A+B_conflict,bothFireAndSmoke_CV018038
79.13910374560855,0.7,B,bothFireAndSmoke_CV018045
39.28570787147886,0.3,A+B_conflict,bothFireAndSmoke_CV018086
193.3126127283054,0.8,A,bothFireAndSmoke_CV018095
82.99763112002132,0.6655737515720347,A+B,bothFireAndSmoke_CV018119
89.87967072520105,0.27343734159503763,B,bothFireAndSmoke_CV018120
90.19323927687209,0.3715738569501164,B,bothFireAndSmoke_CV018122
90.39388889754403,0.16290501872453078,B,bothFireAndSmoke_CV018124
89.97519195264614,0.19272114890990583,B,bothFireAndSmoke_CV018125
88.79023574753295,0.7444812392964895,A+B,bothFireAndSmoke_CV018134
80.60837411021781,0.8106027859988032,A+B,bothFireAndSmoke_CV018136
89.6670804429081,0.5942491813242832,A+B,bothFireAndSmoke_CV018146
89.58084343583181,0.3,A+B_conflict,bothFireAndSmoke_CV018148
118.69968187902832,0.8,A,bothFireAndSmoke_CV018152
183.96707010520166,0.8,A,bothFireAndSmoke_CV018181
35.83409187736294,0.5974983018493503,A+B,bothFireAndSmoke_CV018184
76.14023005678804,0.8,A,bothFireAndSmoke_CV018213
78.04706646877794,0.7092807143186057,A+B,bothFireAndSmoke_CV018219
358.81864763424534,0.8,A,bothFireAndSmoke_CV018229
66.11940918844724,0.5663357111903364,A+B,bothFireAndSmoke_CV018252
69.22512361557926,0.3,A+B_conflict,bothFireAndSmoke_CV018253
30.67788910209273,0.8,A,bothFireAndSmoke_CV018256
86.84199214891032,0.8,A,bothFireAndSmoke_CV018267
97.78109090148595,0.3,A+B_conflict,bothFireAndSmoke_CV018271
99.85408665346704,0.3,A+B_conflict,bothFireAndSmoke_CV018273
66.28881807855781,0.3,A+B_conflict,bothFireAndSmoke_CV018291
75.97664058040563,0.22868639174250943,A+B_conflict,bothFireAndSmoke_CV018328
161.8451763347571,0.3,A+B_conflict,bothFireAndSmoke_CV018330
201.89312462392556,0.7085737611851375,A,bothFireAndSmoke_CV018343
64.33594950410324,0.8,A,bothFireAndSmoke_CV018344
90.56793076040263,0.3,A+B_conflict,bothFireAndSmoke_CV018351
65.1717592656369,0.5656490076502269,A+B,bothFireAndSmoke_CV018354
99.01231082972139,0.8,A,bothFireAndSmoke_CV018372
109.83342623373196,0.8,A,bothFireAndSmoke_CV018387
54.505825381837894,0.3,A+B_conflict,bothFireAndSmoke_CV018398
86.36015523388083,0.8,A,bothFireAndSmoke_CV018401
89.52064049470012,0.5781507929329904,A+B,bothFireAndSmoke_CV018405
119.83075337686087,0.8,A,bothFireAndSmoke_CV018407
115.31209935897579,0.6008985546571575,A+B,bothFireAndSmoke_CV018411
66.69274840367734,0.3,A+B_conflict,bothFireAndSmoke_CV018412
70.99933880243351,1.0,A+B,bothFireAndSmoke_CV018415
171.63091038154633,0.3,A+B_conflict,bothFireAndSmoke_CV018419
317.00489707580317,0.3,A+B_conflict,bothFireAndSmoke_CV018438
66.17711483568273,0.5654030565537127,A+B,bothFireAndSmoke_CV018471
63.84105616780209,0.8,A,bothFireAndSmoke_CV018474
81.43049913528274,0.8,A,bothFireAndSmoke_CV018481
102.34375771774236,0.3,A+B_conflict,bothFireAndSmoke_CV018516
67.86135404943485,0.8,A,bothFireAndSmoke_CV018528
70.62891614207513,0.8,A,bothFireAndSmoke_CV018547
65.47053159522589,0.3,A+B_conflict,bothFireAndSmoke_CV018549
72.07539290251263,0.3,A+B_conflict,bothFireAndSmoke_CV018567
64.63355275636755,0.8,A,bothFireAndSmoke_CV018568
184.20063853684752,0.6362239218177845,A,bothFireAndSmoke_CV018569
65.83147165619376,0.3,A+B_conflict,bothFireAndSmoke_CV018579
63.984367958586425,0.21068794080457873,A+B_conflict,bothFireAndSmoke_CV018580
68.51649722923328,0.3,A+B_conflict,bothFireAndSmoke_CV018583
66.14509794209982,0.8,A,bothFireAndSmoke_CV018587
67.73755141749574,0.8,A,bothFireAndSmoke_CV018591
59.89765162275968,0.8,A,bothFireAndSmoke_CV018599
105.05051923050397,0.8,A,bothFireAndSmoke_CV018638
65.89648071634566,0.8,A,bothFireAndSmoke_CV018644
177.87768496021013,0.4955942287076254,A+B,bothFireAndSmoke_CV018659
66.37440378361167,0.3,A+B_conflict,bothFireAndSmoke_CV018699
56.39231213735442,0.9336626002678512,A+B,bothFireAndSmoke_CV018701
195.59641672488598,0.7964648066225921,A,bothFireAndSmoke_CV018717
179.50218155433515,0.5155582716343439,A,bothFireAndSmoke_CV018741
176.10376512549144,0.3,A+B_conflict,bothFireAndSmoke_CV018784
67.57179650826137,0.3,A+B_conflict,bothFireAndSmoke_CV018819
93.73267687191013,0.6935169828977913,A+B,bothFireAndSmoke_CV018843
64.21666700984808,1.0,A+B,bothFireAndSmoke_CV018844
126.4823852099573,0.569100709262335,A+B,bothFireAndSmoke_CV018845
63.54763469258021,0.8,A,bothFireAndSmoke_CV018850
88.98751584764821,0.8,A,bothFireAndSmoke_CV018857
138.95417314871207,0.3,A+B_conflict,bothFireAndSmoke_CV018869
87.08938977768624,0.3,A+B_conflict,bothFireAndSmoke_CV018882
23.722476186750686,0.19537096318889077,A+B_conflict,bothFireAndSmoke_CV018885
66.49650789281425,0.3,A+B_conflict,bothFireAndSmoke_CV018890
65.61576467534294,0.8,A,bothFireAndSmoke_CV018902
120.75442219227598,0.7264494570299479,A,bothFireAndSmoke_CV018961
88.94231688241624,0.6590047442890465,A+B,bothFireAndSmoke_CV018962
174.86351651842452,0.3,A+B_conflict,bothFireAndSmoke_CV018970
168.8668439745711,0.3,A+B_conflict,bothFireAndSmoke_CV018971
32.67890566731941,0.6900557646157293,A+B,bothFireAndSmoke_CV018977
354.31949948740333,0.46691969658070676,A+B,bothFireAndSmoke_CV018993
56.71505370820261,0.3,A+B_conflict,bothFireAndSmoke_CV019000
80.7327700127728,0.7261404650766121,A+B,bothFireAndSmoke_CV019003
53.53792609153856,0.3,A+B_conflict,bothFireAndSmoke_CV019006
81.40082061134824,0.6734738162590723,A+B,bothFireAndSmoke_CV019007
128.73301474285824,1.0,A+B,bothFireAndSmoke_CV019016
56.38344937697227,0.6097164703696976,A+B,bothFireAndSmoke_CV019019
356.71019383507,0.8,A,bothFireAndSmoke_CV019024
221.45811651147625,0.20119121815347332,A+B_conflict,bothFireAndSmoke_CV019029
63.365915893212126,0.7938937652710637,A+B,bothFireAndSmoke_CV019031
203.57165408692146,0.7169835929201922,A,bothFireAndSmoke_CV019075
76.41940983116173,0.3,A+B_conflict,bothFireAndSmoke_CV019080
74.25251845684957,0.8,A,bothFireAndSmoke_CV019082
76.78921926643952,0.3,A+B_conflict,bothFireAndSmoke_CV019097
90.06839813330501,0.6606245262761201,A+B,bothFireAndSmoke_CV019103
73.77731514874797,0.7595587863993394,A+B,bothFireAndSmoke_CV019142
66.54813717103168,0.3,A+B_conflict,bothFireAndSmoke_CV019158
211.64561547609983,0.6572922164600858,A,bothFireAndSmoke_CV019173
19.563588851967662,0.3,A+B_conflict,bothFireAndSmoke_CV019179
170.51606744471238,0.7088918996736543,A,bothFireAndSmoke_CV019220
87.45574364744621,0.8,A,bothFireAndSmoke_CV019228
70.35756102620866,0.3,A+B_conflict,bothFireAndSmoke_CV019248
79.04427427187808,0.5670512777810572,A+B,bothFireAndSmoke_CV019271
223.4515946537713,0.7460830835764094,A,bothFireAndSmoke_CV019338
125.2166413592941,0.7562679842542632,A+B,bothFireAndSmoke_CV019363
204.23008187293627,0.6576326006644205,A,bothFireAndSmoke_CV019367
174.47162020944634,0.5740926720675676,A,bothFireAndSmoke_CV019376
206.54260331990272,0.6561453518644497,A,bothFireAndSmoke_CV019385
225.31571076584558,0.7844740045749884,A,bothFireAndSmoke_CV019386
177.5902881100323,0.5752722395493599,A,bothFireAndSmoke_CV019387
163.24102746734596,0.5791592693410516,A,bothFireAndSmoke_CV019399
175.5972766801486,0.5744425889552576,A,bothFireAndSmoke_CV019411
164.92400600523266,0.5730103878335102,A,bothFireAndSmoke_CV019414
66.21553809753964,0.3,A+B_conflict,bothFireAndSmoke_CV019415
178.24548991026214,0.5524623008512289,A,bothFireAndSmoke_CV019419
176.54734355072523,0.5879172937508673,A,bothFireAndSmoke_CV019421
181.8244183129258,0.604023397661297,A,bothFireAndSmoke_CV019427
72.06263522176698,0.3,A+B_conflict,bothFireAndSmoke_CV019454
94.62590466480616,0.8,A,bothFireAndSmoke_CV019457
47.525028272395616,0.7832217831410881,A+B,bothFireAndSmoke_CV019458
76.8141049489267,0.3,A+B_conflict,bothFireAndSmoke_CV019464
28.81306341809343,0.3,A+B_conflict,bothFireAndSmoke_CV019467
168.28510497558096,0.8281369932519602,A+B,bothFireAndSmoke_CV019480
121.89232831486476,0.3,A+B_conflict,bothFireAndSmoke_CV019494
140.67165997964474,0.8453815546660811,A+B,bothFireAndSmoke_CV019501
183.79744960434365,1.0,A+B,bothFireAndSmoke_CV019529
34.671065925179334,0.8,A,bothFireAndSmoke_CV019557
142.9357755847326,0.8,A,bothFireAndSmoke_CV019578
76.39645187137184,0.3,A+B_conflict,bothFireAndSmoke_CV019595
14.07350561192894,0.3,A+B_conflict,bothFireAndSmoke_CV019597
50.37322576250183,1.0,A+B,bothFireAndSmoke_CV019602
187.4721094844895,0.501326241667972,A,bothFireAndSmoke_CV019626
102.01369529142221,0.3,A+B_conflict,bothFireAndSmoke_CV019629
202.39867597730708,0.961034853982047,A+B,bothFireAndSmoke_CV019635
358.01475352518924,0.6313149926405102,A+B,bothFireAndSmoke_CV019664
114.85230356131093,1.0,A+B,bothFireAndSmoke_CV019759
60.15373349140613,0.7509728479868554,A+B,bothFireAndSmoke_CV019785
123.42769389796895,0.6627350404796769,A+B,bothFireAndSmoke_CV019790
114.25016048642262,0.3,A+B_conflict,bothFireAndSmoke_CV019796
111.9431312190394,0.8,A,bothFireAndSmoke_CV019813
80.73634988231417,0.574801141589031,A+B,bothFireAndSmoke_CV019830
125.63431949051957,0.3,A+B_conflict,bothFireAndSmoke_CV019839
56.81950477197243,0.3,A+B_conflict,bothFireAndSmoke_CV019840
140.40423283985808,0.8,A,bothFireAndSmoke_CV019842
50.40580890213357,0.3,A+B_conflict,bothFireAndSmoke_CV019844
173.12485798389292,0.2372205197164532,A+B_conflict,bothFireAndSmoke_CV019845
6.344268023528924,1.0,A+B,bothFireAndSmoke_CV019887
93.5771946142258,0.3,A+B_conflict,bothFireAndSmoke_CV019950
93.59790602411374,0.3,A+B_conflict,bothFireAndSmoke_CV019951
147.48853527791954,0.10945510778473509,B,bothFireAndSmoke_CV019965
102.7581941022462,1.0,A+B,bothFireAndSmoke_CV019988
104.59453477574621,1.0,A+B,bothFireAndSmoke_CV019989
104.89596221347227,1.0,A+B,bothFireAndSmoke_CV019990
109.44308444551997,1.0,A+B,bothFireAndSmoke_CV019993
110.67035823234797,1.0,A+B,bothFireAndSmoke_CV019995
110.74686883676627,1.0,A+B,bothFireAndSmoke_CV019996
111.43148017633779,1.0,A+B,bothFireAndSmoke_CV019997
113.99912769020482,0.8872768225586614,A+B,bothFireAndSmoke_CV019998
129.83052868118162,0.6005028075233825,A+B,bothFireAndSmoke_CV020004
130.66353133004944,0.6300145026551253,A+B,bothFireAndSmoke_CV020005
135.44228659098184,0.8,A,bothFireAndSmoke_CV020015
133.67967306008077,0.6485717859940648,A+B,bothFireAndSmoke_CV020023
109.51740852815041,0.8839735648925747,A+B,bothFireAndSmoke_CV020039
110.71395861931144,0.8429777389497433,A+B,bothFireAndSmoke_CV020041
109.10706354842972,0.8158512296746401,A+B,bothFireAndSmoke_CV020042
114.49776683623713,0.6899940168880707,A+B,bothFireAndSmoke_CV020043
104.3901883306884,1.0,A+B,bothFireAndSmoke_CV020044
96.86237947249904,1.0,A+B,bothFireAndSmoke_CV020067
90.0740805788153,0.3,A+B_conflict,bothFireAndSmoke_CV020131
114.37457792620067,0.5758821132578935,A+B,bothFireAndSmoke_CV020144
90.64229110450849,0.4729464456579876,B,bothFireAndSmoke_CV020146
75.03056839754694,0.8,A,bothFireAndSmoke_CV020148
95.74103118244295,0.647442214649826,A+B,fire_CV000085
337.2708431430422,0.14418668569166562,A+B_conflict,fire_CV000156
165.14337072399934,0.3,A+B_conflict,fire_CV000263
71.95565051346044,0.8,A,fire_CV000284
65.87657501766527,0.3,A+B_conflict,fire_CV000782
63.744682812575746,0.8,A,fire_CV001142
73.91639760389332,0.5555618116920585,A,fire_CV001170
64.01615698352389,0.3,A+B_conflict,fire_CV001216
150.2198048360486,0.1647232011475623,A+B_conflict,fire_CV001263
61.250798406501104,0.8,A,fire_CV001452
70.5866588928317,0.3,A+B_conflict,fire_CV001531
70.61412961710785,0.3,A+B_conflict,fire_CV001754
67.5744588551102,0.3,A+B_conflict,fire_CV001928
67.88578643253481,0.3,A+B_conflict,fire_CV002123
76.34173240943916,1.0,A+B,fire_CV002716
346.164765605647,0.943243183940102,A+B,fire_CV002719
64.6816606943394,0.3,A+B_conflict,fire_CV002951
67.52330995220468,0.3,A+B_conflict,fire_CV003322
66.462907414727,0.3,A+B_conflict,fire_CV003427
63.7993694008284,0.3,A+B_conflict,fire_CV003543
66.87050752100735,0.8,A,fire_CV003612
74.13578547658173,0.3,A+B_conflict,fire_CV004759
66.20413785408853,0.3,A+B_conflict,fire_CV004836
2.01141954312672,0.3,A+B_conflict,fire_CV004931
346.1894911305638,0.9534237046056303,A+B,fire_CV005343
99.61667186194313,0.8,A,fire_CV005986
128.8657923255902,0.3,A+B_conflict,fire_CV006201
64.5145688028153,0.3,A+B_conflict,fire_CV006310
102.90206482162529,0.6704201170605009,A,fire_CV006633
187.41042554246928,0.8,A,fire_CV006836
69.4137987763839,0.3,A+B_conflict,fire_CV006948
130.42734560336442,0.3,A+B_conflict,fire_CV007139
124.53292682520151,0.8,A,fire_CV008137
179.17226705497075,0.5540036851682977,B,neitherFireNorSmoke_CV000630
13.601736815551536,0.7,B,neitherFireNorSmoke_CV000904
131.36909786590113,1.0,A+B,neitherFireNorSmoke_CV001131
10.645177650851789,0.44297463983913976,B,neitherFireNorSmoke_CV001473
179.91069476992388,0.7,B,neitherFireNorSmoke_CV001509
310.4501977111959,0.3,A+B_conflict,neitherFireNorSmoke_CV001920
58.3790171004165,0.13810977193918328,B,neitherFireNorSmoke_CV002051
172.58388927704814,0.7,B,neitherFireNorSmoke_CV002191
86.71399802074656,0.7,B,neitherFireNorSmoke_CV003383
90.95575300024203,0.7,B,neitherFireNorSmoke_CV003783
179.12678254337325,0.7,B,neitherFireNorSmoke_CV004228
2.4248694063585194,0.38987957445091054,B,neitherFireNorSmoke_CV004326
167.5670381087674,0.10749936573991443,B,neitherFireNorSmoke_CV004435
359.9298921501835,0.3,A+B_conflict,neitherFireNorSmoke_CV004497
179.60922869399056,0.24317257708528053,B,neitherFireNorSmoke_CV004628
101.8027390801502,0.7,B,neitherFireNorSmoke_CV004670
3.451176259431926,0.5691223039490926,B,neitherFireNorSmoke_CV004728
95.70396480281865,0.479624183121242,B,neitherFireNorSmoke_CV005957
7.765047711830025,0.7,B,neitherFireNorSmoke_CV005976
4.185093273665526,0.7,B,neitherFireNorSmoke_CV005988
172.0569871182965,0.14117919512854052,B,neitherFireNorSmoke_CV006333
91.01726178318985,0.24450229568245693,B,neitherFireNorSmoke_CV006760
2.9812516447860737,0.8,A,neitherFireNorSmoke_CV007923
98.74403169284518,0.1803791498710648,B,neitherFireNorSmoke_CV008106
7.569239063312592,0.7,B,neitherFireNorSmoke_CV008119
4.981898554673751,0.7,B,neitherFireNorSmoke_CV008200
175.89583454829034,0.7,B,neitherFireNorSmoke_CV008240
0.21942723107729759,0.5532537072840883,B,neitherFireNorSmoke_CV008329
171.21746050497595,0.5494978758069247,B,neitherFireNorSmoke_CV008529
36.054550015200526,0.11166679418926614,B,neitherFireNorSmoke_CV009093
178.34735494476516,0.7,B,neitherFireNorSmoke_CV009133
178.35527793222468,0.43933160562179624,B,neitherFireNorSmoke_CV009140
5.5405867964010165,0.7,B,neitherFireNorSmoke_CV009368
177.3946812058432,0.18683923176197315,B,neitherFireNorSmoke_CV009505
22.019123077948343,0.21485094453672754,B,neitherFireNorSmoke_CV009558
6.628041351724197,0.22154664688361161,B,neitherFireNorSmoke_CV010624
82.33799846308591,0.7,B,neitherFireNorSmoke_CV010951
16.598105073106375,0.7,B,neitherFireNorSmoke_CV011007
11.396339901665664,0.2735817439054894,B,neitherFireNorSmoke_CV011219
100.05712859308449,0.7,B,neitherFireNorSmoke_CV011532
170.0116842688946,0.22304937935539398,B,neitherFireNorSmoke_CV012162
92.44545771351815,0.14543278131058648,B,neitherFireNorSmoke_CV012909
6.153329126135836,0.7,B,neitherFireNorSmoke_CV013192
175.08591840808762,0.2643844230165708,B,neitherFireNorSmoke_CV013735
0.5420326538960464,0.7,B,neitherFireNorSmoke_CV014755
178.35387091532365,0.7,B,neitherFireNorSmoke_CV014930
94.13668059131328,0.3712548017157092,B,neitherFireNorSmoke_CV015574
179.19398350835962,0.7,B,neitherFireNorSmoke_CV015807
91.30802867404239,0.46954555091098715,B,neitherFireNorSmoke_CV015962
94.21003011417645,0.7,B,neitherFireNorSmoke_CV016057
148.843118341371,0.7,B,neitherFireNorSmoke_CV016069
89.09868676475523,0.7,B,neitherFireNorSmoke_CV016084
3.3623604360144923,0.7,B,neitherFireNorSmoke_CV016404
11.05278581381167,0.42129249194689283,B,neitherFireNorSmoke_CV016617
94.85120645965448,0.13316436672410326,B,neitherFireNorSmoke_CV016689
0.5587923653506631,0.17392322549321643,B,neitherFireNorSmoke_CV016868
0.8080854146882878,0.6046860492552933,B,neitherFireNorSmoke_CV017371
32.487246076952175,0.10115441357470055,B,neitherFireNorSmoke_CV017507
0.4237076749775568,0.120247104293313,B,neitherFireNorSmoke_CV017806
38.25111922142467,0.7,B,neitherFireNorSmoke_CV017920
1.0984064228369848,0.5127447950434928,B,neitherFireNorSmoke_CV018774
179.83845513514495,0.7,B,neitherFireNorSmoke_CV018969
98.7352942603155,0.16136413125215476,B,neitherFireNorSmoke_CV019141
235.7351016953058,0.8,A,neitherFireNorSmoke_CV019148
6.447419972832447,0.5062004053149026,B,neitherFireNorSmoke_CV019205
91.29121424813222,0.16668304231580508,B,neitherFireNorSmoke_CV019398
2.601914184651066,0.38911642309320876,B,neitherFireNorSmoke_CV019878
1.270961625362561,0.7,B,neitherFireNorSmoke_CV019884
177.4450455826306,0.7,B,neitherFireNorSmoke_CV020109
177.46230398031707,0.7,B,neitherFireNorSmoke_CV020362
179.53472542043474,0.22127155990169003,B,neitherFireNorSmoke_CV020503
7.6316716992201785,0.7,B,neitherFireNorSmoke_CV020528
1.949588508237596,0.4627593683997554,B,neitherFireNorSmoke_CV020752
98.47610922930302,0.17017938162623128,B,neitherFireNorSmoke_CV020848
0.42249209162147755,0.3722412001153377,B,neitherFireNorSmoke_CV022020
110.06590970291427,0.25932500296720495,B,neitherFireNorSmoke_CV022065
86.2965928198085,0.10202429228876697,B,neitherFireNorSmoke_CV022162
4.151255489340464,0.7,B,neitherFireNorSmoke_CV022189
3.983015530255194,0.7,B,neitherFireNorSmoke_CV022220
29.57651112406073,0.3170234515195446,B,neitherFireNorSmoke_CV022596
179.69138527912992,0.7,B,neitherFireNorSmoke_CV022610
91.00308813500486,0.7,B,neitherFireNorSmoke_CV022701
163.81410285105017,0.24540863522257164,B,neitherFireNorSmoke_CV023261
86.33629746265719,0.6095776836750234,B,neitherFireNorSmoke_CV023619
7.652328534386979,0.27812461847242115,B,neitherFireNorSmoke_CV023914
122.51754573155765,0.2284452817525434,B,neitherFireNorSmoke_CV024271
178.4534687942868,0.7,B,neitherFireNorSmoke_CV024286
3.6172401806267307,0.7,B,neitherFireNorSmoke_CV024305
88.62603552514636,0.7,B,neitherFireNorSmoke_CV024377
102.03594923083375,0.15784883202040334,B,neitherFireNorSmoke_CV024715
106.49278196815078,0.14422918150772804,B,neitherFireNorSmoke_CV024727
172.51714353396207,0.7,B,neitherFireNorSmoke_CV024746
0.008099002577112845,0.5259836851063521,B,neitherFireNorSmoke_CV024755
101.41163072489805,0.7,B,neitherFireNorSmoke_CV024915
94.7474323197769,0.39249302260926994,B,neitherFireNorSmoke_CV025255
0.8760843970993359,0.7,B,neitherFireNorSmoke_CV025285
13.868699577081324,0.24551037039477844,B,neitherFireNorSmoke_CV025716
171.44259680014991,0.7,B,neitherFireNorSmoke_CV025839
0.5411799911291453,0.6496610984732413,B,neitherFireNorSmoke_CV025973
9.417032805114516,0.5428907944113612,B,neitherFireNorSmoke_CV026308
1.350216090640433,0.349606646832262,B,neitherFireNorSmoke_CV026410
0.17309480775405112,0.7,B,neitherFireNorSmoke_CV026451
55.22991271478843,1.0,A+B,neitherFireNorSmoke_CV026530
0.133664807059333,0.5463227400851703,B,neitherFireNorSmoke_CV026586
0.5891428846795986,0.7,B,neitherFireNorSmoke_CV027422
18.447002821692184,0.5546739699735306,B,neitherFireNorSmoke_CV027493
171.15856602651695,0.7,B,neitherFireNorSmoke_CV027589
170.41223352454935,0.13378829681284726,B,neitherFireNorSmoke_CV027640
0.7576392141547962,0.7,B,neitherFireNorSmoke_CV027760
164.30243799649892,0.31877385206632824,B,neitherFireNorSmoke_CV027824
11.132594426756143,0.5704958238599056,B,neitherFireNorSmoke_CV027856
270.37850271300033,0.3,A+B_conflict,neitherFireNorSmoke_CV028125
178.19394760513893,0.7,B,neitherFireNorSmoke_CV028197
9.705587436735719,0.32015623855971714,B,neitherFireNorSmoke_CV028605
172.91841248862943,0.2722420771731162,B,neitherFireNorSmoke_CV028790
3.4535610025215004,0.3030980837788975,B,neitherFireNorSmoke_CV028936
13.34452944859774,0.7057683942404255,A+B,neitherFireNorSmoke_CV028970
176.1038312858199,0.12423987019188117,B,neitherFireNorSmoke_CV030519
142.4750176528307,0.7,B,neitherFireNorSmoke_CV030666
1.5099450816948465,0.7,B,neitherFireNorSmoke_CV030717
5.6284961409507765,0.3924146498475456,B,neitherFireNorSmoke_CV030851
10.090713353748429,0.25380105320931956,B,neitherFireNorSmoke_CV030917
3.4339354396082293,0.1705066708563123,B,neitherFireNorSmoke_CV031069
2.5742780325914203,0.20333328635108983,B,neitherFireNorSmoke_CV031118
93.44413524502181,0.7,B,neitherFireNorSmoke_CV031418
94.522528085243,0.7,B,neitherFireNorSmoke_CV031992
4.769386504811773,0.7,B,neitherFireNorSmoke_CV032044
89.18297281855017,0.5202436539994699,B,neitherFireNorSmoke_CV032312
88.75865309414073,0.7,B,neitherFireNorSmoke_CV032690
101.22851854939134,0.3,A+B_conflict,neitherFireNorSmoke_CV032861
74.68229934798157,0.7,B,neitherFireNorSmoke_CV032940
2.9352723430795615,0.7,B,neitherFireNorSmoke_CV033586
70.53719567610713,0.39957714337202144,B,neitherFireNorSmoke_CV033784
28.580733747976414,0.39292008813035845,B,neitherFireNorSmoke_CV033853
25.23209676145976,0.209283903294708,B,neitherFireNorSmoke_CV033897
3.2665103358534284,0.7,B,neitherFireNorSmoke_CV034275
90.01598400061538,0.09453116998629336,B,neitherFireNorSmoke_CV034513
2.1894169861442174,0.7,B,neitherFireNorSmoke_CV034531
97.5743459883801,0.337476859078708,B,neitherFireNorSmoke_CV034870
103.7911600325889,0.11320118455116089,B,neitherFireNorSmoke_CV035073
45.781617682958064,0.12184396003173782,B,neitherFireNorSmoke_CV035621
11.505506991771579,0.26534595194905963,A+B_conflict,neitherFireNorSmoke_CV035908
0.30543273133007093,0.7,B,neitherFireNorSmoke_CV035927
0.17257253326836597,0.7,B,neitherFireNorSmoke_CV035957
2.4388320450875303,0.18371549319899716,B,neitherFireNorSmoke_CV036075
90.80687167298854,0.7,B,neitherFireNorSmoke_CV036235
163.2883179621784,0.7,B,neitherFireNorSmoke_CV036522
176.21161100765363,0.7,B,neitherFireNorSmoke_CV036523
1.6973829800482299,0.1342446012625589,B,neitherFireNorSmoke_CV036676
106.00475279826858,0.13155504434601337,B,neitherFireNorSmoke_CV036853
0.33890110814820507,0.7,B,neitherFireNorSmoke_CV036867
130.86398052182642,0.12551901889622596,B,neitherFireNorSmoke_CV036946
177.69480571897768,0.7,B,neitherFireNorSmoke_CV037340
145.63703971975497,0.2592103538899864,B,neitherFireNorSmoke_CV037846
21.670337199248003,0.24602856203883708,B,neitherFireNorSmoke_CV038132
114.24468286243278,0.3495906391143033,B,neitherFireNorSmoke_CV038354
174.80796921544058,0.6685959365003004,B,neitherFireNorSmoke_CV038780
87.22562541172091,0.5179977787011483,B,neitherFireNorSmoke_CV038882
6.404356830895786,0.15619140614470134,B,neitherFireNorSmoke_CV039116
89.40534162564131,0.39663287957443083,B,smoke_CV000000
89.98608581968195,0.3661249187540643,B,smoke_CV000002
90.47353121867796,0.2225424633136622,B,smoke_CV000005
89.9011892981653,0.1894670808676932,B,smoke_CV000006
90.36097031186945,0.4295940549622603,B,smoke_CV000012
90.42808071968615,0.2962977063411371,B,smoke_CV000013
90.58414544183233,0.3718533512206927,B,smoke_CV000015
90.45171323390828,0.4124109783333281,B,smoke_CV000018
90.88061463396201,0.39149561775143216,B,smoke_CV000019
90.62004957696375,0.44003786478381696,B,smoke_CV000020
90.73713187100492,0.4123151197463235,B,smoke_CV000021
90.49741096592578,0.3864363204235324,B,smoke_CV000023
90.54612784622417,0.2925401818659582,B,smoke_CV000024
91.1670653935017,0.3208716940886359,B,smoke_CV000026
91.54443226023123,0.3037960829077284,B,smoke_CV000027
90.87979399101494,0.2616368626567093,B,smoke_CV000029
90.33240705584862,0.3584392657110884,B,smoke_CV000030
90.26362065234609,0.3266745997365157,B,smoke_CV000031
90.8822326821506,0.294588329804532,B,smoke_CV000032
91.72498088518215,0.22692523658535665,B,smoke_CV000033
92.24269168664897,0.2972542680416236,B,smoke_CV000034
91.60603670796927,0.551120407828703,B,smoke_CV000035
90.4990821593761,0.7,B,smoke_CV000036
91.59401490451012,0.40207121739521906,B,smoke_CV000038
95.11115534563285,0.24239024489395358,B,smoke_CV000039
102.42961721335132,0.09155990257941071,B,smoke_CV000040
99.90432899523977,0.1327184275328268,B,smoke_CV000041
93.99767435019177,0.30833697009597544,B,smoke_CV000044
93.73523852368726,0.3465705798947498,B,smoke_CV000047
92.41723270277143,0.41826936491339956,B,smoke_CV000051
93.99443223997542,0.45413152205350305,B,smoke_CV000052
97.59369319939313,0.31547566599018245,B,smoke_CV000053
95.35425254180981,0.43812743318972375,B,smoke_CV000054
97.12047370685205,0.35648625981769394,B,smoke_CV000055
95.0506063198729,0.437608508243992,B,smoke_CV000058
94.52388328735837,0.43206536541135304,B,smoke_CV000059
97.40211426905208,0.25565548251816317,B,smoke_CV000060
101.48727569243107,0.16503918388629246,B,smoke_CV000061
103.62837812785502,0.11825813927694259,B,smoke_CV000062
96.18658375328789,0.3946100130827732,B,smoke_CV000069
95.473926040598,0.1990018776040789,B,smoke_CV000070
99.73631826683678,0.24058011717810251,B,smoke_CV000072
84.2775359454478,0.16627261519646938,B,smoke_CV000075
90.22535446169306,0.35024204538664955,B,smoke_CV000083
94.70147187924933,0.37454965493390513,B,smoke_CV000086
93.15799098445702,0.5373047164498019,B,smoke_CV000087
91.16559209705547,0.6323731388101593,B,smoke_CV000088
90.03955534996498,0.09092100793053114,B,smoke_CV000090
89.5137229696558,0.19566285017817886,B,smoke_CV000092
89.58082238422297,0.17555294758546733,B,smoke_CV000097
89.46476784291941,0.2349443701470886,B,smoke_CV000098
89.29277241590941,0.1617578720302284,B,smoke_CV000101
88.27042056405506,0.13178007053000781,B,smoke_CV000105
86.23690179361097,0.1310986624005997,B,smoke_CV000109
78.3378279582095,0.7,B,smoke_CV000111
175.82939359345562,0.39111315259533125,B,smoke_CV000117
178.81991329316273,0.3454328162140255,B,smoke_CV000165
77.79759586386893,0.7,B,smoke_CV000179
71.96111034676382,0.2400511276330434,B,smoke_CV000196
110.75835594841587,0.41212456708246725,B,smoke_CV000212
82.70493951503315,0.7,B,smoke_CV000262
173.67788214895188,0.19494332463688835,B,smoke_CV000285
154.27631952694418,0.3919759957459757,B,smoke_CV000343
173.66821289805029,0.19488505408815768,B,smoke_CV000344
89.48338489665923,0.40778637707394166,B,smoke_CV000359
84.94648939026084,0.4415636788971761,B,smoke_CV000375
83.51814353541681,0.7,B,smoke_CV000414
116.88234923224528,0.20931066095842935,B,smoke_CV000415
22.980278640509027,0.20549435400486868,B,smoke_CV000419
101.35273139993633,0.3048290702456154,B,smoke_CV000427
77.75648437700448,0.7,B,smoke_CV000431
96.7193489448323,0.3057454088050973,B,smoke_CV000435
93.507089904299,0.08859489135228595,B,smoke_CV000438
161.0135395711108,0.4822368671001984,B,smoke_CV000453
116.99291460387496,0.3,A+B_conflict,smoke_CV000463
0.5639371219975041,0.4076496344149613,B,smoke_CV000480
154.27630348470407,0.3919227513329097,B,smoke_CV000533
153.29553283304375,0.37349734604901963,B,smoke_CV000571
82.99897693912648,0.7,B,smoke_CV000572
103.74332815515554,0.904417319398473,A+B,smoke_CV000593
172.48880036479648,0.7,B,smoke_CV000615
2.1215327739642844,0.3681252008539707,B,smoke_CV000629
19.477832555348154,0.1769630582226656,B,smoke_CV000632
174.17079174110768,0.545465312643949,B,smoke_CV000640
22.98133162518814,0.20547731754675133,B,smoke_CV000643
28.98599109546915,0.7,B,smoke_CV000646
66.14235656065235,0.7,B,smoke_CV000684
40.017525770327055,0.3385269918090838,B,smoke_CV000686
174.7588125356042,0.33764623092974116,B,smoke_CV000720
6.167609577000374,0.6573736022076749,B,smoke_CV000726
79.31283800009665,0.7,B,smoke_CV000730
161.56673665062615,0.22899666308252614,B,smoke_CV000739
4.404966741324861,0.09954246487492975,B,smoke_CV000764
2.6682358299590065,0.7,B,smoke_CV000780
11.51266185481844,0.3383510461035377,B,smoke_CV000811
153.29074962071036,0.37390561293663505,B,smoke_CV000816
87.12967430116586,0.09048141302788912,B,smoke_CV000891
119.15510189122556,0.2067541620299452,B,smoke_CV000905
104.98940886611209,0.4156853933763235,B,smoke_CV000921
90.84868696824611,0.5329959366608297,B,smoke_CV000940
11.578614213928343,0.23196622903670802,B,smoke_CV000953
177.95355867653936,0.2752939679315209,B,smoke_CV000969
77.08296853768204,0.7,B,smoke_CV000971
89.48338489665923,0.40778637707394166,B,smoke_CV000995
11.578614213928343,0.23196622903670802,B,smoke_CV001022
82.14385966672214,0.7,B,smoke_CV001035
87.3127236338177,0.7,B,smoke_CV001040
169.01599230717989,0.15694100571702158,B,smoke_CV001072
176.73712326211162,0.3131882156184661,B,smoke_CV001108
178.77616632225093,0.27591779705917224,B,smoke_CV001121
110.47972392269477,0.7,B,smoke_CV001124
1.1048509337659875,0.6377217068455502,B,smoke_CV001136
5.459456063847962,0.36656683711520693,B,smoke_CV001161
116.98556074294032,0.3,A+B_conflict,smoke_CV001204
10.690829930428949,0.10117067796713644,B,smoke_CV001217
2.767831461316471,0.7,B,smoke_CV001221
175.3521812654052,0.2700873323106505,B,smoke_CV001232
118.13586301096453,0.25694209526675627,B,smoke_CV001246
133.4091775772715,0.10235393728466774,B,smoke_CV001305
34.96270995438247,0.37279705598641205,B,smoke_CV001310
109.25486561673517,0.14399820164970448,B,smoke_CV001344
177.39065863700114,0.38918226225194974,B,smoke_CV001386
95.9506883802579,0.11404144675705313,B,smoke_CV001427
97.65895549008158,0.7,B,smoke_CV001467
90.6484832396297,0.6395314711485753,B,smoke_CV001488
174.20407444850372,0.5467347915074222,B,smoke_CV001504
120.39688715201015,0.36214506404820357,B,smoke_CV001535
87.04815633028599,0.7,B,smoke_CV001537
6.665197095031851,0.1259922860713286,B,smoke_CV001560
88.96313636140798,0.1661063149662127,B,smoke_CV001562
85.2028003825085,0.7,B,smoke_CV001567
78.62913911799728,0.7,B,smoke_CV001570
176.4220825030709,0.47213796900586563,B,smoke_CV001582
178.56211577590153,0.47046799304811227,B,smoke_CV001595
15.460507505203918,0.1892285941937551,B,smoke_CV001630
156.34376471487582,0.2777077566388556,B,smoke_CV001635
4.391505020811194,0.23445308719892582,B,smoke_CV001642
69.38981781931113,0.1805321134412681,B,smoke_CV001691
3.291145984142544,0.6137519531834644,B,smoke_CV001712
1.0576976351348233,0.619692381821957,B,smoke_CV001728
87.33354014738619,0.8277338715003584,A+B,smoke_CV001735
81.29205646698202,0.7,B,smoke_CV001741
175.3521812654052,0.2700873323106505,B,smoke_CV001745
2.7049417498275483,0.7,B,smoke_CV001756
5.011611539162947,0.7,B,smoke_CV001764
21.023568175577825,0.28808007570479943,B,smoke_CV001792
60.18130405874616,0.7,B,smoke_CV001802
69.82709646154626,0.42055218583754933,B,smoke_CV001827
1.2252492889646909,0.7,B,smoke_CV001828
179.6999915565697,0.1820127840842799,B,smoke_CV001846
164.43917463283685,0.6431642251055655,B,smoke_CV001886
93.5027460739228,0.08858594409516428,B,smoke_CV001905
55.03250300155834,0.11422406186701713,B,smoke_CV001975
16.991062845739076,0.30568345966540406,B,smoke_CV001987
23.162228276490712,0.21347399912251253,B,smoke_CV002037
3.6021348437388467,0.4627166083432425,B,smoke_CV002052
177.39269466391525,0.3891864795700582,B,smoke_CV002056
134.1131395468921,0.3,A+B_conflict,smoke_CV002070
179.75921384588105,0.3973786186279158,B,smoke_CV002074
91.60585146944692,0.21366805718382692,B,smoke_CV002079
118.05080059652079,0.09511739453351013,B,smoke_CV002115
3.6183698630957424,0.4576515393939978,B,smoke_CV002122
100.53393003346484,0.21665740688977028,B,smoke_CV002171
81.08203155172278,0.33463516842038304,B,smoke_CV002187
141.50573880631762,0.17926546321421236,B,smoke_CV002209
23.147631441270082,0.21338792473206392,B,smoke_CV002219
179.38828849933975,0.42922724093746656,B,smoke_CV002221
177.78831186291933,0.20275693748923818,B,smoke_CV002298
15.745768556642659,0.244895145344459,B,smoke_CV002301
112.43608777342202,0.22936408322981064,B,smoke_CV002303
105.12348151296709,1.0,A+B,smoke_CV002306
179.61265876091608,0.19561827209275223,B,smoke_CV002312
66.14208554453812,0.7,B,smoke_CV002315
38.58984740615767,0.35592749896714215,B,smoke_CV002324
178.56389251911685,0.47058319849517033,B,smoke_CV002342
159.43736839735865,0.3985372099814656,B,smoke_CV002355
10.533025372851887,0.7,B,smoke_CV002360
1.22690658619375,0.7,B,smoke_CV002395
89.3863597684419,0.7,B,smoke_CV002408
10.204753760127051,0.3258506581616612,B,smoke_CV002412
178.34901930103632,0.43480637218822776,B,smoke_CV002422
6.068383397752636,0.6656649839111123,B,smoke_CV002438
13.851071298891602,0.1542122778637128,B,smoke_CV002472
73.29670241762857,0.7,B,smoke_CV002473
179.8911771137188,0.7,B,smoke_CV002483
104.98740568372249,0.41577800449164487,B,smoke_CV002493
5.070969922872644,0.39257531159407105,B,smoke_CV002519
4.404966741324861,0.09954246487492975,B,smoke_CV002536
37.51698540265579,0.26172906928613315,B,smoke_CV002540
7.123260397446051,0.7,B,smoke_CV002543
158.8745974362662,0.23815781193020305,B,smoke_CV002572
83.60878943217894,0.7,B,smoke_CV002574
8.360009252718681,0.09517664868060012,B,smoke_CV002581
16.38521602326836,0.15095158907707903,B,smoke_CV002592
101.35475073565223,0.3049019313896187,B,smoke_CV002618
113.7563150120174,0.7,B,smoke_CV002634
2.7498597485204135,0.7,B,smoke_CV002645
71.08514490595805,0.7,B,smoke_CV002654
178.81733770796822,0.345406359474484,B,smoke_CV002678
179.8911771137188,0.7,B,smoke_CV002698
6.710570363485913,0.1279064710729788,B,smoke_CV002703
87.46646355067857,0.5567331003810381,B,smoke_CV002735
15.09250976086256,0.6203217970295241,B,smoke_CV002737
17.97827850148947,0.09339128467449252,B,smoke_CV002770
15.081061612593874,0.6200264720011532,B,smoke_CV002794
78.65219915234306,0.7,B,smoke_CV002797
89.52450908948894,0.21866665189919518,B,smoke_CV002828
89.9392283960031,0.5326179643151993,B,smoke_CV002831
100.53393003346484,0.21665740688977028,B,smoke_CV002832
2.023904768525765,0.1344838956227599,B,smoke_CV002902
170.31057361221104,0.7,B,smoke_CV002917
92.81426092246527,0.7,B,smoke_CV002996
0.317980359781829,0.7,B,smoke_CV003026
77.14455550386229,0.5231737561971372,B,smoke_CV003034
79.85008666775624,0.7,B,smoke_CV003036
158.19623554029897,0.7,B,smoke_CV003048
76.58763020207256,0.7,B,smoke_CV003109
6.079054547951574,0.0919303465562712,B,smoke_CV003135
80.44490067004585,0.7,B,smoke_CV003157
5.011611539162947,0.7,B,smoke_CV003162
173.4885454893524,0.14516245387930043,B,smoke_CV003164
90.02201988534651,0.6049324836703635,B,smoke_CV003180
19.482654596580083,0.17704264231553427,B,smoke_CV003193
5.457922065606226,0.3665571798336099,B,smoke_CV003222
176.79716532116902,0.31354226788068223,B,smoke_CV003230
16.20361162879965,0.7,B,smoke_CV003256
21.012726610849345,0.28811011779996726,B,smoke_CV003270
165.03673284626115,0.1914882488666599,B,smoke_CV003311
55.030810587762396,0.11418837338102353,B,smoke_CV003344
177.95384463525522,0.2752839384833863,B,smoke_CV003367
106.17418478537103,0.08807306316704308,B,smoke_CV003380
119.15510189122556,0.2067541620299452,B,smoke_CV003393
83.81098112740342,0.32721230678015045,B,smoke_CV003394
106.17418478537103,0.08807306316704308,B,smoke_CV003395
3.6390840866742367,0.09107226499539069,B,smoke_CV003463
1.2165351565464502,0.172148029570588,B,smoke_CV003528
172.48827223866428,0.7,B,smoke_CV003548
176.56090260136548,0.26118583011868796,B,smoke_CV003567
99.3824184830273,0.6504309227086088,B,smoke_CV003588
68.32361489134776,0.6740070547852587,B,smoke_CV003610
176.2548971023187,0.7,B,smoke_CV003620
161.83267252445413,0.7,B,smoke_CV003621
93.90069039036872,0.3,A+B_conflict,smoke_CV003830
10.602002246069613,0.24528801328490105,B,smoke_CV003872
10.906605785173092,0.2500168852003001,B,smoke_CV003875
175.94047154811034,0.5527282382759442,B,smoke_CV003887
175.39609542235712,0.6363407170810361,B,smoke_CV003889
13.85397708130895,0.23091367592002612,B,smoke_CV003897
166.54962509732908,0.3355763701730422,B,smoke_CV003919
12.126668564744847,0.2441621375456459,B,smoke_CV003953
178.52285099819494,0.6455368644120362,B,smoke_CV003954
165.04393625840402,0.3540886288599606,B,smoke_CV003978
7.636699994690588,0.20035976215351198,B,smoke_CV003985
43.34075782070649,0.10569735106341269,B,smoke_CV004026
167.4251519514634,0.7,B,smoke_CV004058
20.082009140818677,0.1977894228269068,B,smoke_CV004078
88.9286235497289,0.43861773310914837,B,smoke_CV004080
158.88568440346597,0.5987560569917484,B,smoke_CV004124
40.18007735385208,0.36531350414667396,B,smoke_CV004131
13.474921740358047,0.7,B,smoke_CV004159
66.46987479573598,0.6374985609151035,B,smoke_CV004165
160.2438586662111,0.09760934569028198,B,smoke_CV004192
178.14976328399453,0.7,B,smoke_CV004222
173.37505638914345,0.7,B,smoke_CV004242
90.97837806508954,0.3277122553274204,B,smoke_CV004244
107.54964476637515,0.6097959642741149,B,smoke_CV004282
61.791779077397294,0.7,B,smoke_CV004351
96.81916270006546,0.14960040135393946,B,smoke_CV004375
46.910619044539295,0.7,B,smoke_CV004396
168.78834726124504,0.306587978750094,B,smoke_CV004506
91.0658713554495,0.7,B,smoke_CV004525
56.48403925775955,0.3721978658408528,B,smoke_CV004536
0.6721638460301282,0.2303188198849045,B,smoke_CV004548
3.7375818534510956,0.582925518323266,B,smoke_CV004558
175.63860919040587,0.7,B,smoke_CV004636
103.80183340134705,0.7,B,smoke_CV004639
95.98422700507825,0.39911856348602354,B,smoke_CV004658
97.98906553018847,0.7,B,smoke_CV004667
156.10299098495625,0.286033831239394,B,smoke_CV004669
86.41455149654247,0.24671478834644436,B,smoke_CV004706
74.4574897572514,0.7,B,smoke_CV004796
176.96643848046634,0.7,B,smoke_CV004802
162.45125689216047,0.11301580904820371,B,smoke_CV004837
90.51859053402951,0.3364256443589899,B,smoke_CV004861
13.096946738367686,0.7,B,smoke_CV004873
0.42771985600986406,0.35654340746441743,B,smoke_CV004900
3.8728963016508757,0.6293385409147553,B,smoke_CV004941
106.0574691365504,0.7,B,smoke_CV005022
23.9499461724272,0.2046314037483385,B,smoke_CV005036
175.87309753131078,0.4191353874590876,B,smoke_CV005043
2.301597769219179,0.7,B,smoke_CV005048
33.984814996008545,0.16951634127156204,B,smoke_CV005051
0.5417267605035034,0.5674453703087492,B,smoke_CV005066
88.37455252792874,0.7,B,smoke_CV005078
174.90475953172822,0.43006505712611104,B,smoke_CV005106
2.1132392908919626,0.6658639654374977,B,smoke_CV005135
111.64956671026292,0.3,A+B_conflict,smoke_CV005163
174.86332840331147,0.18751203903101576,B,smoke_CV005167
20.800235222205973,0.37270596607122336,B,smoke_CV005177
35.84193128641296,0.3,A+B_conflict,smoke_CV005238
174.72342352011898,0.5592715777926256,B,smoke_CV005243
44.043728221100714,0.22858607837959946,B,smoke_CV005252
21.908261496365963,0.7,B,smoke_CV005265
5.133837356860161,0.5352767463761036,B,smoke_CV005269
98.23173946011484,0.2076731611289428,B,smoke_CV005273
45.458324836482156,0.5002775307463528,B,smoke_CV005299
163.0339510518375,0.3534508265110116,B,smoke_CV005317
60.3294092898544,0.1313137829193094,B,smoke_CV005319
96.48044300468372,0.4952190838458199,B,smoke_CV005324
88.46803301111102,0.5630110537118864,B,smoke_CV005362
28.653936695275547,0.7,B,smoke_CV005406
98.01999500522668,0.7,B,smoke_CV005477
103.49393835033756,0.4459550042466603,B,smoke_CV005487
172.89372587740786,0.4300993233282532,B,smoke_CV005491
178.737677442111,0.7,B,smoke_CV005507
102.3941267603612,0.32222519517443726,B,smoke_CV005524
4.976997228140247,0.7,B,smoke_CV005544
1.3189894493757397,0.7,B,smoke_CV005566
164.32745662705543,0.2736901600146591,B,smoke_CV005608
101.324886162168,0.10563999383938864,B,smoke_CV005621
2.8888011362351027,0.18130351744748616,B,smoke_CV005622
90.55925217984701,0.14977957081948368,B,smoke_CV005659
12.037890881078486,0.17741569065064394,B,smoke_CV005662
175.48907249998294,0.7,B,smoke_CV005677
160.64778076463287,0.11811690735009402,B,smoke_CV005754
176.35854572399202,0.6809567170692177,B,smoke_CV005767
175.01365657883747,0.7,B,smoke_CV005773
44.0676706676579,0.1475898265442905,B,smoke_CV005783
102.80457332487006,0.6839379514812933,B,smoke_CV005805
92.9588723193652,0.09478486787346982,B,smoke_CV005892
13.35253804084733,0.33549470166243056,B,smoke_CV005906
176.3065485622291,0.14846240693433796,B,smoke_CV005935
94.38060082056091,0.3967493945216554,B,smoke_CV005954
96.83441433431871,0.410836580012859,B,smoke_CV005957
123.70936574484627,0.10104451846390998,B,smoke_CV005985
169.35849067319566,0.49973909211816975,B,smoke_CV006090
91.66053722969185,0.4207721875805165,B,smoke_CV006111
2.929110701941095,0.5143341490055601,B,smoke_CV006198
98.16659584487294,0.38641024865593165,B,smoke_CV006235
177.15837799162216,0.7,B,smoke_CV006265
2.846733475513339,0.18430509590708477,B,smoke_CV006278
163.0922746924274,0.39358182457684077,B,smoke_CV006289
10.898114501734542,0.346705558199256,B,smoke_CV006322
171.09144992517054,0.2592120792964209,B,smoke_CV006359
106.57429847575764,0.6826147356221623,B,smoke_CV006398
0.6845964920950606,0.7,B,smoke_CV006412
86.95820797565692,0.7,B,smoke_CV006432
174.90384613687678,0.4482894922366979,B,smoke_CV006467
83.68852173169549,0.34970865194845946,B,smoke_CV006527
90.76947384843677,0.33482517834088643,B,smoke_CV006531
167.19298417887057,0.3263903622994145,B,smoke_CV006537
0.7606917008038493,0.7,B,smoke_CV006542
103.07043732686294,0.7,B,smoke_CV006565
98.69312439323991,0.20956229409795624,B,smoke_CV006586
79.90937423453538,0.3930184601215796,B,smoke_CV006704
153.37974241150314,0.7,B,smoke_CV006723
176.99863047923398,0.34448934563135775,B,smoke_CV006742
5.921667598581317,0.21261856794364561,B,smoke_CV006755
96.9735909958742,0.27749168312905315,B,smoke_CV006807
4.040416927884504,0.26441305626816813,B,smoke_CV006813
15.292249192159018,0.09079386445576823,B,smoke_CV006914
88.09937716955726,0.7,B,smoke_CV006919
179.83350994673705,0.6859288912170572,B,smoke_CV007021
9.441564644947698,0.7,B,smoke_CV007035
0.5998848476843677,0.7,B,smoke_CV007051
91.84091028965129,0.22676636268267805,B,smoke_CV007164
0.5324663662135478,0.6937522762598308,B,smoke_CV007200
8.59500702322423,0.687340728800212,B,smoke_CV007227
26.691797608644354,0.14643478494162546,B,smoke_CV007362
54.35945953446764,0.7,B,smoke_CV007365
69.05305107004696,0.7,B,smoke_CV007366
69.9393942455317,0.7,B,smoke_CV007367
36.89496288592319,0.43785551901397834,B,smoke_CV007368
46.876625870024114,0.4732284414521125,B,smoke_CV007369
67.74361814100344,0.7,B,smoke_CV007370
95.22021214361163,0.13277149362446877,B,smoke_CV007373
76.5854854385021,0.7,B,smoke_CV007391
134.17850641218496,0.3,A+B_conflict,smoke_CV007393
92.628029465401,0.42710434558723165,B,smoke_CV007401
78.35359181897641,0.7,B,smoke_CV007411
45.59792221324814,0.203809340096012,B,smoke_CV007421
75.71454961466813,0.7,B,smoke_CV007424
85.6538947805261,0.47729478576583756,B,smoke_CV007440
27.307439870720803,0.270759521101229,B,smoke_CV007457
176.12341539747015,0.30090200649282167,B,smoke_CV007459
31.542454897863387,0.5375622439767317,B,smoke_CV007468
94.53351917895839,0.6085814327164633,B,smoke_CV007474
81.17055242407916,0.7,B,smoke_CV007475
75.34613215904217,0.7,B,smoke_CV007505
179.12315542988765,0.22574357304015683,B,smoke_CV007577
87.71658174744562,0.4983012796835903,B,smoke_CV007620
78.95887148568934,0.7,B,smoke_CV007631
85.670627820726,0.23154935248323347,B,smoke_CV007637
80.77578870906075,0.7,B,smoke_CV007645
79.52226401930412,0.7,B,smoke_CV007651
53.865863576503635,0.3710974307108229,B,smoke_CV007657
78.11205041891608,0.7,B,smoke_CV007666
55.3394448440233,0.160374162736216,B,smoke_CV007669
92.6212296893818,0.699082275524724,B,smoke_CV007671
0.05970707425461937,0.09134395792745888,B,smoke_CV007672
90.27986224789494,0.5031749302004412,B,smoke_CV007676
66.36473505730162,0.12877759307214734,B,smoke_CV007680
88.08006026195307,0.3456636609579259,B,smoke_CV007682
94.05659578615999,0.7,B,smoke_CV007683
1.4031663969955621,0.43469333831984597,B,smoke_CV007690
93.01445712734485,0.47062326458508386,B,smoke_CV007692
81.8613504560772,0.7,B,smoke_CV007705
35.6116871764031,0.3330321591075681,B,smoke_CV007710
60.57461831682808,0.4486638638569539,B,smoke_CV007721
70.41013006255578,0.7,B,smoke_CV007744
1.727989418072348,0.14885301069940648,B,smoke_CV007745
50.14293746706358,0.14216538286984287,B,smoke_CV007753
52.57704949982865,0.4596701015122212,B,smoke_CV007754
79.11220309917516,0.7,B,smoke_CV007760
76.39175076769851,0.11325042589775386,B,smoke_CV007768
57.66218320780034,0.4102824528637304,B,smoke_CV007771
78.89200059033647,0.7,B,smoke_CV007773
92.75175764577541,0.7,B,smoke_CV007774
86.35960816156324,0.7,B,smoke_CV007776
40.96060260811517,0.44379750380171307,B,smoke_CV007782
90.76497825755504,0.7,B,smoke_CV007787
83.6303497707904,0.7,B,smoke_CV007790
85.25373577142905,0.7,B,smoke_CV007791
10.222718393368755,0.665343666562521,B,smoke_CV007798
40.803087551957894,0.1422070616789701,B,smoke_CV007803
75.92068542394793,0.4339375598691111,B,smoke_CV007807
80.90673326268026,0.7,B,smoke_CV007812
82.94067906607968,0.7,B,smoke_CV007815
90.12690385004393,0.7,B,smoke_CV007821
77.1849667152955,0.7,B,smoke_CV007828
87.00572498637669,0.15703141309513707,B,smoke_CV007831
94.43506382690076,0.7,B,smoke_CV007833
91.59904083619271,0.6076841189069135,B,smoke_CV007835
81.31930889912877,0.1356381269836878,B,smoke_CV007847
82.44963142488393,0.7,B,smoke_CV007849
84.2539923164394,0.7,B,smoke_CV007853
79.88964199880854,0.7,B,smoke_CV007857
104.42521605936008,0.39714667061417963,B,smoke_CV007858
116.76300013725401,0.2343090490913688,B,smoke_CV007870
93.62799813200635,0.4153319294083804,B,smoke_CV007880
18.191987527171218,0.7,B,smoke_CV007906
86.04363852472322,0.687982425173962,B,smoke_CV007907
85.68460918873834,0.7,B,smoke_CV007908
85.58340634966046,0.7,B,smoke_CV007914
89.33496937559931,0.7,B,smoke_CV007918
84.67411804308603,0.7,B,smoke_CV007925
62.232900763927304,0.7,B,smoke_CV007929
84.92879719829845,0.6574105031001436,B,smoke_CV007932
123.43072815160659,0.7,B,smoke_CV007938
93.23439802459153,0.7,B,smoke_CV007948
93.17371820626143,0.7,B,smoke_CV007951
95.94200870162179,0.5131267894666228,B,smoke_CV007959
171.08721126399146,0.09297517328533472,B,smoke_CV007968
63.97328278926364,0.7,B,smoke_CV007976
88.94336348487683,0.2799161090288851,B,smoke_CV007978
99.85882557268596,0.19738221450217827,B,smoke_CV007988
78.52266344289964,0.7,B,smoke_CV008002
104.42740017504559,0.13072924115317133,B,smoke_CV008008
79.51710652169257,0.7,B,smoke_CV008014
80.01741038929681,0.7,B,smoke_CV008016
116.85195720181241,0.3300058284335917,B,smoke_CV008020
74.28190988745028,0.31000340737540905,B,smoke_CV008022
81.5094538111812,0.7,B,smoke_CV008023
82.73486349300235,0.7,B,smoke_CV008024
87.00572498637669,0.15703141309513707,B,smoke_CV008029
1.268474204308753,0.2678739527182985,B,smoke_CV008032
79.41678025227861,0.7,B,smoke_CV008035
82.15949667057977,0.7,B,smoke_CV008040
7.933780645692235,0.0908535539815897,B,smoke_CV008050
16.7621611661122,0.7,B,smoke_CV008053
158.8968346168366,0.09657868735414506,B,smoke_CV008055
79.24015664141687,0.7,B,smoke_CV008065
79.26029780942952,0.7,B,smoke_CV008081
74.85820809099431,0.31159596270854445,B,smoke_CV008082
143.25556569755565,0.2877325751680173,B,smoke_CV008091
78.97592993772876,0.7,B,smoke_CV008094
119.13510492323901,0.22584904010727008,B,smoke_CV008103
79.2869461842694,0.7,B,smoke_CV008105
88.27683604596471,0.22694518560069596,B,smoke_CV008108
112.76268216859236,0.23638587535329658,B,smoke_CV008125
88.26606961651896,0.7,B,smoke_CV008133
78.88547634687009,0.7,B,smoke_CV008139
10.830588108629463,0.5024881324481072,B,smoke_CV008141
69.76089408690731,0.19036222967969402,B,smoke_CV008145
102.8473333953901,0.18483777192841197,B,smoke_CV008147
91.67772659287517,0.7,B,smoke_CV008148
101.66140177972193,0.09567350912198005,B,smoke_CV008158
68.25628100612931,0.48716230346400846,B,smoke_CV008169
112.81231779599024,0.7,B,smoke_CV008179
71.19616437967056,0.7,B,smoke_CV008186
92.76233531653814,0.3065413248056215,B,smoke_CV008201
158.13080038283047,0.7,B,smoke_CV008204
78.4578354432187,0.1265389254124157,B,smoke_CV008209
74.30510394839943,0.11561844669749054,B,smoke_CV008223
139.82604268817425,0.349725962344319,B,smoke_CV008235
96.82772321432986,0.206450262604024,B,smoke_CV008241
21.037348722394892,0.35324743711771134,B,smoke_CV008243
76.92434129570482,0.7,B,smoke_CV008246
179.85812906782826,0.18623505557786282,B,smoke_CV008261
62.45141971767547,0.6958731563334387,B,smoke_CV008262
104.53821345455592,0.21321199969131793,B,smoke_CV008266
160.91471806711505,0.2038569256328317,B,smoke_CV008274
35.78423392722004,0.21772342774381365,B,smoke_CV008282
168.78203695728666,0.11802971143030422,B,smoke_CV008283
35.078320340709574,0.3821883010529738,B,smoke_CV008286
159.94062542935316,0.7,B,smoke_CV008288
146.91519031465862,0.26141113686713174,B,smoke_CV008295
78.83288505823205,0.7,B,smoke_CV008297
20.74822293365357,0.2528947091685884,B,smoke_CV008303
116.35342454922258,0.09639285908351607,B,smoke_CV008307
82.80169568957882,0.16629978391440828,B,smoke_CV008312
172.62950942222253,0.7,B,smoke_CV008314
106.81411184041391,0.5685455582580278,B,smoke_CV008352
72.01750762271912,0.1714595145066003,B,smoke_CV008361
101.84064987476876,0.7,B,smoke_CV008373
14.767034147213003,0.6487248591478729,B,smoke_CV008379
69.99485527388819,0.6315822746274029,B,smoke_CV008403
62.45765106474641,0.11978296474415599,B,smoke_CV008416
164.00254711165616,0.09535833412661002,B,smoke_CV008421
123.19676676805251,0.2677659891644095,B,smoke_CV008427
0.9001979796531884,0.42536952407467177,B,smoke_CV008445
70.88143431070014,0.13582666936501347,B,smoke_CV008456
67.67122428872803,0.5091418064192563,B,smoke_CV008468
11.448618212519612,0.43851953645037656,B,smoke_CV008479
47.07603833977708,0.7,B,smoke_CV008490
179.8739775530491,0.3828546202197417,B,smoke_CV008491
42.25919564396981,0.7,B,smoke_CV008501
63.23537760905041,0.34595217899403846,B,smoke_CV008512
54.6760977855557,0.7,B,smoke_CV008535
43.485624722072906,0.5326041043101106,B,smoke_CV008543
26.664501790674816,0.7,B,smoke_CV008554
80.19824544811496,0.7,B,smoke_CV008560
30.34460375993076,0.7,B,smoke_CV008575
31.69424167934027,0.5186671266016865,B,smoke_CV008583
9.224617550127567,0.6727359239963229,B,smoke_CV008587
14.953924508282833,0.7,B,smoke_CV008591
67.77354529637252,0.7,B,smoke_CV008599
38.63406597352375,0.5813505634427262,B,smoke_CV008606
49.78735398333442,0.6620281601662529,B,smoke_CV008616
65.1880099849969,0.49524458261080184,B,smoke_CV008620
56.45282526862446,0.7,B,smoke_CV008621
90.73218090393796,0.144950057187399,B,smoke_CV008625
46.232373747666955,0.3952492093399935,B,smoke_CV008626
169.30740473392456,0.40204276780817516,B,smoke_CV008627
74.13871812427827,0.5752827173558834,B,smoke_CV008629
33.78873333629404,0.7,B,smoke_CV008634
36.18036668203308,0.7,B,smoke_CV008635
60.731937226257756,0.7,B,smoke_CV008640
74.06273053527488,0.7,B,smoke_CV008641
69.55814396046938,0.7,B,smoke_CV008642
47.76715813347267,0.7,B,smoke_CV008643
89.49764393410877,0.3621562139561973,B,smoke_CV008644
70.97948128708933,0.7,B,smoke_CV008645
57.61555467083439,0.7,B,smoke_CV008651
60.439037313568775,0.7,B,smoke_CV008652
72.66181118349282,0.7,B,smoke_CV008654
72.79910627937507,0.7,B,smoke_CV008655
77.3812826027652,0.7,B,smoke_CV008657
66.96451586750148,0.7,B,smoke_CV008658
66.48551888410532,0.7,B,smoke_CV008661
50.994518493172365,0.7,B,smoke_CV008663
48.60299799278653,0.7,B,smoke_CV008664
43.741202342946686,0.7,B,smoke_CV008665
39.90523922773396,0.7,B,smoke_CV008666
40.930177621546456,0.4769130207334356,B,smoke_CV008669
85.65147151023889,0.08842843948273824,B,smoke_CV008671
59.177060382410374,0.5162629982921886,B,smoke_CV008672
1.2519983444747451,0.33095078082149093,B,smoke_CV008673
38.48343962152316,0.5147735465024549,B,smoke_CV008674
56.39066461033508,0.6020786431966377,B,smoke_CV008676
72.66350241091853,0.7,B,smoke_CV008678
84.73920658609528,0.7,B,smoke_CV008679
28.558736705672366,0.6010218360357786,B,smoke_CV008680
9.684406345261982,0.4193952260338379,B,smoke_CV008681
58.40179600485956,0.32227716345753565,B,smoke_CV008684
59.12430479432007,0.5817936380495101,B,smoke_CV008685
41.11440660286066,0.36443775768114567,B,smoke_CV008686
2.473804186992212,0.24607757622333667,B,smoke_CV008688
27.88060298300229,0.645992683984701,B,smoke_CV008691
38.75775468363305,0.47123113999604466,B,smoke_CV008692
47.790188139684325,0.3719529483921307,B,smoke_CV008694
22.06750416379852,0.14847074802250643,B,smoke_CV008695
23.699208510866065,0.18577845240059213,B,smoke_CV008697
30.343811632318317,0.12544528652524592,B,smoke_CV008698
29.02612189354816,0.3841281572080156,B,smoke_CV008699
60.86524307245134,0.3214423693760791,B,smoke_CV008700
75.72057865764623,0.7,B,smoke_CV008702
45.67025409343697,0.30429868404034893,B,smoke_CV008703
0.0,0.3251452870304748,B,smoke_CV008704
31.968169075467593,0.2801059720866522,B,smoke_CV008705
63.5445187786971,0.7,B,smoke_CV008706
29.106377264929304,0.44385107169258686,B,smoke_CV008707
64.72115125436937,0.1089866195771514,B,smoke_CV008708
54.19067785826126,0.7,B,smoke_CV008710
127.04141760612694,0.10374302852347786,B,smoke_CV008711
68.545331327858,0.5319150203957492,B,smoke_CV008713
46.6167065829511,0.7,B,smoke_CV008716
30.28590578444908,0.7,B,smoke_CV008717
50.53731921958347,0.6861526731571327,B,smoke_CV008718
61.09899552841343,0.5111986556693364,B,smoke_CV008719
70.22816037382881,0.7,B,smoke_CV008721
59.04757688283942,0.2757372726958648,B,smoke_CV008722
53.63962685761851,0.42722253906561153,B,smoke_CV008723
63.849178207460575,0.10534390246933965,B,smoke_CV008724
56.91683367586163,0.3824782507056581,B,smoke_CV008725
42.23234093879071,0.7,B,smoke_CV008727
46.73856059743509,0.4722128473040065,B,smoke_CV008728
73.03575767439915,0.7,B,smoke_CV008729
57.536597775535945,0.6660578642858072,B,smoke_CV008731
5.14329890612284,0.7,B,smoke_CV008733
17.444283254751056,0.7,B,smoke_CV008734
43.656756938620454,0.7,B,smoke_CV008735
37.428945947615226,0.7,B,smoke_CV008738
29.380809387505664,0.7,B,smoke_CV008740
25.359873256197126,0.7,B,smoke_CV008741
50.69435346289962,0.16839867357634164,B,smoke_CV008742
60.76888513623908,0.7,B,smoke_CV008743
57.70901785798261,0.505934551337543,B,smoke_CV008745
52.45932099556933,0.2753311611126096,B,smoke_CV008746
62.32478926128745,0.7,B,smoke_CV008747
47.809600024920904,0.6632774986701192,B,smoke_CV008748
47.96220951325934,0.45793311860302904,B,smoke_CV008750
12.916358343559125,0.1787946077679901,B,smoke_CV008751
53.25799087901016,0.7,B,smoke_CV008753
76.94862641079953,0.2975238351753189,B,smoke_CV008754
73.43968880469136,0.14313727259218176,B,smoke_CV008755
74.54034384818966,0.10209173420751835,B,smoke_CV008756
69.84296330259988,0.7,B,smoke_CV008757
179.75542224221715,0.4530362514536446,B,smoke_CV008760
48.14425321695455,0.4517834992584973,B,smoke_CV008763
54.139969053834236,0.4304408369967001,B,smoke_CV008764
179.85896202563328,0.2520215214466967,B,smoke_CV008765
52.37512612662773,0.5123778273056948,B,smoke_CV008766
28.73127107343923,0.4002654592652217,B,smoke_CV008767
43.75705813943942,0.4459293457809541,B,smoke_CV008768
32.066280520210256,0.44543058837578364,B,smoke_CV008770
55.725991897904244,0.7,B,smoke_CV008771
68.94805214380236,0.4235248407268237,B,smoke_CV008772
45.96243838566368,0.6995298105245394,B,smoke_CV008773
38.33365996688732,0.7,B,smoke_CV008774
32.650140944921375,0.22614044747735043,B,smoke_CV008777
45.07465408194376,0.15469646376381543,B,smoke_CV008779
55.10890052207839,0.34962767992237637,B,smoke_CV008780
64.48038017625984,0.3269001675324537,B,smoke_CV008781
39.47211950595079,0.7,B,smoke_CV008782
56.983974172592944,0.2557807512190475,B,smoke_CV008783
45.50184514012673,0.55135328017823,B,smoke_CV008784
61.058686822751156,0.3832722953854329,B,smoke_CV008785
86.46960515769625,0.4995580853136737,B,smoke_CV008786
166.96803384220368,0.17369721250488837,B,smoke_CV008787
86.15887057505823,0.19654812822889103,B,smoke_CV008788
84.36552472151509,0.41578683031696473,B,smoke_CV008790
69.2419179645506,0.4452827166397026,B,smoke_CV008792
16.979051537221025,0.12247636767416563,B,smoke_CV008802
103.10170680142487,0.4161775530209902,B,smoke_CV008803
73.93873110711043,0.6501991236241144,B,smoke_CV008804
131.99703264464347,0.10747056456061617,B,smoke_CV008805
10.996422093262877,0.4299796818542941,B,smoke_CV008806
38.14769880065206,0.7,B,smoke_CV008810
62.41566074792032,0.7,B,smoke_CV008813
46.39909088147846,0.664957405360147,B,smoke_CV008814
90.0,0.09011008522727272,B,smoke_CV008815
48.28274900458414,0.5698175110158885,B,smoke_CV008816
27.102213578679624,0.1325226295996116,B,smoke_CV008817
47.974750772283954,0.24900088131927614,B,smoke_CV008818
178.11551888292462,0.24062438893677388,B,smoke_CV008819
26.560184933196876,0.09569207607632974,B,smoke_CV008821
13.661912266609672,0.12478929904017515,B,smoke_CV008823
90.0,0.08777777777777777,B,smoke_CV008826
116.75158698326732,0.19041203285157787,B,smoke_CV008827
137.4026887903062,0.27528097173316973,B,smoke_CV008829
163.1796285713835,0.16417561563270672,B,smoke_CV008832
90.0,0.2748487903225806,B,smoke_CV008835
88.94962428737821,0.25176435896856053,B,smoke_CV008836
65.01183300713849,0.7,B,smoke_CV008838
89.64227259854368,0.09821760236651264,B,smoke_CV008839
67.64044980907238,0.7,B,smoke_CV008841
76.63921902582103,0.7,B,smoke_CV008844
90.0,0.12275735294117646,B,smoke_CV008845
90.0,0.20879578246392896,B,smoke_CV008847
90.0,0.12757289879931388,B,smoke_CV008852
0.0,0.13089798850574713,B,smoke_CV008855
90.0,0.1361373721782751,B,smoke_CV008856
70.78678479720412,0.14698007564475007,B,smoke_CV008858
66.82657337153373,0.7,B,smoke_CV008860
90.0,0.1280172413793103,B,smoke_CV008862
55.84851931657744,0.7,B,smoke_CV008864
82.52586474657154,0.14901483389028547,B,smoke_CV008865
60.33261662542467,0.5378047157678835,B,smoke_CV008870
59.008758717890686,0.1684634599691248,B,smoke_CV008871
53.48510494064287,0.7,B,smoke_CV008875
42.791831908631686,0.17802497763781838,B,smoke_CV008876
59.14037647870182,0.7,B,smoke_CV008877
34.589607645634814,0.19063525392068886,B,smoke_CV008878
7.934591855043555,0.3044560405325142,B,smoke_CV008880
21.00809128711499,0.16363676227873405,B,smoke_CV008881
90.0,0.15149486836233825,B,smoke_CV008882
87.10262180434432,0.21030962417870475,B,smoke_CV008884
46.421718699350876,0.6052247883663177,B,smoke_CV008887
2.1481792254302987,0.6646883668360077,B,smoke_CV008889
56.598420715750315,0.4004978821704685,B,smoke_CV008890
179.99123717185284,0.6012838700285698,B,smoke_CV008891
45.74750056339414,0.4190662905615918,B,smoke_CV008893
55.36016945215163,0.41260016488368095,B,smoke_CV008895
28.36754125084204,0.3562898777444069,B,smoke_CV008896
18.187685816893865,0.1592516211456994,B,smoke_CV008899
0.0,0.45283008036739375,B,smoke_CV008900
0.0,0.19886363636363633,B,smoke_CV008903
22.18453856096306,0.2465288603490041,B,smoke_CV008904
48.51164530864363,0.45456310957223545,B,smoke_CV008905
0.0,0.11573033707865171,B,smoke_CV008908
0.0,0.1066085055303095,B,smoke_CV008911
179.9377122644683,0.12765233311511132,B,smoke_CV008912
51.459439995678196,0.45828981927776613,B,smoke_CV008913
172.38744409182857,0.10501924279665413,B,smoke_CV008914
0.0,0.13614541330645158,B,smoke_CV008915
163.5949448975018,0.1483200056782824,B,smoke_CV008917
2.8784552559379177,0.3256904560571547,B,smoke_CV008918
3.8358657159603213,0.2547810990609381,B,smoke_CV008920
24.917607440502184,0.7,B,smoke_CV008924
147.62290011106643,0.17645424812202504,B,smoke_CV008929
0.0,0.22767676767676764,B,smoke_CV008931
0.0,0.09151103565365026,B,smoke_CV008934
44.61227799871262,0.4765481960575959,B,smoke_CV008936
9.673142736556702,0.19366645928435672,B,smoke_CV008937
43.64681629018828,0.7,B,smoke_CV008945
0.0,0.24358012170385396,B,smoke_CV008947
0.0,0.7,B,smoke_CV008949
176.73807141234764,0.4145092454314519,B,smoke_CV008950
175.36443104571822,0.4333603277130767,B,smoke_CV008951
0.0,0.1652777777777778,B,smoke_CV008956
90.0273799179734,0.14867296473339006,B,smoke_CV008959
59.23774720456374,0.5893780503522712,B,smoke_CV008960
49.24652634976681,0.5694567010009145,B,smoke_CV008962
0.0,0.3138372747747747,B,smoke_CV008964
90.0,0.09970930232558137,B,smoke_CV008967
69.86633879084279,0.7,B,smoke_CV008968
80.62759643959619,0.2003766977976975,B,smoke_CV008969
90.0,0.14238975817923186,B,smoke_CV008972
88.17030167956578,0.11880242858517857,B,smoke_CV008977
90.33191293882304,0.13390129712333623,B,smoke_CV008978
69.44613246176512,0.7,B,smoke_CV008979
63.80675294327875,0.7,B,smoke_CV008980
174.30948548410484,0.16109637283336234,B,smoke_CV008981
0.0,0.17535653650254668,B,smoke_CV008985
179.55544300442088,0.45828083022599414,B,smoke_CV008987
35.10343107700293,0.7,B,smoke_CV008988
177.15505531185445,0.2724849914022506,B,smoke_CV008993
8.672391089574365,0.08872481254227677,B,smoke_CV008994
0.0,0.2929452054794521,B,smoke_CV008995
58.98973569126902,0.3163494917356971,B,smoke_CV008997
175.52019439178724,0.2672113604690255,B,smoke_CV008999
90.33765897620879,0.20952130026597673,B,smoke_CV009001
0.0,0.18741633199464516,B,smoke_CV009004
0.0,0.18621527777777777,B,smoke_CV009006
57.07464919688937,0.22164511786351604,B,smoke_CV009007
0.0,0.14192073170731703,B,smoke_CV009008
175.64944183003496,0.3711834142654505,B,smoke_CV009009
53.27761078538299,0.1383310250940558,B,smoke_CV009010
58.043192888675605,0.7,B,smoke_CV009012
94.76514895873298,0.13043596133911428,B,smoke_CV009013
0.0,0.2730557256582976,B,smoke_CV009014
2.594491766304174,0.14768034125321974,B,smoke_CV009017
90.0,0.18217358299595138,B,smoke_CV009018
72.92634250091386,0.7,B,smoke_CV009021
70.84669867121598,0.7,B,smoke_CV009024
179.9746505764156,0.17845022267530872,B,smoke_CV009025
0.0,0.14841880341880342,B,smoke_CV009029
14.616483462978927,0.4577921134718475,B,smoke_CV009031
35.728257795930034,0.5397872531903662,B,smoke_CV009034
179.81117428564346,0.2851102433467036,B,smoke_CV009036
93.95916560314294,0.14459064338983185,B,smoke_CV009038
160.50214658621297,0.28853580345329316,B,smoke_CV009041
90.0,0.12549220401691333,B,smoke_CV009042
179.98913705206655,0.19330618070027034,B,smoke_CV009046
151.50597670291188,0.09192429468047936,B,smoke_CV009047
56.92198594200637,0.7,B,smoke_CV009049
137.31134667803883,0.09528683537082563,B,smoke_CV009050
39.834419121640344,0.7,B,smoke_CV009054
34.87861862190923,0.7,B,smoke_CV009055
30.549643836861105,0.36579472657016854,B,smoke_CV009056
41.10789087608243,0.12131053612683315,B,smoke_CV009059
5.860550271844548,0.32877374731112174,B,smoke_CV009060
63.974195743778644,0.2957457433848347,B,smoke_CV009061
63.236631404133185,0.5356613392103323,B,smoke_CV009062
100.89600885373189,0.4446646285260217,B,smoke_CV009063
160.69661224613267,0.20485979974431306,B,smoke_CV009064
8.650819998291976,0.23361733527607828,B,smoke_CV009065
122.10472927449409,0.10935184801557477,B,smoke_CV009066
174.93533582935606,0.7,B,smoke_CV009067
41.62570726387556,0.7,B,smoke_CV009072
7.191368937952191,0.10840199983281937,B,smoke_CV009073
60.6894996818461,0.7,B,smoke_CV009077
74.73231330333402,0.15598851532911157,B,smoke_CV009078
43.72055106268049,0.20891075436993964,B,smoke_CV009080
175.18085299238987,0.31506207722622714,B,smoke_CV009082
172.7302938274963,0.6557135281896607,B,smoke_CV009083
61.950066597128185,0.2573415726828992,B,smoke_CV009084
30.163354339963536,0.7,B,smoke_CV009085
2.8788238993928883,0.5878316932984622,B,smoke_CV009086
3.5587048270862263,0.1670811185928051,B,smoke_CV009087
17.538787640706712,0.15365684132472918,B,smoke_CV009088
47.62504357906449,0.7,B,smoke_CV009089
0.13168925581268354,0.16169212548178877,B,smoke_CV009090
16.704989218070892,0.46210314056966323,B,smoke_CV009092
71.89053700200054,0.19150402383256504,B,smoke_CV009094
4.525613354533991,0.5535819895681946,B,smoke_CV009095
3.2404428467055633,0.5708693256720306,B,smoke_CV009097
17.323371369429424,0.45624695321738773,B,smoke_CV009098
45.18918308629166,0.7,B,smoke_CV009099
37.970990409571776,0.503753981000008,B,smoke_CV009102
2.249731268602622,0.38933754559100797,B,smoke_CV009103
37.13664382539273,0.3629552016609535,B,smoke_CV009104
52.78388540374402,0.7,B,smoke_CV009106
19.13933075252042,0.7,B,smoke_CV009108
78.25392846642957,0.41960287483412717,B,smoke_CV009109
18.235050260378983,0.4758572872070702,B,smoke_CV009110
63.86224342583701,0.15857096574254118,B,smoke_CV009111
75.37114092853776,0.3150023582737119,B,smoke_CV009115
33.424383979990175,0.7,B,smoke_CV009119
59.356523283806126,0.3895539241823816,B,smoke_CV009121
75.98563759460203,0.3505091252205302,B,smoke_CV009122
49.99980585961261,0.6952024029155643,B,smoke_CV009123
82.90944022778372,0.25790167636899997,B,smoke_CV009125
171.08907849606814,0.13777287019820245,B,smoke_CV009128
48.96620209568985,0.7,B,smoke_CV009130
0.0,0.3651506849315068,B,smoke_CV009134
75.12850083409367,0.7,B,smoke_CV009137
178.6509017318474,0.10733911838202932,B,smoke_CV009138
175.5552326015955,0.6922353924636504,B,smoke_CV009139
63.3512204956737,0.3412247511424687,B,smoke_CV009140
33.34556189964415,0.34946151655365565,B,smoke_CV009142
68.91831902175353,0.24617539109393488,B,smoke_CV009144
31.147723303841794,0.7,B,smoke_CV009146
11.509530988996286,0.3497512458850396,B,smoke_CV009147
7.465796206633488,0.38668935165808616,B,smoke_CV009148
89.15081577282979,0.3890289602225192,B,smoke_CV009150
35.93076359093759,0.7,B,smoke_CV009151
20.626932435972268,0.13170251566021335,B,smoke_CV009152
63.19487376344804,0.7,B,smoke_CV009157
47.361762189281485,0.7,B,smoke_CV009161
39.22027395861405,0.31328369101397097,B,smoke_CV009162
0.7220356414383571,0.7,B,smoke_CV009165
93.10679037422331,0.7,B,smoke_CV009166
179.96146049706192,0.3630765118551617,B,smoke_CV009168
68.26752311437143,0.24901383613938058,B,smoke_CV009170
57.94801438005582,0.12990015940304864,B,smoke_CV009171
0.005339134535294004,0.13124480793484017,B,smoke_CV009172
38.29548430751581,0.2516522956261561,B,smoke_CV009174
74.68633924767543,0.7,B,smoke_CV009175
65.5762278851068,0.28789430023615104,B,smoke_CV009176
25.902623770125142,0.7,B,smoke_CV009177
56.80416012746507,0.7,B,smoke_CV009179
52.29374357570075,0.2937554926176728,B,smoke_CV009181
56.42833964747535,0.23762195049377344,B,smoke_CV009182
79.2044757868128,0.7,B,smoke_CV009184
71.48530353353475,0.7,B,smoke_CV009186
2.3337627627757964,0.124581083562594,B,smoke_CV009190
64.8299725673238,0.7,B,smoke_CV009192
70.16836219669838,0.7,B,smoke_CV009193
45.719499373028704,0.5364484878735294,B,smoke_CV009195
42.45222551551119,0.7,B,smoke_CV009198
45.964422647575326,0.7,B,smoke_CV009201
62.60455729874698,0.7,B,smoke_CV009202
70.24733284809562,0.7,B,smoke_CV009206
90.19693922578419,0.3156335351267154,B,smoke_CV009210
66.14884543547305,0.7,B,smoke_CV009213
59.26669665842802,0.7,B,smoke_CV009214
74.0980431711113,0.7,B,smoke_CV009215
68.69522439401639,0.7,B,smoke_CV009217
76.72343250663603,0.3914757502685225,B,smoke_CV009219
91.58091332812377,0.1122614661713146,B,smoke_CV009222
104.86930228818476,0.35075415358618983,B,smoke_CV009224
2.9906727128304915,0.5483031354436707,B,smoke_CV009225
3.222556023655723,0.09158373364740224,B,smoke_CV009226
57.84431311638204,0.4188329240312833,B,smoke_CV009228
0.0,0.30539215686274507,B,smoke_CV009229
0.0,0.37818170362903225,B,smoke_CV009231
0.13435019890517222,0.525897075128072,B,smoke_CV009232
64.68129854957432,0.7,B,smoke_CV009234
50.3816257037434,0.7,B,smoke_CV009236
33.72749722486444,0.2198407168156453,B,smoke_CV009242
27.86350508797519,0.2449005740083371,B,smoke_CV009244
179.39181684569743,0.17265481419581458,B,smoke_CV009247
177.9122748746206,0.217190916978301,B,smoke_CV009249
0.3778932262698171,0.25505141575398144,B,smoke_CV009250
72.46457803752247,0.31688077188666797,B,smoke_CV009253
1.7680008750721201,0.1393932316708201,B,smoke_CV009256
62.03870006841712,0.3462620886983191,B,smoke_CV009258
1.2545065594246505,0.155761481810427,B,smoke_CV009259
38.07586211317003,0.40604116661778966,B,smoke_CV009261
68.3284884882131,0.44734819099101425,B,smoke_CV009263
35.575639259603726,0.18187299365076112,B,smoke_CV009264
54.1217994260131,0.25661580188454636,B,smoke_CV009265
44.7746524121159,0.5243119761186176,B,smoke_CV009266
2.352279053586697,0.17519936097326133,B,smoke_CV009270
53.2089007740465,0.6423651972366315,B,smoke_CV009271
117.73839844851344,0.6663870836545033,B,smoke_CV009273
2.0167967848594235,0.12784101494296563,B,smoke_CV009274
54.38207023177043,0.7,B,smoke_CV009275
42.8301739813687,0.7,B,smoke_CV009276
1.5189449332230616,0.21293108383589202,B,smoke_CV009277
27.24144297857958,0.7,B,smoke_CV009283
61.340980991820565,0.7,B,smoke_CV009284
39.23766044176461,0.17325848156195917,B,smoke_CV009287
179.4487648140131,0.1353627237493987,B,smoke_CV009289
58.3804931296361,0.19576365410485436,B,smoke_CV009290
52.56513419879552,0.13763598671408112,B,smoke_CV009293
178.88857597999683,0.24772709962323536,B,smoke_CV009295
140.09395792767148,0.1648834531568298,B,smoke_CV009298
179.97847320594738,0.28673502133961465,B,smoke_CV009299
58.2475524365978,0.7,B,smoke_CV009301
0.05447103536123298,0.12111782957651594,B,smoke_CV009304
177.8991003559079,0.33792593540237637,B,smoke_CV009306
21.643984612399127,0.42605926490368295,B,smoke_CV009309
47.29798341987844,0.5454429881833968,B,smoke_CV009312
178.76292017234442,0.4010448999116574,B,smoke_CV009313
27.220206977490104,0.19622779299168994,B,smoke_CV009314
49.766717810365975,0.20279709230829918,B,smoke_CV009315
54.74163386224258,0.10673844012979164,B,smoke_CV009316
88.04583487191302,0.10570433395771367,B,smoke_CV009321
0.1625939515280551,0.09959368615938557,B,smoke_CV009322
1.4931713586088837,0.10192005558192452,B,smoke_CV009325
179.60193390925568,0.27259131176345675,B,smoke_CV009326
63.7441520961188,0.34380009625642005,B,smoke_CV009328
5.224609862439879,0.12431886199813151,B,smoke_CV009332
179.81581746135964,0.32205850675159187,B,smoke_CV009337
53.774134920925505,0.7,B,smoke_CV009338
10.953314824916554,0.09844772994078635,B,smoke_CV009339
36.86912170290046,0.3247127758030829,B,smoke_CV009345
91.09740085926956,0.12008283672636277,B,smoke_CV009348
61.99877383266197,0.7,B,smoke_CV009349
0.16590964261942498,0.1208821182175307,B,smoke_CV009350
89.91341406812667,0.17931910529949613,B,smoke_CV009351
55.38254586685114,0.09510002571419063,B,smoke_CV009355
49.17834903476718,0.6559568648510097,B,smoke_CV009357
11.526618277620845,0.13546418891799736,B,smoke_CV009365
1.26096146617156,0.3037677302710327,B,smoke_CV009366
3.9226062529127548,0.18898447077720082,B,smoke_CV009367
54.54949288943847,0.10276499418370036,B,smoke_CV009369
21.356961633919852,0.19669093119676187,B,smoke_CV009371
2.8261668514104437,0.11993313886582095,B,smoke_CV009374
48.27038138374066,0.09973571376032372,B,smoke_CV009377
41.33770853475036,0.681289048045893,B,smoke_CV009378
56.83923665264221,0.48941414396474453,B,smoke_CV009379
1.1590373638446283,0.6234884447820014,B,smoke_CV009382
5.396131020978056,0.21141593294993877,B,smoke_CV009385
18.236351782798817,0.2720454580918509,B,smoke_CV009394
20.243116124459274,0.13703450755186453,B,smoke_CV009396
0.9451775858767819,0.21063024215712323,B,smoke_CV009399
162.19230674920686,0.09446911746805911,B,smoke_CV009404
17.67602789322529,0.0905626918323509,B,smoke_CV009406
50.510374097571976,0.3812904689781026,B,smoke_CV009407
53.98283293520538,0.6333913857628504,B,smoke_CV009409
28.30005795394625,0.20022291190856953,B,smoke_CV009410
59.917448011836676,0.6003760179661104,B,smoke_CV009413
36.24066937353587,0.09925995938208756,B,smoke_CV009414
177.3526048255146,0.0949923348510112,B,smoke_CV009416
5.077638255506503,0.3674035892687637,B,smoke_CV009417
175.45954749432704,0.4426473451391236,B,smoke_CV009418
133.64604107874572,0.17478087167951586,B,smoke_CV009419
0.07395612895890226,0.21138937829001447,B,smoke_CV009421
16.291177878138317,0.7,B,smoke_CV009422
31.959079846583794,0.7,B,smoke_CV009426
32.32614155916062,0.7,B,smoke_CV009428
49.85670611794718,0.41300868745011166,B,smoke_CV009430
29.76898819001989,0.7,B,smoke_CV009431
40.0343637511887,0.7,B,smoke_CV009433
13.908809956485133,0.11068116740834218,B,smoke_CV009436
29.39975831553801,0.7,B,smoke_CV009437
58.05353765709356,0.7,B,smoke_CV009438
38.772241337409504,0.7,B,smoke_CV009441
88.77421846475113,0.09433237449791866,B,smoke_CV009442
85.9826246469811,0.15970563326222387,B,smoke_CV009445
6.25384965807705,0.11467595600286151,B,smoke_CV009447
69.76731885209976,0.7,B,smoke_CV009448
11.219958315253765,0.2061545968282779,B,smoke_CV009449
127.8353949330756,0.0948649128975298,B,smoke_CV009451
72.71818003489388,0.7,B,smoke_CV009453
59.27715965519634,0.7,B,smoke_CV009457
73.30439639461783,0.46690325157971224,B,smoke_CV009458
19.974009916201418,0.10446391082626745,B,smoke_CV009462
57.97661612917769,0.7,B,smoke_CV009463
76.53011145763637,0.7,B,smoke_CV009464
54.57009591899547,0.7,B,smoke_CV009465
31.815094322895014,0.7,B,smoke_CV009469
43.31010538059068,0.7,B,smoke_CV009470
24.382879870297323,0.2244714844721915,B,smoke_CV009471
62.33106120756351,0.7,B,smoke_CV009473
41.182045294898934,0.7,B,smoke_CV009476
22.77764799799936,0.25339302173749173,B,smoke_CV009478
169.03211196944267,0.3330396049507131,B,smoke_CV009482
21.548393061310136,0.18452394785648854,B,smoke_CV009485
3.0444729304576486,0.5132451575964058,B,smoke_CV009487
38.71715337976966,0.22408198262751441,B,smoke_CV009488
38.389999183818176,0.5119311151226699,B,smoke_CV009489
48.54414108406358,0.17507167991302344,B,smoke_CV009492
65.9467489745859,0.1522460208207211,B,smoke_CV009494
22.90661619982205,0.3811623700095007,B,smoke_CV009495
178.50494871652083,0.27528648060051264,B,smoke_CV009497
35.666726042422745,0.2634396898274259,B,smoke_CV009498
47.59617938340198,0.49854065975121753,B,smoke_CV009499
50.00538585990751,0.39476729058957805,B,smoke_CV009502
0.768565433886008,0.28680660548468984,B,smoke_CV009503
19.65800572924433,0.7,B,smoke_CV009505
40.43693604653236,0.5201482864348439,B,smoke_CV009506
37.38909641647084,0.4030313058183654,B,smoke_CV009507
31.18792896865697,0.10638769607557831,B,smoke_CV009509
6.700060403440633,0.23579059107920386,B,smoke_CV009510
26.773556154867943,0.3848167960540722,B,smoke_CV009511
145.58023707226616,0.15272770092017648,B,smoke_CV009514
50.24625798988077,0.11944783172788187,B,smoke_CV009515
106.08989939953973,0.1747198678676355,B,smoke_CV009516
171.92347696028924,0.17330346597886567,B,smoke_CV009517
2.592688741859821,0.1578147635394238,B,smoke_CV009520
143.8007961587989,0.13839095575290822,B,smoke_CV009521
20.70679615206481,0.7,B,smoke_CV009522
11.39325993701383,0.7,B,smoke_CV009524
11.060309807064309,0.4276955353532247,B,smoke_CV009525
32.177993280117896,0.19569572322920148,B,smoke_CV009526
27.342531426389062,0.09358223362532771,B,smoke_CV009528
176.5694872805803,0.11314655968150554,B,smoke_CV009529
54.56847626816664,0.39675005832346893,B,smoke_CV009530
32.37431182887349,0.1549466000009829,B,smoke_CV009531
49.5932549575642,0.24262707208896758,B,smoke_CV009532
6.979556902297107,0.41018411353452544,B,smoke_CV009533
23.773537605685586,0.26676541697572526,B,smoke_CV009535
173.25744913979068,0.22133074839873873,B,smoke_CV009538
176.49860132564197,0.38008558278065796,B,smoke_CV009539
9.47731881565766,0.20150333380158147,B,smoke_CV009540
58.599408017280126,0.3067210686699634,B,smoke_CV009542
4.476020094015156,0.46106067898594894,B,smoke_CV009543
3.299002145095405,0.13284565951091676,B,smoke_CV009545
177.59808226119475,0.1355261876522735,B,smoke_CV009546
21.63513203925673,0.3086992434711063,B,smoke_CV009549
14.561096652208683,0.12395991094265443,B,smoke_CV009550
25.68836298336853,0.2596899923440952,B,smoke_CV009551
34.19870497167378,0.2790818364206777,B,smoke_CV009552
13.444654416145779,0.24378671706232088,B,smoke_CV009554
44.90266277067426,0.11402241804402051,B,smoke_CV009558
9.973486338006984,0.11647747780357631,B,smoke_CV009559
31.67194183338573,0.5036546100390068,B,smoke_CV009562
13.700226365111073,0.162010325033505,B,smoke_CV009568
5.082478491525282,0.3270628243287854,B,smoke_CV009570
31.396648465483587,0.27857166073385475,B,smoke_CV009575
30.175098001288983,0.14850884841066575,B,smoke_CV009576
53.39518880150745,0.7,B,smoke_CV009577
63.14041307520981,0.2051915380513775,B,smoke_CV009583
12.671585906049607,0.7,B,smoke_CV009585
16.028778321318885,0.11627902577262857,B,smoke_CV009586
18.825190958145615,0.36937087524809314,B,smoke_CV009587
8.803400262653048,0.29941254887630997,B,smoke_CV009589
74.8532521984688,0.15383133050858705,B,smoke_CV009591
173.3605304777642,0.3830437439202294,B,smoke_CV009593
178.3148788977958,0.27658111813980046,B,smoke_CV009595
48.98342322405825,0.17158837579956598,B,smoke_CV009596
33.425752986761914,0.18507946019454255,B,smoke_CV009598
7.7369415076177654,0.35777525108260205,B,smoke_CV009603
176.87478867621246,0.12594002919925715,B,smoke_CV009609
55.27274421366224,0.35012984556518023,B,smoke_CV009612
50.077687993820405,0.10797910053325722,B,smoke_CV009615
155.5720741200073,0.09089562581896737,B,smoke_CV009622
56.906316345600224,0.18800673463709636,B,smoke_CV009623
99.22050458191852,0.11956390927967195,B,smoke_CV009625
35.32631553315633,0.13990963326921332,B,smoke_CV009630
25.65999649271803,0.10506509987452027,B,smoke_CV009631
3.145893767598752,0.37262838454958114,B,smoke_CV009633
26.502428489972917,0.6316566737022017,B,smoke_CV009635
179.4692012770978,0.39084831075978044,B,smoke_CV009636
178.9443006818965,0.5204165395734267,B,smoke_CV009638
51.50438996192797,0.42726302920525605,B,smoke_CV009639
57.93909105395519,0.43816976538583413,B,smoke_CV009640
13.244154971633657,0.15086019485221083,B,smoke_CV009641
22.83474343446486,0.13038170641999722,B,smoke_CV009645
62.22363865771291,0.13063137701634636,B,smoke_CV009648
5.873327799770341,0.0885230419298814,B,smoke_CV009652
19.369307987315057,0.6035292495902619,B,smoke_CV009655
49.481624788360875,0.3558592898602282,B,smoke_CV009656
172.60573981389896,0.3908456748930377,B,smoke_CV009662
28.0091798903589,0.38960824996504195,B,smoke_CV009667
78.58165143729941,0.10845403848284885,B,smoke_CV009673
71.09633340492063,0.7,B,smoke_CV009678
19.800026261600372,0.20405719036134107,B,smoke_CV009685
62.6496501252678,0.1780614593045394,B,smoke_CV009687
49.177569723049864,0.40049479022783463,B,smoke_CV009690
23.92766982304979,0.43502617741681,B,smoke_CV009695
6.775127734799837,0.5029847059796317,B,smoke_CV009700
64.6856660306154,0.7,B,smoke_CV009702
14.50112314282135,0.2871060661505919,B,smoke_CV009704
74.94950436126634,0.7,B,smoke_CV009708
8.805478226744139,0.6033945080516875,B,smoke_CV009709
22.24981839240391,0.5200983830062371,B,smoke_CV009711
58.59902757287618,0.2891825328813253,B,smoke_CV009712
54.20057225255438,0.25298465238788187,B,smoke_CV009715
76.60235909583889,0.7,B,smoke_CV009730
36.85137419221751,0.2000223826337657,B,smoke_CV009738
161.15096101476013,0.1226922259793131,B,smoke_CV009742
179.4667597078265,0.32025448510870363,B,smoke_CV009745
179.88113931127438,0.3255799347893184,B,smoke_CV009747
82.90818082085025,0.7,B,smoke_CV009748
33.1482458169481,0.16416526009295423,B,smoke_CV009756
101.98050615334493,0.6266238085962834,B,smoke_CV009760
48.91093172148635,0.7,B,smoke_CV009762
50.85355982258732,0.7,B,smoke_CV009765
18.823482730265034,0.7,B,smoke_CV009766
179.2723538289793,0.09668463914848191,B,smoke_CV009767
54.737573834723314,0.6114581279895892,B,smoke_CV009768
32.31020914781893,0.40448831591847156,B,smoke_CV009769
25.317738385588406,0.16798636724296723,B,smoke_CV009770
60.645688727536836,0.7,B,smoke_CV009771
32.91396010755404,0.09774041488566845,B,smoke_CV009772
92.23178854608223,0.6593400167430552,B,smoke_CV009773
51.13968638634215,0.7,B,smoke_CV009775
67.14524657915076,0.36493290790737365,B,smoke_CV009779
1.9277473529243292,0.21033653051180806,B,smoke_CV009780
81.19491270522703,0.1678240165816222,B,smoke_CV009783
61.77230316658508,0.7,B,smoke_CV009784
15.32961100417864,0.22424548036855213,B,smoke_CV009788
79.27427481338437,0.7,B,smoke_CV009790
17.088242746297993,0.1426769280624919,B,smoke_CV009792
66.22205288851454,0.7,B,smoke_CV009795
49.89072567509809,0.632807993210113,B,smoke_CV009799
120.6301384935657,0.4503774081034728,B,smoke_CV009845
117.26407859294979,0.6805259059178889,B,smoke_CV009846
100.34860705481631,0.7,B,smoke_CV009848
92.72695688017419,0.7,B,smoke_CV009851
76.07878347469165,0.7,B,smoke_CV009879
74.97685093932422,0.7,B,smoke_CV009880
72.9871515268565,0.7,B,smoke_CV009882
70.75886304255398,0.7,B,smoke_CV009884
70.98887785069797,0.7,B,smoke_CV009885
71.67665673316604,0.7,B,smoke_CV009886
84.73034969649822,0.2562431588683939,B,smoke_CV009890
101.313064773269,0.15695491944490247,B,smoke_CV009892
105.27969456695253,0.13526230411184623,B,smoke_CV009893
110.63349743917041,0.12994246992126127,B,smoke_CV009894
120.74677710287705,0.11074750696179385,B,smoke_CV009896
99.99583783240874,0.7,B,smoke_CV009907
93.72564600718616,0.7,B,smoke_CV009909
121.47328932300846,0.16467397055800936,B,smoke_CV009911
112.74736684179535,0.6571599278769255,B,smoke_CV009913
23.731544338212895,0.2757399485035712,B,smoke_CV009997
25.418239564192056,0.2759869293126246,B,smoke_CV009998
27.066220398902267,0.25088582649382046,B,smoke_CV009999
25.741069640744566,0.20892822479416978,B,smoke_CV010000
23.770443856468336,0.092616814227943,B,smoke_CV010004
29.975370437112616,0.0956236573555576,B,smoke_CV010005
25.272814756483125,0.09062098444254825,B,smoke_CV010006
20.818274891968347,0.09259908111759155,B,smoke_CV010013
22.332763468105313,0.10950500707054707,B,smoke_CV010018
89.67695007388224,0.6588707911938694,B,smoke_CV010136
103.21012274160287,0.7,B,smoke_CV010442
89.44231809653921,0.19597111556851918,B,smoke_CV010444
118.16971326846539,0.2066512538412063,B,smoke_CV010445
98.09433055377498,0.15643163387195494,B,smoke_CV010446
121.01047095774388,0.7,B,smoke_CV010448
118.07801647670604,0.7,B,smoke_CV010449
115.71741972836463,0.400259168170902,B,smoke_CV010450
90.0,0.7,B,smoke_CV010451
90.0,0.7,B,smoke_CV010452
91.72554015335295,0.12956472820214013,B,smoke_CV010453
106.29434681114653,0.7,B,smoke_CV010455
110.21381216007713,0.09391661686717319,B,smoke_CV010456
111.43520004151623,0.47813858118521413,B,smoke_CV010457
116.55364339935473,0.32789189403206465,B,smoke_CV010458
120.39701115666897,0.1835965312879191,B,smoke_CV010460
103.84257271226268,0.7,B,smoke_CV010464
100.24445531906295,0.1352309208737341,B,smoke_CV010465
90.0,0.22563186449649333,B,smoke_CV010466
108.05705632032067,0.14706029195932274,B,smoke_CV010467
123.34912112249542,0.1410213968757083,B,smoke_CV010468
95.42330525883646,0.6533086091627595,B,smoke_CV010469
98.77958289608061,0.1162456385892465,B,smoke_CV010470
107.68087754375853,0.7,B,smoke_CV010472
121.342629649168,0.1601727489822586,B,smoke_CV010475
90.98872185509045,0.7,B,smoke_CV010476
116.8310123997481,0.1939596806564403,B,smoke_CV010477
90.0935587705738,0.16091278910914877,B,smoke_CV010478
111.87158245543908,0.7,B,smoke_CV010479
122.02305064466422,0.7,B,smoke_CV010481
97.86995113043638,0.1684079076109322,B,smoke_CV010483
124.37504435027638,0.1250223221807726,B,smoke_CV010484
90.009203784969,0.3035461709258342,B,smoke_CV010485
90.2018063516211,0.14907927721290332,B,smoke_CV010487
91.80087458170844,0.09395981700187409,B,smoke_CV010488
90.0,0.6302546445446734,B,smoke_CV010489
90.0,0.13940080563947632,B,smoke_CV010491
117.2906827602699,0.44813950948762593,B,smoke_CV010493
122.91748466657613,0.24486983146684713,B,smoke_CV010494
115.29947331053087,0.10847574881236113,B,smoke_CV010495
121.919798005753,0.7,B,smoke_CV010496
116.31283825258654,0.43128452793280087,B,smoke_CV010498
139.5512374317409,0.1051699035195568,B,smoke_CV010500
133.38084100046467,0.2071003774086585,B,smoke_CV010502
119.39604031870687,0.7,B,smoke_CV010504
126.89276748091281,0.23220222228820064,B,smoke_CV010507
125.86350040205217,0.27360165984713636,B,smoke_CV010508
115.12595669561736,0.6023299454228551,B,smoke_CV010509
141.11060220888245,0.12211179639060982,B,smoke_CV010510
150.44787772995795,0.13649779828092792,B,smoke_CV010516
137.49816755003937,0.15083563827569615,B,smoke_CV010518
119.380303826087,0.7,B,smoke_CV010522
142.9506826623264,0.1413029765101327,B,smoke_CV010523
139.66296835452454,0.12694984022146324,B,smoke_CV010526
123.6634151512145,0.7,B,smoke_CV010527
116.87809578770297,0.3837005455707037,B,smoke_CV010528
132.56226941228255,0.241035162392564,B,smoke_CV010532
143.5898665694839,0.15652540493114603,B,smoke_CV010537
120.97912025048635,0.33130297753447524,B,smoke_CV010541
123.73674179065667,0.3796726743774743,B,smoke_CV010543
136.1232176585176,0.13864442517723558,B,smoke_CV010544
128.97100880933687,0.17101916679962112,B,smoke_CV010545
121.31399201716496,0.5296444951775147,B,smoke_CV010548
131.22436827147604,0.1555476872720944,B,smoke_CV010550
130.49112938747265,0.12982526026628974,B,smoke_CV010551
118.07240436692179,0.7,B,smoke_CV010554
127.96793329543728,0.14542023753776778,B,smoke_CV010556
134.90705342989204,0.13594568270178928,B,smoke_CV010558
132.81463827167258,0.21880048659850657,B,smoke_CV010559
123.34017263409577,0.7,B,smoke_CV010560
125.5657100466946,0.20788525031984834,B,smoke_CV010561
121.8650980052194,0.7,B,smoke_CV010563
126.93988692232281,0.11450079793530751,B,smoke_CV010564
87.53446838719013,0.09401848328386682,B,smoke_CV010565
128.33903103020552,0.152654365098853,B,smoke_CV010566
127.47815248234693,0.14880510897160662,B,smoke_CV010567
127.40761497319647,0.18279171886411047,B,smoke_CV010568
114.42109029119725,0.7,B,smoke_CV010569
92.62734267427989,0.2965462117327559,B,smoke_CV010573
129.99091680546488,0.27383047483045325,B,smoke_CV010576
113.4996167762409,0.7,B,smoke_CV010579
118.89294126826194,0.15999174479556993,B,smoke_CV010584
114.66782677235773,0.5182742539353218,B,smoke_CV010589
118.62146833714496,0.09512645122906134,B,smoke_CV010590
109.72770210224785,0.11795167626772297,B,smoke_CV010592
117.29929518631546,0.31110064386670444,B,smoke_CV010593
119.10471278955693,0.23682708452182602,B,smoke_CV010601
90.73507818925913,0.2273147976465929,B,smoke_CV010602
112.86386137850175,0.5289558610056201,B,smoke_CV010606
111.71167905336402,0.2240531417240713,B,smoke_CV010607
111.77423080235575,0.529455977568808,B,smoke_CV010608
90.0,0.3458,B,smoke_CV010609
106.46762469797298,0.15067261868706677,B,smoke_CV010610
109.08377729776473,0.1556557909712333,B,smoke_CV010612
111.14835498892069,0.7,B,smoke_CV010616
100.74430245163481,0.16676584733343344,B,smoke_CV010619
112.2725928649537,0.3498492928102583,B,smoke_CV010620
98.90354044865104,0.2387202003242571,B,smoke_CV010623
110.80648972910531,0.35713375076737014,B,smoke_CV010624
90.00633864173246,0.39653057013022114,B,smoke_CV010627
109.17830816710789,0.6555726171963705,B,smoke_CV010631
107.73805883162765,0.18307025148025813,B,smoke_CV010632
110.32905395125272,0.2913204078657652,B,smoke_CV010634
111.74775634841131,0.4874049108562802,B,smoke_CV010636
110.94576576208287,0.26696114979592667,B,smoke_CV010641
109.9555948833151,0.7,B,smoke_CV010643
108.64123642145015,0.24117825985341068,B,smoke_CV010644
104.61015150383321,0.2915523020403065,B,smoke_CV010645
103.40740961640769,0.26016602934833893,B,smoke_CV010646
109.59130866059583,0.7,B,smoke_CV010647
107.0888444664892,0.7,B,smoke_CV010650
103.89777979515002,0.3826169489838598,B,smoke_CV010651
102.54033698582407,0.4149195919362858,B,smoke_CV010653
98.08446142628283,0.3922057763800777,B,smoke_CV010656
99.98436324630323,0.4477503826670311,B,smoke_CV010659
95.40825209420939,0.4186300351714903,B,smoke_CV010660
97.74152948561068,0.5814736068180459,B,smoke_CV010663
101.72973987433987,0.7,B,smoke_CV010664
96.84255380983736,0.7,B,smoke_CV010667
99.88046117598826,0.7,B,smoke_CV010668
95.01264681213834,0.7,B,smoke_CV010669
95.23950179020581,0.7,B,smoke_CV010673
95.38799771082986,0.7,B,smoke_CV010674
96.28623477498994,0.7,B,smoke_CV010675
95.73150587683067,0.7,B,smoke_CV010676
89.50296926292779,0.7,B,smoke_CV010677
93.79068835354516,0.7,B,smoke_CV010678
89.9868874523142,0.7,B,smoke_CV010679
92.13574846389507,0.7,B,smoke_CV010680
85.2206968008842,0.7,B,smoke_CV010684
92.45282956400204,0.7,B,smoke_CV010685
93.78475538340983,0.5567232773866738,B,smoke_CV010686
90.0,0.48827490592196465,B,smoke_CV010689
90.0,0.5904574360456714,B,smoke_CV010691
93.12005410599126,0.4602557565358194,B,smoke_CV010692
87.43005527470739,0.7,B,smoke_CV010695
90.0,0.6720207413809068,B,smoke_CV010696
87.8012567695441,0.5864994191371026,B,smoke_CV010700
87.39308413407738,0.5941694737228894,B,smoke_CV010702
85.53905527566539,0.6042041693423278,B,smoke_CV010703
86.96708084674427,0.34342755125485075,B,smoke_CV010704
84.76646182149574,0.6552004195530442,B,smoke_CV010705
87.768071184021,0.7,B,smoke_CV010707
79.48492311016078,0.7,B,smoke_CV010708
83.72405273642364,0.16255176790606543,B,smoke_CV010709
85.56849232978509,0.4780017688994785,B,smoke_CV010710
88.82412262926108,0.3848088790070645,B,smoke_CV010711
89.88874286445021,0.29703890252528464,B,smoke_CV010713
84.14300128279973,0.2303089485466523,B,smoke_CV010717
76.24336392164031,0.7,B,smoke_CV010718
90.0,0.3210907197709228,B,smoke_CV010719
96.1312094082902,0.17264418828151587,B,smoke_CV010720
85.12244307965587,0.32534097314063504,B,smoke_CV010721
88.53816792708031,0.6849280336879936,B,smoke_CV010722
83.40367139302535,0.23875692489067693,B,smoke_CV010723
87.52553929399015,0.25504001516833574,B,smoke_CV010725
84.5036309615286,0.12835279584775666,B,smoke_CV010728
89.53394270066019,0.29202452863388184,B,smoke_CV010733
90.0,0.5285532994923858,B,smoke_CV010735
90.0,0.5644434099431166,B,smoke_CV010736
88.88795069623141,0.410003495351582,B,smoke_CV010739
90.0,0.6037795641624526,B,smoke_CV010744
87.26698453732038,0.3627815926300931,B,smoke_CV010746
90.0,0.6075224479830724,B,smoke_CV010748
83.62629678776979,0.5310680693944757,B,smoke_CV010752
85.72778785605888,0.3712433025643447,B,smoke_CV010753
82.03932975788356,0.6494139552634725,B,smoke_CV010754
90.0,0.49149976711690735,B,smoke_CV010755
90.84280377520001,0.45418016416295065,B,smoke_CV010757
81.42367405701083,0.7,B,smoke_CV010758
81.83850701032308,0.46911673623649214,B,smoke_CV010760
80.7371867972081,0.3878282383700174,B,smoke_CV010761
88.43262010824554,0.5356839037944636,B,smoke_CV010762
86.02324496263904,0.4454253865738468,B,smoke_CV010763
75.66822233034776,0.7,B,smoke_CV010765
77.60141719396391,0.47298938327242895,B,smoke_CV010769
80.78404874635612,0.3336142993464245,B,smoke_CV010770
77.72852224216324,0.5297865214755794,B,smoke_CV010771
73.33692732985696,0.26311877307667053,B,smoke_CV010772
73.88780377160475,0.21930247400802957,B,smoke_CV010774
86.35764923741152,0.32502720886228337,B,smoke_CV010777
176.51832075994074,0.10358210051264671,B,smoke_CV010787
65.0318076098397,0.4663588928458351,B,smoke_CV010789
170.63956166299167,0.0969367252706145,B,smoke_CV010792
59.742959772431895,0.7,B,smoke_CV010797
64.97307992538678,0.17491161734757665,B,smoke_CV010798
174.11044768229632,0.17622967675017306,B,smoke_CV010799
2.1372220017167147,0.22322057550304086,B,smoke_CV010800
1.1938683128148617,0.16405430893641818,B,smoke_CV010801
175.20482953441265,0.13979415353452526,B,smoke_CV010807
169.0785728678312,0.26554245179209485,B,smoke_CV010809
177.0508657097055,0.22089027695905636,B,smoke_CV010810
3.2357452533194433,0.11710387987845818,B,smoke_CV010811
169.17508313187633,0.14070494165376732,B,smoke_CV010813
173.77279388152533,0.35915043055215135,B,smoke_CV010817
169.0202114407549,0.1766133422170716,B,smoke_CV010827
174.6749722313885,0.1721784348760195,B,smoke_CV010828
159.81728680239397,0.13866945158466185,B,smoke_CV010831
42.15767985776133,0.7,B,smoke_CV010843
24.893283802941202,0.31701580665163387,B,smoke_CV010845
37.23289698755742,0.7,B,smoke_CV010850
34.34200842769859,0.7,B,smoke_CV010852
0.0,0.13268696581196576,B,smoke_CV010854
30.31339844494974,0.7,B,smoke_CV010855
23.996906101724644,0.7,B,smoke_CV010857
24.58017875549092,0.7,B,smoke_CV010858
0.0,0.28334578043315906,B,smoke_CV010859
0.0,0.2953125,B,smoke_CV010860
15.310406427411165,0.44583571291193697,B,smoke_CV010861
179.6053824581672,0.15668349403208431,B,smoke_CV010862
24.313705962719162,0.7,B,smoke_CV010865
26.19776833441502,0.7,B,smoke_CV010867
27.426944978851978,0.7,B,smoke_CV010868
0.37720811149753486,0.15799525314042653,B,smoke_CV010869
21.435655206126732,0.7,B,smoke_CV010871
34.39872595780524,0.7,B,smoke_CV010872
0.15397522721873397,0.22936161099650626,B,smoke_CV010874
0.2735201172753118,0.21211683158301192,B,smoke_CV010876
32.94670390117061,0.7,B,smoke_CV010877
0.0,0.13031914893617022,B,smoke_CV010880
35.179284875039556,0.7,B,smoke_CV010882
35.32451661022607,0.7,B,smoke_CV010883
39.77206263952443,0.7,B,smoke_CV010885
11.768181519010971,0.1952293141214656,B,smoke_CV010886
13.41672839568249,0.24896603146408863,B,smoke_CV010887
6.445940589066954,0.15027999204241996,B,smoke_CV010888
31.5283976248934,0.7,B,smoke_CV010889
34.05124148152609,0.7,B,smoke_CV010891
27.620465965947364,0.6328608410533879,B,smoke_CV010895
26.838546781611537,0.7,B,smoke_CV010900
10.080736113524035,0.5383655617445745,B,smoke_CV010901
0.0,0.1685151778205789,B,smoke_CV010902
30.94580592070802,0.7,B,smoke_CV010903
27.185327399696,0.7,B,smoke_CV010905
10.812319693835175,0.5548121615303727,B,smoke_CV010907
11.562590457818523,0.5339222733772006,B,smoke_CV010910
0.0,0.29512718922520464,B,smoke_CV010911
1.9995866829269573,0.3651439214747876,B,smoke_CV010913
0.0,0.27672955974842756,B,smoke_CV010914
25.560845402972486,0.7,B,smoke_CV010916
23.47088386237757,0.7,B,smoke_CV010917
11.243155347196817,0.560667666676992,B,smoke_CV010918
0.0,0.18514597039473676,B,smoke_CV010919
1.587369554797604,0.39090061015525274,B,smoke_CV010921
18.20963549713808,0.7,B,smoke_CV010933
51.36870151071663,0.4094439144816006,B,smoke_CV010948
50.3314975664579,0.6539974587530599,B,smoke_CV010952
44.109578294201114,0.602660976715865,B,smoke_CV010954
41.765311684861196,0.7,B,smoke_CV010960
43.91402337739315,0.25963472180193453,B,smoke_CV010963
10.155802959062973,0.09862237663302457,B,smoke_CV010969
26.98582333754908,0.25982998515417816,B,smoke_CV010971
39.516048237423036,0.20168665972588307,B,smoke_CV010974
174.63221144853625,0.0940594585656128,B,smoke_CV010977
32.81924587420747,0.5321781736430301,B,smoke_CV010978
31.80767261412602,0.5639619649958724,B,smoke_CV010980
30.68914784716818,0.30765502549160284,B,smoke_CV010983
26.662358306689864,0.4889536115705868,B,smoke_CV010992
9.33704752775679,0.31353799021473633,B,smoke_CV010994
18.693495789824727,0.18507161681928586,B,smoke_CV010996
1.3897448409654245,0.13825593607384307,B,smoke_CV010997
8.16717547174148,0.1977333249387382,B,smoke_CV010998
19.88078298086398,0.37034192564212737,B,smoke_CV011001
43.375338178879915,0.12442794086134584,B,smoke_CV011011
90.0,0.0958839485458613,B,smoke_CV011015
51.18337964454033,0.09920942629992723,B,smoke_CV011017
40.30749061827493,0.16786086428652353,B,smoke_CV011024
59.64942343782454,0.21272094952289125,B,smoke_CV011027
28.59606497705341,0.11403130710885202,B,smoke_CV011030
27.11010584311628,0.09917213928346733,B,smoke_CV011031
53.98675728747563,0.32097330028819654,B,smoke_CV011036
48.38992140302724,0.5071622891013327,B,smoke_CV011038
47.2265279669709,0.5228566000515332,B,smoke_CV011043
20.631337446647795,0.13378882008854934,B,smoke_CV011044
40.236977446748504,0.18367287951473188,B,smoke_CV011045
40.17037522633041,0.28296060671894613,B,smoke_CV011055
39.02433596820779,0.6297415666706325,B,smoke_CV011058
36.98406117628065,0.21353340584802907,B,smoke_CV011060
31.202072374918803,0.1905191835447462,B,smoke_CV011061
21.749934661439877,0.12862478811644545,B,smoke_CV011062
24.915169200350004,0.13616179130267397,B,smoke_CV011064
20.477762216691094,0.1555473505276377,B,smoke_CV011067
12.599967934537887,0.1168617318406741,B,smoke_CV011072
14.768716298306376,0.08818617959644086,B,smoke_CV011075
11.193695624488944,0.09507575987666983,B,smoke_CV011077
33.404300421177894,0.19632659043387352,B,smoke_CV011078
32.09923777609973,0.38509375170497906,B,smoke_CV011080
4.539825697152674,0.11262756765364929,B,smoke_CV011081
30.007349382443557,0.3492820371310607,B,smoke_CV011088
29.158678224572295,0.6437512387537482,B,smoke_CV011095
27.50725865605751,0.6324176251984653,B,smoke_CV011097
10.061423403317615,0.19996866058219911,B,smoke_CV011103
51.06394209836778,0.36853199162932004,B,smoke_CV011111
21.883915825281647,0.1212024012497881,B,smoke_CV011120
52.36120001198269,0.09817298452032237,B,smoke_CV011122
20.391348778382753,0.46554627159783035,B,smoke_CV011123
0.27029417760835095,0.0888361918820912,B,smoke_CV011126
14.10639684152928,0.17432355831245427,B,smoke_CV011127
6.795917479150567,0.08863932661837663,B,smoke_CV011130
43.70639096471731,0.3494944660708408,B,smoke_CV011135
40.54633208948381,0.2400764765839655,B,smoke_CV011138
47.02851661374123,0.309702295939431,B,smoke_CV011139
78.46603328993896,0.40237376579299666,B,smoke_CV011141
86.11834880896905,0.3358447601443095,B,smoke_CV011142
78.7650295185121,0.36769606127585597,B,smoke_CV011148
82.89427369690281,0.34399376700918916,B,smoke_CV011149
85.34815731043544,0.3883978838468868,B,smoke_CV011150
89.10801863723539,0.3723046598616259,B,smoke_CV011152
89.97798040796303,0.44359617193452205,B,smoke_CV011153
84.64412143634065,0.7,B,smoke_CV011154
82.75990764275646,0.4608062866251885,B,smoke_CV011155
79.90370706551553,0.7,B,smoke_CV011156
84.08719222131997,0.32559916825918,B,smoke_CV011157
88.66022567288265,0.45752533568803627,B,smoke_CV011158
79.83238942734044,0.4245399474838065,B,smoke_CV011159
83.02516825058915,0.3707917146867657,B,smoke_CV011160
85.70754609719566,0.4501432292537126,B,smoke_CV011161
83.91518421073066,0.7,B,smoke_CV011162
89.32819418871074,0.5003488751929369,B,smoke_CV011163
81.69303273797497,0.7,B,smoke_CV011164
88.22168851277605,0.5010993323889279,B,smoke_CV011165
81.39366390548355,0.4616809645605529,B,smoke_CV011166
82.17771376328206,0.6492487335406404,B,smoke_CV011169
84.69195130711464,0.5398724053194842,B,smoke_CV011170
90.0,0.615956979806848,B,smoke_CV011171
80.99018262870041,0.7,B,smoke_CV011172
88.58451923808042,0.7,B,smoke_CV011173
87.65908906753869,0.6489010730375417,B,smoke_CV011174
81.54355112123012,0.5621915725681835,B,smoke_CV011175
80.43191951865565,0.7,B,smoke_CV011176
90.0,0.5632330315403278,B,smoke_CV011177
90.0,0.5682406519654841,B,smoke_CV011180
81.02382880737161,0.7,B,smoke_CV011181
90.0,0.4886702849389417,B,smoke_CV011182
89.97776700668717,0.5587674434327968,B,smoke_CV011183
84.93197539266775,0.40618553124329365,B,smoke_CV011185
83.38242312726909,0.7,B,smoke_CV011186
88.62730971540967,0.4973053827309513,B,smoke_CV011187
90.0,0.5721502192982455,B,smoke_CV011189
90.0,0.530426356589147,B,smoke_CV011190
83.95861696864115,0.7,B,smoke_CV011192
83.69376479841347,0.7,B,smoke_CV011193
89.99986853903006,0.4934583554959534,B,smoke_CV011194
87.80101055872939,0.639255581166544,B,smoke_CV011198
84.87172161070117,0.48866022327429204,B,smoke_CV011199
90.0,0.6751770177711958,B,smoke_CV011200
77.66177414171983,0.7,B,smoke_CV011201
74.75057314145772,0.7,B,smoke_CV011202
89.83912804050723,0.7,B,smoke_CV011203
88.58766026790215,0.47575279669153414,B,smoke_CV011204
85.48363108436406,0.7,B,smoke_CV011209
86.09994765149654,0.7,B,smoke_CV011212
81.51913505481319,0.7,B,smoke_CV011213
86.27477808732642,0.5823680452977031,B,smoke_CV011214
77.67483627389012,0.7,B,smoke_CV011215
86.08878978822985,0.7,B,smoke_CV011220
85.8153975058692,0.7,B,smoke_CV011221
84.56980225083628,0.7,B,smoke_CV011222
80.8999754738232,0.7,B,smoke_CV011224
88.73311213858246,0.6690781467335563,B,smoke_CV011225
85.37624482924262,0.6439075971860285,B,smoke_CV011226
88.2703637242416,0.7,B,smoke_CV011228
84.49137581446135,0.7,B,smoke_CV011229
90.0,0.6351145038167938,B,smoke_CV011230
85.12029912097829,0.47451115228202856,B,smoke_CV011232
83.04111473880688,0.7,B,smoke_CV011235
75.98298058712335,0.7,B,smoke_CV011236
83.55640287822061,0.7,B,smoke_CV011242
86.05117502472037,0.7,B,smoke_CV011243
86.58118081476368,0.7,B,smoke_CV011244
89.90001793023016,0.7,B,smoke_CV011245
78.06719948125917,0.7,B,smoke_CV011246
86.11547668406767,0.7,B,smoke_CV011249
86.92367474967743,0.7,B,smoke_CV011250
87.50143170344059,0.7,B,smoke_CV011251
84.04109428239681,0.7,B,smoke_CV011253
88.23560341277543,0.7,B,smoke_CV011254
80.82625989107656,0.7,B,smoke_CV011256
83.78199878074113,0.7,B,smoke_CV011257
85.90075630011077,0.7,B,smoke_CV011258
78.00771018209568,0.7,B,smoke_CV011259
85.39217124116335,0.7,B,smoke_CV011262
85.00029694898407,0.7,B,smoke_CV011263
85.93951380568339,0.7,B,smoke_CV011265
83.60339834783062,0.7,B,smoke_CV011266
89.85006720379567,0.7,B,smoke_CV011267
85.44867280524285,0.7,B,smoke_CV011270
82.27589892151894,0.7,B,smoke_CV011271
83.4871598361987,0.7,B,smoke_CV011272
82.65255376158534,0.7,B,smoke_CV011273
79.81274363927716,0.7,B,smoke_CV011274
84.90659635350357,0.7,B,smoke_CV011275
85.62059258939696,0.7,B,smoke_CV011281
85.86360706261215,0.7,B,smoke_CV011282
79.84061488857293,0.7,B,smoke_CV011283
81.02562600823589,0.7,B,smoke_CV011285
84.61561292131174,0.7,B,smoke_CV011286
85.61580599967061,0.7,B,smoke_CV011287
68.95589973081734,0.7,B,smoke_CV011288
85.87705511728423,0.7,B,smoke_CV011289
90.0,0.7,B,smoke_CV011290
82.93200455849218,0.7,B,smoke_CV011291
81.86403828934908,0.7,B,smoke_CV011294
84.83776361098052,0.7,B,smoke_CV011296
89.59878288515844,0.6295748425076527,B,smoke_CV011297
89.87161713510322,0.6486588065658637,B,smoke_CV011298
82.06502493156762,0.7,B,smoke_CV011301
85.32493702060884,0.6411328280048424,B,smoke_CV011302
84.30445020213236,0.7,B,smoke_CV011303
81.24014911570536,0.5653126579759755,B,smoke_CV011304
67.48377935572732,0.7,B,smoke_CV011305
82.99116506587066,0.5488139483983162,B,smoke_CV011307
82.7704874440045,0.7,B,smoke_CV011308
82.61433994384662,0.7,B,smoke_CV011309
70.51268332717248,0.7,B,smoke_CV011311
82.41087136857003,0.7,B,smoke_CV011314
59.510378706481774,0.7,B,smoke_CV011315
82.84256100403677,0.48732895344508814,B,smoke_CV011317
80.65120924116833,0.6636172473333112,B,smoke_CV011318
89.72246859874647,0.6233279598389628,B,smoke_CV011319
82.61479353077851,0.5061456583564216,B,smoke_CV011320
86.02095283119237,0.6704314500791042,B,smoke_CV011324
87.5068812193684,0.6860132525508218,B,smoke_CV011325
88.90344118385468,0.7,B,smoke_CV011326
62.50108090127789,0.7,B,smoke_CV011327
65.41792760023081,0.7,B,smoke_CV011329
80.06837701142501,0.7,B,smoke_CV011331
89.65888163340301,0.5837250356793164,B,smoke_CV011332
91.26266257988654,0.7,B,smoke_CV011334
80.88454318473703,0.7,B,smoke_CV011337
66.93935069378212,0.7,B,smoke_CV011338
88.70180189707195,0.6851016587548105,B,smoke_CV011339
89.9174745371275,0.22304324176989732,B,smoke_CV011340
89.5877322773223,0.6782202976316221,B,smoke_CV011341
84.44995910772627,0.7,B,smoke_CV011343
89.98126086867157,0.4790708141939358,B,smoke_CV011344
87.92804742002832,0.7,B,smoke_CV011346
80.17194264709904,0.7,B,smoke_CV011347
78.89165709001695,0.7,B,smoke_CV011349
89.00918303483647,0.4083309828147373,B,smoke_CV011350
79.55720713062041,0.7,B,smoke_CV011351
81.33419274069549,0.4210392302002678,B,smoke_CV011353
70.45139967773483,0.7,B,smoke_CV011354
73.88800839854838,0.31227922805222874,B,smoke_CV011357
76.8037055186568,0.6689483866000164,B,smoke_CV011358
68.22119986649933,0.7,B,smoke_CV011359
89.36745377899683,0.24757348522494235,B,smoke_CV011360
85.84990810101789,0.3198463870700718,B,smoke_CV011362
89.99874526017346,0.5617518835834452,B,smoke_CV011363
89.98314883673262,0.33308843587988984,B,smoke_CV011364
89.60704703290875,0.3441262706475585,B,smoke_CV011365
69.72547418492391,0.4038906977329288,B,smoke_CV011366
71.01557351840346,0.5019731251332987,B,smoke_CV011368
72.81581505390604,0.5807081086123352,B,smoke_CV011369
69.7891559120771,0.7,B,smoke_CV011370
90.0,0.38677044261065263,B,smoke_CV011371
74.45049808337619,0.7,B,smoke_CV011373
80.75444183055012,0.36544888921573143,B,smoke_CV011374
74.81115802656583,0.7,B,smoke_CV011376
72.37052199287012,0.4359511063856593,B,smoke_CV011377
72.29853530667205,0.3173648234650452,B,smoke_CV011380
78.94695732341904,0.7,B,smoke_CV011382
80.19621256027393,0.7,B,smoke_CV011390
74.21174107585469,0.4891809491495306,B,smoke_CV011392
81.56999532679413,0.7,B,smoke_CV011393
88.30285255898696,0.4178094051467408,B,smoke_CV011394
89.97803906128827,0.46102046972437116,B,smoke_CV011395
90.00679876906368,0.4101123978655638,B,smoke_CV011398
75.41350707673207,0.35579413963804946,B,smoke_CV011401
75.46071393048831,0.40121857259091503,B,smoke_CV011402
78.11025866913243,0.7,B,smoke_CV011403
77.72313389901333,0.7,B,smoke_CV011404
75.93976609325864,0.42902831936783425,B,smoke_CV011407
82.1990226212799,0.3067500941858378,B,smoke_CV011409
82.23866596603719,0.7,B,smoke_CV011410
89.87679169872047,0.5030953891561205,B,smoke_CV011411
89.12552136971661,0.5257782756352221,B,smoke_CV011412
87.61470014212166,0.42578938959363055,B,smoke_CV011413
98.89791916707959,0.7,B,smoke_CV011414
89.95846479213122,0.5238291271466188,B,smoke_CV011416
87.41256444993938,0.7,B,smoke_CV011417
89.18545768702587,0.548860228537147,B,smoke_CV011418
88.61551812962448,0.7,B,smoke_CV011419
80.12271814877354,0.7,B,smoke_CV011420
74.88596496924185,0.4869694815163164,B,smoke_CV011421
89.82299196170575,0.5452132603529075,B,smoke_CV011422
79.65979023682212,0.36414155503134266,B,smoke_CV011424
77.47330323358628,0.5041906351230814,B,smoke_CV011425
76.38546118368473,0.5637500479779177,B,smoke_CV011427
89.70067227569736,0.4934777323435256,B,smoke_CV011429
88.9914313776872,0.4580305079223222,B,smoke_CV011430
80.45139637951522,0.42581365910362423,B,smoke_CV011432
74.52222720363858,0.49415379811380805,B,smoke_CV011434
83.84427492296791,0.47126628046267877,B,smoke_CV011435
82.50900663317842,0.37819719520082085,B,smoke_CV011436
85.98331398647441,0.7,B,smoke_CV011437
87.70215049182802,0.6471262654799032,B,smoke_CV011439
89.81845770513809,0.4747489845029302,B,smoke_CV011442
88.99179324049754,0.641846394939317,B,smoke_CV011443
90.0,0.4361094814172385,B,smoke_CV011445
80.0908815115587,0.6590676779842243,B,smoke_CV011446
76.84050824397211,0.43226398192082843,B,smoke_CV011447
87.20522284028199,0.5256091690708367,B,smoke_CV011448
77.48824310550778,0.45272857949874484,B,smoke_CV011449
85.24066002143282,0.531154192822473,B,smoke_CV011450
87.88550117288784,0.6996000387615682,B,smoke_CV011452
90.0294355610014,0.5441918507222294,B,smoke_CV011455
86.37222719511453,0.5481463434189624,B,smoke_CV011456
96.1413091439187,0.7,B,smoke_CV011457
89.35083979810555,0.7,B,smoke_CV011458
92.3806318595954,0.7,B,smoke_CV011459
84.96680766567223,0.7,B,smoke_CV011461
89.99293458140987,0.7,B,smoke_CV011463
89.98690665043496,0.570522971762343,B,smoke_CV011467
86.55061883147518,0.7,B,smoke_CV011472
94.44215802401978,0.7,B,smoke_CV011474
92.66349724838015,0.7,B,smoke_CV011475
86.79241912122163,0.7,B,smoke_CV011476
88.94651536998097,0.7,B,smoke_CV011477
89.82294797919425,0.7,B,smoke_CV011478
90.01441908783106,0.7,B,smoke_CV011480
86.83031346285682,0.7,B,smoke_CV011482
93.28429164711511,0.7,B,smoke_CV011484
89.85667637152125,0.7,B,smoke_CV011486
91.71798060421064,0.7,B,smoke_CV011487
90.03045311306599,0.7,B,smoke_CV011488
87.14489221068727,0.7,B,smoke_CV011489
91.65999081088167,0.7,B,smoke_CV011490
89.23898242148731,0.7,B,smoke_CV011491
89.99344198644503,0.7,B,smoke_CV011492
90.23885673983764,0.7,B,smoke_CV011493
83.81160159805113,0.7,B,smoke_CV011496
90.11245842871375,0.7,B,smoke_CV011497
89.73192331643654,0.7,B,smoke_CV011500
90.89423951182647,0.7,B,smoke_CV011502
89.78074932239781,0.7,B,smoke_CV011503
88.75045541854732,0.7,B,smoke_CV011504
85.49837382883851,0.7,B,smoke_CV011505
89.59750874865702,0.6776553884789928,B,smoke_CV011506
88.90188740305996,0.7,B,smoke_CV011509
86.26609362969752,0.7,B,smoke_CV011510
89.30548721269233,0.7,B,smoke_CV011513
87.90884866261804,0.7,B,smoke_CV011515
89.02567426210157,0.7,B,smoke_CV011516
91.12149378450617,0.7,B,smoke_CV011517
88.11317569680425,0.7,B,smoke_CV011518
88.37047072382904,0.7,B,smoke_CV011519
86.80006705218337,0.7,B,smoke_CV011522
86.7222424928538,0.7,B,smoke_CV011523
87.86614288269293,0.7,B,smoke_CV011524
90.40885963839827,0.7,B,smoke_CV011525
86.93582882849559,0.7,B,smoke_CV011526
85.51654191157888,0.7,B,smoke_CV011528
86.6682282839552,0.7,B,smoke_CV011530
89.9809619612296,0.7,B,smoke_CV011531
87.57633726068063,0.7,B,smoke_CV011532
86.50038348101367,0.7,B,smoke_CV011533
85.51179504210924,0.7,B,smoke_CV011537
84.96016157325764,0.7,B,smoke_CV011538
82.08998261324906,0.7,B,smoke_CV011540
87.88381873369967,0.7,B,smoke_CV011542
81.85865495355509,0.7,B,smoke_CV011543
80.9665078935526,0.7,B,smoke_CV011544
79.4087004247664,0.7,B,smoke_CV011546
87.01805959758336,0.7,B,smoke_CV011549
79.357816732258,0.7,B,smoke_CV011552
83.65276950342667,0.7,B,smoke_CV011553
84.66510504924429,0.7,B,smoke_CV011554
87.62244099238971,0.6918819205474962,B,smoke_CV011556
83.01584403109854,0.7,B,smoke_CV011558
84.61980004802558,0.7,B,smoke_CV011559
80.95373403510584,0.7,B,smoke_CV011561
80.23167678344211,0.7,B,smoke_CV011562
88.58900585910031,0.7,B,smoke_CV011563
82.05798944534519,0.7,B,smoke_CV011564
77.958477809954,0.7,B,smoke_CV011565
83.44563038937129,0.7,B,smoke_CV011566
82.51661259964744,0.7,B,smoke_CV011567
83.73688829644009,0.7,B,smoke_CV011568
87.52758980419293,0.7,B,smoke_CV011570
80.019592432577,0.7,B,smoke_CV011571
75.93751507485477,0.7,B,smoke_CV011572
87.22445201819833,0.7,B,smoke_CV011574
76.13166961502759,0.7,B,smoke_CV011575
82.53849314008451,0.7,B,smoke_CV011576
81.7910467963951,0.7,B,smoke_CV011578
73.70459103830545,0.7,B,smoke_CV011580
72.50183631701724,0.7,B,smoke_CV011581
87.29613510181892,0.7,B,smoke_CV011582
82.71723092350172,0.7,B,smoke_CV011583
73.42928051240823,0.7,B,smoke_CV011584
72.76344454680408,0.7,B,smoke_CV011585
72.46302789911812,0.7,B,smoke_CV011586
79.45319373807551,0.6677050802506546,B,smoke_CV011588
72.29483465250162,0.7,B,smoke_CV011589
72.75534190486525,0.7,B,smoke_CV011590
76.1294689380735,0.7,B,smoke_CV011592
74.3439058637902,0.7,B,smoke_CV011596
75.15730523091038,0.4802893689315038,B,smoke_CV011597
82.695259093728,0.7,B,smoke_CV011598
83.59997350832245,0.4226780018878343,B,smoke_CV011599
77.40255641460188,0.7,B,smoke_CV011600
90.04502957037205,0.7,B,smoke_CV011604
72.46209685226599,0.1635630365365393,B,smoke_CV011605
80.07637440015165,0.7,B,smoke_CV011606
73.20894642951795,0.7,B,smoke_CV011609
78.76545363480017,0.7,B,smoke_CV011612
79.48350668552914,0.44959454608366756,B,smoke_CV011613
78.74684422152303,0.7,B,smoke_CV011615
76.267471702859,0.7,B,smoke_CV011616
74.78010760560772,0.7,B,smoke_CV011617
81.74894957974585,0.7,B,smoke_CV011618
82.05040354469101,0.7,B,smoke_CV011619
73.91359336159454,0.7,B,smoke_CV011621
77.20970957648144,0.7,B,smoke_CV011622
86.11578811874126,0.7,B,smoke_CV011623
79.30618323618174,0.7,B,smoke_CV011624
80.44778347868336,0.7,B,smoke_CV011625
90.0,0.7,B,smoke_CV011626
90.2053103875947,0.7,B,smoke_CV011627
74.66892925996451,0.7,B,smoke_CV011628
74.73260171121545,0.7,B,smoke_CV011630
74.56985318623697,0.7,B,smoke_CV011631
78.20271915353987,0.6084542005536562,B,smoke_CV011633
80.61902156216892,0.7,B,smoke_CV011638
78.46104181960321,0.7,B,smoke_CV011639
74.1991704069464,0.7,B,smoke_CV011640
79.7629015430813,0.7,B,smoke_CV011641
83.02391622707209,0.7,B,smoke_CV011642
81.32617528237108,0.7,B,smoke_CV011643
75.6902446413612,0.7,B,smoke_CV011644
81.3990134363055,0.7,B,smoke_CV011645
81.28656174180892,0.7,B,smoke_CV011650
76.66021558121567,0.7,B,smoke_CV011651
76.53086515921383,0.7,B,smoke_CV011653
83.13244632480561,0.6570781502757492,B,smoke_CV011657
76.45121125089575,0.7,B,smoke_CV011659
90.343251792027,0.7,B,smoke_CV011660
77.3283644533563,0.7,B,smoke_CV011663
170.2836184737917,0.1322529082800232,B,smoke_CV011664
156.95559381599054,0.37575400479062754,B,smoke_CV011668
74.0728795018496,0.7,B,smoke_CV011669
157.1264487473896,0.38379059369861834,B,smoke_CV011670
75.66744696894087,0.7,B,smoke_CV011671
162.8793081406001,0.23487094406358203,B,smoke_CV011672
156.35883085072825,0.3631776611354289,B,smoke_CV011673
66.343601916448,0.7,B,smoke_CV011674
65.53475280495063,0.7,B,smoke_CV011675
9.413889406087556,0.3545543868410045,B,smoke_CV011679
76.6528739011497,0.7,B,smoke_CV011680
59.47980432319681,0.3376803459514073,B,smoke_CV011682
143.91660439551237,0.5395339681211223,B,smoke_CV011683
159.28269449944617,0.2990519442509288,B,smoke_CV011687
177.8912900028209,0.09673015129389903,B,smoke_CV011688
66.76906731293872,0.6416080960653028,B,smoke_CV011689
158.3371758990285,0.3232916625392738,B,smoke_CV011691
171.3829979808132,0.1679262736159176,B,smoke_CV011692
166.66378391337284,0.1407461622116774,B,smoke_CV011693
164.8061793573478,0.47405166297291124,B,smoke_CV011695
76.95996023104557,0.7,B,smoke_CV011696
77.8734270084171,0.7,B,smoke_CV011699
79.04454359110878,0.7,B,smoke_CV011700
79.31573117147029,0.7,B,smoke_CV011701
153.53082796280728,0.13271592038301183,B,smoke_CV011702
70.78669847469448,0.578322903652465,B,smoke_CV011703
78.22571521761454,0.7,B,smoke_CV011704
179.67547555263437,0.3244364370469261,B,smoke_CV011705
66.44066016809109,0.562275656474506,B,smoke_CV011706
64.04742815215263,0.7,B,smoke_CV011708
77.30782137400124,0.7,B,smoke_CV011711
170.82533549878733,0.12935416552419698,B,smoke_CV011712
67.06050882377414,0.7,B,smoke_CV011714
67.68300413060133,0.7,B,smoke_CV011716
155.85579756958492,0.34736651240732647,B,smoke_CV011717
80.06504793781471,0.7,B,smoke_CV011719
124.47744706836089,0.1917030667230447,B,smoke_CV011721
155.7315855324027,0.26183251565283044,B,smoke_CV011723
64.02573551362386,0.2144580718920637,B,smoke_CV011727
158.27881445739334,0.3332587150078629,B,smoke_CV011729
66.42977766160891,0.7,B,smoke_CV011730
59.08682090787087,0.7,B,smoke_CV011731
148.3107447634243,0.7,B,smoke_CV011732
81.80745697140772,0.7,B,smoke_CV011745
81.73702990307841,0.7,B,smoke_CV011748
81.97979326231575,0.7,B,smoke_CV011749
81.77488370608904,0.7,B,smoke_CV011751
82.26542366573744,0.7,B,smoke_CV011754
82.57404469593816,0.3186729088706226,B,smoke_CV011758
79.3196865652432,0.7,B,smoke_CV011761
85.03800407302815,0.3988136008402336,B,smoke_CV011763
79.64833768404645,0.7,B,smoke_CV011768
83.45497032993099,0.7,B,smoke_CV011769
84.75765701278789,0.7,B,smoke_CV011771
80.22507424481759,0.7,B,smoke_CV011772
83.70843661034603,0.7,B,smoke_CV011773
90.0,0.3952848575712144,B,smoke_CV011777
82.91663340483632,0.7,B,smoke_CV011778
79.10877448962655,0.7,B,smoke_CV011780
82.74107960198653,0.7,B,smoke_CV011783
82.52381223012216,0.7,B,smoke_CV011785
93.36931826073625,0.434327561038325,B,smoke_CV011788
87.02080098809827,0.21455987397889903,B,smoke_CV011789
82.34761353609898,0.7,B,smoke_CV011792
79.01293555950258,0.7,B,smoke_CV011793
82.25647435118515,0.605610279880768,B,smoke_CV011796
90.12423377627441,0.440786275460338,B,smoke_CV011797
141.41823978236462,0.7,B,smoke_CV011798
89.55262034247535,0.3539675016197897,B,smoke_CV011799
79.6053100247011,0.7,B,smoke_CV011800
80.14289936793702,0.7,B,smoke_CV011803
91.00496274433976,0.5219574055199574,B,smoke_CV011804
80.28154186853808,0.7,B,smoke_CV011805
80.95210833861645,0.7,B,smoke_CV011806
90.0,0.3984904270986745,B,smoke_CV011807
80.50705499110141,0.7,B,smoke_CV011810
82.81476133944406,0.5357239181754477,B,smoke_CV011811
84.80681799472303,0.446657783802311,B,smoke_CV011812
79.50054068107967,0.7,B,smoke_CV011813
79.75362158245316,0.7,B,smoke_CV011814
80.03277093842759,0.7,B,smoke_CV011817
85.11091984092407,0.4422935523039642,B,smoke_CV011818
174.79443350440678,0.12010877960097628,B,smoke_CV011820
80.53780346659472,0.7,B,smoke_CV011821
79.82837413633375,0.7,B,smoke_CV011823
91.71255244358578,0.5062308915913097,B,smoke_CV011824
80.42624438071371,0.7,B,smoke_CV011828
80.37339015028518,0.7,B,smoke_CV011829
83.98215998158192,0.7,B,smoke_CV011832
90.38089692910997,0.5323499695393307,B,smoke_CV011833
80.55407678739978,0.7,B,smoke_CV011834
79.88206073034428,0.7,B,smoke_CV011837
82.17303122593397,0.5335460223631714,B,smoke_CV011838
79.61849893170877,0.6991253256512061,B,smoke_CV011839
88.4088278710899,0.4285861983190095,B,smoke_CV011841
83.84132752332718,0.7,B,smoke_CV011842
78.84109983888735,0.7,B,smoke_CV011844
79.89295877415752,0.6929816749558593,B,smoke_CV011845
90.57183497962453,0.5206625914360973,B,smoke_CV011847
80.68746383717178,0.6739093774200708,B,smoke_CV011848
80.29281525480022,0.7,B,smoke_CV011854
77.93831129971532,0.7,B,smoke_CV011856
80.69162742844375,0.7,B,smoke_CV011862
91.37192533275015,0.5603068327007957,B,smoke_CV011863
100.53137600138547,0.1519437465334426,B,smoke_CV011864
80.62752426834209,0.7,B,smoke_CV011865
79.66003643451023,0.7,B,smoke_CV011867
84.91442017754292,0.3733312657446895,B,smoke_CV011868
84.5823652044566,0.7,B,smoke_CV011869
83.42878594956966,0.7,B,smoke_CV011870
90.0,0.5403160537586766,B,smoke_CV011871
81.18555927031908,0.7,B,smoke_CV011873
78.5247133426395,0.7,B,smoke_CV011878
74.70516183419244,0.5168075184734404,B,smoke_CV011880
81.11728611649883,0.7,B,smoke_CV011883
80.20906718531297,0.7,B,smoke_CV011884
80.68507859141738,0.5272986314424658,B,smoke_CV011885
81.92600556179606,0.7,B,smoke_CV011887
89.63560409424302,0.4114420403696308,B,smoke_CV011889
84.12271871793357,0.7,B,smoke_CV011890
84.70569214951564,0.3759799889869332,B,smoke_CV011892
82.02967419855025,0.7,B,smoke_CV011895
78.6448230375905,0.499173991826885,B,smoke_CV011896
79.83269512572262,0.7,B,smoke_CV011897
79.3258787448417,0.5928730195177974,B,smoke_CV011899
90.0,0.5011984861227923,B,smoke_CV011901
90.03499788033113,0.47355533776313863,B,smoke_CV011903
83.10116240263396,0.3723290386965832,B,smoke_CV011906
81.19065271231108,0.5763324529941732,B,smoke_CV011907
79.8108772634465,0.41936930433021397,B,smoke_CV011908
176.90660867576807,0.6271649113026828,B,smoke_CV011909
77.90812108360235,0.4814729799661593,B,smoke_CV011910
80.26095208966309,0.4289092043569568,B,smoke_CV011912
84.4785586605358,0.33259454298336977,B,smoke_CV011914
83.38495672280827,0.4173147969331041,B,smoke_CV011915
79.14438616796322,0.7,B,smoke_CV011917
88.83462334473444,0.5556948146689744,B,smoke_CV011919
135.13022917665836,0.415697191189843,B,smoke_CV011920
87.91462867071098,0.3021836017632961,B,smoke_CV011921
80.29888550264106,0.6364737214690142,B,smoke_CV011925
80.00462099186375,0.7,B,smoke_CV011926
80.22796401948781,0.7,B,smoke_CV011929
80.7616789832075,0.5850379782764543,B,smoke_CV011932
90.0,0.5008465346534653,B,smoke_CV011933
78.88327630231525,0.5127192739986588,B,smoke_CV011934
86.27058387812741,0.37467466750479783,B,smoke_CV011935
89.56631814250333,0.5586439660001998,B,smoke_CV011936
79.43515091327141,0.4264845917834222,B,smoke_CV011938
90.0,0.44328582145536377,B,smoke_CV011939
79.39272980488403,0.7,B,smoke_CV011940
174.02779137889766,0.38099750428170687,B,smoke_CV011942
80.07804517178076,0.7,B,smoke_CV011943
77.38536704343566,0.4532396005073261,B,smoke_CV011946
74.88889724149846,0.3267035845806579,B,smoke_CV011947
79.70223464241604,0.7,B,smoke_CV011948
81.11001540086109,0.2746586821927071,B,smoke_CV011951
77.18065377839147,0.2743334659993697,B,smoke_CV011954
89.59714995362502,0.6501551720159038,B,smoke_CV011955
82.18082875795693,0.7,B,smoke_CV011956
76.61635240322984,0.45758594006726067,B,smoke_CV011957
78.62944043569514,0.43282176016390883,B,smoke_CV011958
73.69885229470088,0.32868948551022303,B,smoke_CV011961
73.6561510542697,0.34031591952500945,B,smoke_CV011963
80.16047603118012,0.7,B,smoke_CV011965
75.46153617703183,0.5213025209168326,B,smoke_CV011972
74.26816587757725,0.4740108151322108,B,smoke_CV011973
89.86007905759996,0.7,B,smoke_CV011974
82.83317597329605,0.7,B,smoke_CV011975
80.32976603043419,0.7,B,smoke_CV011976
83.55044477690451,0.3442175127304556,B,smoke_CV011977
82.31548889660175,0.7,B,smoke_CV011978
74.54565129463509,0.37744217096332705,B,smoke_CV011981
79.80843557967145,0.7,B,smoke_CV011982
85.12702660479292,0.57991835041404,B,smoke_CV011984
140.62449524456935,0.7,B,smoke_CV011986
82.06112692796314,0.7,B,smoke_CV011992
85.51438961396424,0.583004816275766,B,smoke_CV011995
83.58273706027455,0.7,B,smoke_CV011996
4.1669675506723145,0.5634339692161553,B,smoke_CV011998
81.74349858207754,0.7,B,smoke_CV011999
81.25325195786682,0.7,B,smoke_CV012001
83.10568359206752,0.7,B,smoke_CV012002
78.78948791883587,0.6119105255158765,B,smoke_CV012003
82.12352191969865,0.7,B,smoke_CV012004
80.24256909632899,0.6435589264885437,B,smoke_CV012005
81.71857864076036,0.5636155647764638,B,smoke_CV012006
81.54821456519575,0.7,B,smoke_CV012008
138.8516628419647,0.7,B,smoke_CV012009
87.2578382763556,0.37255474609673955,B,smoke_CV012012
81.5417076063211,0.7,B,smoke_CV012014
81.82388834684266,0.7,B,smoke_CV012015
81.8542023067931,0.7,B,smoke_CV012016
81.96701834258286,0.7,B,smoke_CV012017
79.29606933879005,0.5904291200848903,B,smoke_CV012018
5.197735067942717,0.5746271620160639,B,smoke_CV012020
80.63169957243964,0.7,B,smoke_CV012021
81.31633156332082,0.7,B,smoke_CV012022
83.40517753089752,0.7,B,smoke_CV012023
84.7805371507314,0.7,B,smoke_CV012026
81.16499342675813,0.7,B,smoke_CV012028
89.98082296776236,0.5742422967747755,B,smoke_CV012029
87.93567147260718,0.6709910084071709,B,smoke_CV012030
141.75064740982205,0.7,B,smoke_CV012031
83.81680136359867,0.7,B,smoke_CV012032
80.64096422385425,0.7,B,smoke_CV012033
83.76916205771579,0.7,B,smoke_CV012037
79.26869812111318,0.5864558866240751,B,smoke_CV012040
79.33589140353058,0.7,B,smoke_CV012041
79.85472320196766,0.7,B,smoke_CV012044
80.40863885521274,0.7,B,smoke_CV012045
83.64196008393671,0.7,B,smoke_CV012047
90.0,0.7,B,smoke_CV012048
85.21007292025624,0.7,B,smoke_CV012050
142.09237980478287,0.7,B,smoke_CV012053
83.48595997929846,0.47891797339609204,B,smoke_CV012054
85.76772423346897,0.5214281534393885,B,smoke_CV012056
79.8239622208696,0.46846021242150093,B,smoke_CV012058
80.60697115133146,0.7,B,smoke_CV012059
85.6383830998972,0.27765319344044553,B,smoke_CV012060
80.35193898549684,0.7,B,smoke_CV012061
86.2441878805925,0.7,B,smoke_CV012062
89.45442598328457,0.5730352849555184,B,smoke_CV012063
80.77305977269256,0.6768189068797366,B,smoke_CV012065
83.63727401290261,0.7,B,smoke_CV012066
82.75239039468872,0.7,B,smoke_CV012067
82.9582234117636,0.7,B,smoke_CV012068
80.89494690085972,0.7,B,smoke_CV012069
79.82254359568289,0.7,B,smoke_CV012072
84.9122182982655,0.7,B,smoke_CV012074
87.06533092816223,0.7,B,smoke_CV012076
89.17820062371531,0.7,B,smoke_CV012078
84.6453936647846,0.7,B,smoke_CV012080
83.51445042654532,0.7,B,smoke_CV012081
85.42475901318554,0.7,B,smoke_CV012082
83.9729034109852,0.7,B,smoke_CV012087
84.56118102339796,0.5572634951266469,B,smoke_CV012089
85.23457282018353,0.7,B,smoke_CV012091
82.61463930555718,0.7,B,smoke_CV012096
5.600116929328351,0.5954530143279217,B,smoke_CV012097
86.31465151123224,0.7,B,smoke_CV012099
85.21759304433955,0.7,B,smoke_CV012100
85.7022581662056,0.7,B,smoke_CV012101
90.00006446627319,0.7,B,smoke_CV012102
86.3955198294677,0.7,B,smoke_CV012103
85.16600968833913,0.7,B,smoke_CV012104
86.8051038299837,0.7,B,smoke_CV012105
82.83186823070575,0.7,B,smoke_CV012106
87.98364413572325,0.7,B,smoke_CV012107
11.363901414061749,0.40375509240644947,B,smoke_CV012109
83.3634271474603,0.6611766277572289,B,smoke_CV012112
84.75799869334357,0.7,B,smoke_CV012113
84.4835186216083,0.7,B,smoke_CV012116
85.31076258054097,0.7,B,smoke_CV012118
90.0,0.7,B,smoke_CV012121
83.31482023424188,0.7,B,smoke_CV012122
84.93938990980278,0.6706091711443067,B,smoke_CV012123
174.12084331392634,0.49319763875787304,B,smoke_CV012125
172.05587725544206,0.3956039561907868,B,smoke_CV012128
143.26816785334645,0.7,B,smoke_CV012129
80.15829589026019,0.7,B,smoke_CV012130
178.2750090793746,0.34334147194241266,B,smoke_CV012132
147.29012948599188,0.4822505181944633,B,smoke_CV012135
142.05722521799163,0.7,B,smoke_CV012136
139.80721895193673,0.7,B,smoke_CV012138
11.548982856822073,0.3719891214297687,B,smoke_CV012139
148.43429161746013,0.6645565699463697,B,smoke_CV012140
16.317421405078342,0.22631823220595954,B,smoke_CV012141
9.181132353660765,0.4601432019991999,B,smoke_CV012142
6.632101683424405,0.650695395314416,B,smoke_CV012144
0.0,0.11579515784476618,B,smoke_CV012147
173.6932402506481,0.3468425413384177,B,smoke_CV012149
175.68741097869855,0.6080299323142757,B,smoke_CV012152
0.0,0.16826118006304178,B,smoke_CV012153
78.0311801060924,0.7,B,smoke_CV012154
170.18820258161688,0.22848993224039488,B,smoke_CV012156
57.43920394621707,0.17790955512453074,B,smoke_CV012157
84.1987640935627,0.6145744440050918,B,smoke_CV012159
168.743340095508,0.21553968404344015,B,smoke_CV012161
4.428965804169599,0.4502410426671328,B,smoke_CV012162
169.278003659174,0.3809868392384597,B,smoke_CV012165
7.8100769855385295,0.6328615303819123,B,smoke_CV012166
10.461392608414853,0.33556842565831746,B,smoke_CV012168
76.62383012535172,0.7,B,smoke_CV012169
78.45445797863943,0.7,B,smoke_CV012170
145.23971480803903,0.7,B,smoke_CV012171
77.1947618642721,0.7,B,smoke_CV012172
51.31931166371883,0.5089113800675259,B,smoke_CV012173
7.718568342957589,0.44373568349704073,B,smoke_CV012174
43.84308388039128,0.6961725271730362,B,smoke_CV012176
86.101223810859,0.7,B,smoke_CV012177
71.69192646282261,0.34602516018999685,B,smoke_CV012181
72.73404343620666,0.45060089148718935,B,smoke_CV012188
83.64329527327304,0.6948335575784484,B,smoke_CV012189
71.85357325482589,0.3601322755615387,B,smoke_CV012191
77.91550711783005,0.7,B,smoke_CV012193
73.67710528818334,0.4511088994234609,B,smoke_CV012196
72.03887427063555,0.3429058022851763,B,smoke_CV012198
90.0,0.3997368421052631,B,smoke_CV012199
87.28265202327624,0.7,B,smoke_CV012200
72.68657605171296,0.4130385849349587,B,smoke_CV012201
84.85714243978353,0.30629740649047876,B,smoke_CV012203
77.39535371642526,0.7,B,smoke_CV012206
67.43741806228584,0.2683378186683655,B,smoke_CV012207
74.82791039858206,0.301247888731682,B,smoke_CV012208
69.47311170757251,0.4708250484448883,B,smoke_CV012210
72.963798712594,0.4647129798760638,B,smoke_CV012213
73.97678842255488,0.25679936225813266,B,smoke_CV012214
77.25429799190665,0.7,B,smoke_CV012215
77.94656328556599,0.4081977117545782,B,smoke_CV012216
70.17395195404215,0.24387936794837123,B,smoke_CV012217
67.77272950008013,0.27022314979667433,B,smoke_CV012218
72.53743475814947,0.21337627951050894,B,smoke_CV012219
74.823949116621,0.7,B,smoke_CV012220
90.0,0.7,B,smoke_CV012222
75.05832628267214,0.7,B,smoke_CV012223
72.8919535504531,0.5675625090571595,B,smoke_CV012225
76.6815090173634,0.7,B,smoke_CV012226
70.63611363607623,0.572426949236307,B,smoke_CV012228
90.0,0.31618065967016484,B,smoke_CV012229
73.55657319127748,0.7,B,smoke_CV012230
80.23881767373278,0.2244965535814583,B,smoke_CV012231
71.11965854554036,0.30402106070332957,B,smoke_CV012234
73.69561395986015,0.7,B,smoke_CV012236
69.1769367426489,0.3530551786778597,B,smoke_CV012237
64.84669778964613,0.35820897126750595,B,smoke_CV012238
71.78766680506997,0.28275563363377343,B,smoke_CV012239
65.52227857766637,0.3604861556719163,B,smoke_CV012241
65.04485919425815,0.326788028038638,B,smoke_CV012243
78.38133978021989,0.6495730927855748,B,smoke_CV012245
74.55397510499176,0.7,B,smoke_CV012246
64.48263512988763,0.2838029103563544,B,smoke_CV012247
64.88219513435912,0.44385588997596476,B,smoke_CV012248
65.63265117625988,0.3915948222858852,B,smoke_CV012249
64.40195731500302,0.3204698758505197,B,smoke_CV012250
61.55613712940264,0.16836151513464725,B,smoke_CV012251
73.84936674489843,0.7,B,smoke_CV012252
73.3749995030018,0.7,B,smoke_CV012253
68.4863219082163,0.7,B,smoke_CV012254
70.578847173296,0.2843438404514219,B,smoke_CV012256
65.4543987754876,0.4085036910260688,B,smoke_CV012257
70.27197439989177,0.32163654120898066,B,smoke_CV012262
74.33316055340516,0.7,B,smoke_CV012265
83.69760549258606,0.5843659041718912,B,smoke_CV012266
64.8442906591135,0.3108197203485993,B,smoke_CV012269
66.29662966540091,0.3238050135538469,B,smoke_CV012273
80.51052558788953,0.2142091489774268,B,smoke_CV012278
65.83496172254046,0.4061097185989105,B,smoke_CV012279
71.67335510849712,0.7,B,smoke_CV012280
82.38194121823192,0.23485022105406217,B,smoke_CV012287
86.9758576642467,0.7,B,smoke_CV012289
90.0,0.2940397557328015,B,smoke_CV012290
83.10517166372546,0.5934193008960427,B,smoke_CV012291
85.1772090917342,0.7,B,smoke_CV012293
82.48624736804133,0.5929919771036918,B,smoke_CV012296
85.52616214871206,0.7,B,smoke_CV012297
83.46351106443987,0.7,B,smoke_CV012298
83.30404999011964,0.5821115233598456,B,smoke_CV012300
85.71187675603541,0.7,B,smoke_CV012302
85.83322951905991,0.7,B,smoke_CV012305
84.40591437156463,0.7,B,smoke_CV012307
88.8435924134785,0.7,B,smoke_CV012308
86.39926272947267,0.49064376571047646,B,smoke_CV012310
82.67432793403553,0.6489170084622351,B,smoke_CV012313
82.09437691013734,0.6212701162451612,B,smoke_CV012315
85.24032110577802,0.7,B,smoke_CV012317
89.97890118895775,0.6141943343760281,B,smoke_CV012319
82.57958010337524,0.7,B,smoke_CV012320
82.71423371974639,0.7,B,smoke_CV012321
88.17956127221062,0.658886880523603,B,smoke_CV012322
81.26139578500697,0.7,B,smoke_CV012323
90.0,0.5864060148458026,B,smoke_CV012324
82.93852786883562,0.7,B,smoke_CV012326
82.27652475738425,0.7,B,smoke_CV012330
80.12241515977063,0.5311246142226685,B,smoke_CV012331
84.91900750690361,0.347985069819811,B,smoke_CV012332
82.29719312890077,0.5166554480749825,B,smoke_CV012336
79.80465427607652,0.6470555227895215,B,smoke_CV012338
81.08416484021467,0.7,B,smoke_CV012339
82.01740751201875,0.7,B,smoke_CV012342
88.11449833468177,0.7,B,smoke_CV012344
78.79507080462051,0.4785184118444267,B,smoke_CV012347
81.04348226386321,0.7,B,smoke_CV012349
76.38252212919407,0.49543767278853007,B,smoke_CV012352
78.53156349132782,0.482600670480307,B,smoke_CV012353
77.08439387387723,0.45872586196510423,B,smoke_CV012354
89.67411523781841,0.6483329266579366,B,smoke_CV012360
80.55134873654968,0.7,B,smoke_CV012363
81.20658393179576,0.36675506574458655,B,smoke_CV012364
86.80066865587237,0.7,B,smoke_CV012366
74.79376294602527,0.3454553078469616,B,smoke_CV012367
80.07338130166366,0.7,B,smoke_CV012369
73.27704862369836,0.35029394258668056,B,smoke_CV012370
88.75769357099631,0.43327243988325465,B,smoke_CV012371
74.96048264409981,0.44274064261946044,B,smoke_CV012373
78.95575868265973,0.6142727521564755,B,smoke_CV012374
72.64055591116359,0.36097369154542214,B,smoke_CV012376
81.27004650005334,0.7,B,smoke_CV012380
75.3201398334421,0.7,B,smoke_CV012382
80.94394708419227,0.7,B,smoke_CV012384
74.17410242857548,0.7,B,smoke_CV012385
75.7821631169297,0.7,B,smoke_CV012388
81.14085984809688,0.7,B,smoke_CV012390
82.28566637249055,0.7,B,smoke_CV012392
75.93083856927106,0.7,B,smoke_CV012395
80.110533195843,0.6738864424215991,B,smoke_CV012397
76.098753703386,0.7,B,smoke_CV012398
74.77097772814295,0.7,B,smoke_CV012400
89.78866029148463,0.7,B,smoke_CV012401
74.71231244946912,0.7,B,smoke_CV012402
78.59967638230884,0.7,B,smoke_CV012403
81.34362822441811,0.6547455210467215,B,smoke_CV012404
90.0,0.6931874535085544,B,smoke_CV012405
87.2452381999559,0.5587475223053155,B,smoke_CV012407
90.0,0.7,B,smoke_CV012410
82.07055094589407,0.39662045930414325,B,smoke_CV012413
73.82864722807906,0.7,B,smoke_CV012414
70.99680801645516,0.7,B,smoke_CV012417
71.44648870346758,0.7,B,smoke_CV012418
85.28118300469299,0.5676310946008248,B,smoke_CV012421
90.0,0.7,B,smoke_CV012423
73.91809630937159,0.7,B,smoke_CV012424
89.40753467537633,0.3843086856571663,B,smoke_CV012425
87.81161657664492,0.6555910394362563,B,smoke_CV012426
87.40365685611,0.613777711373433,B,smoke_CV012427
89.76132216447824,0.5023416331124777,B,smoke_CV012428
88.56514744666117,0.5962996622745014,B,smoke_CV012429
92.04487112253211,0.5647611374584093,B,smoke_CV012430
86.9101069146012,0.5151560446150325,B,smoke_CV012432
82.34847689607116,0.43334268562182343,B,smoke_CV012435
89.8324215312634,0.5380022904108196,B,smoke_CV012436
90.62026565265887,0.517163715218888,B,smoke_CV012437
86.74314948211519,0.4471230020135255,B,smoke_CV012438
88.67138116369745,0.542619458657407,B,smoke_CV012439
86.90983428123796,0.5301319373116743,B,smoke_CV012440
87.52477001921655,0.6802963997573609,B,smoke_CV012442
88.61000934099656,0.5291337626957027,B,smoke_CV012444
89.84903686487557,0.4471775189834631,B,smoke_CV012445
88.31035286202592,0.5409766517003056,B,smoke_CV012446
80.30404773371319,0.2587405117348311,B,smoke_CV012447
86.10263254811066,0.5364431745829231,B,smoke_CV012449
91.93569719068796,0.3397475032883811,B,smoke_CV012450
87.85168931654337,0.45818123822575924,B,smoke_CV012452
87.87144390987996,0.6071321615350014,B,smoke_CV012454
89.65325926628064,0.4491943002600662,B,smoke_CV012455
12.041616104503737,0.12779742745922304,B,smoke_CV012457
89.02175938663484,0.5991003259119069,B,smoke_CV012459
86.69915374967495,0.5148941519501055,B,smoke_CV012461
83.76112434012434,0.6851388481583318,B,smoke_CV012462
82.51831624568256,0.6283822531409153,B,smoke_CV012464
89.07116789604395,0.5112936958675766,B,smoke_CV012466
88.76279155814063,0.44641829557828006,B,smoke_CV012469
90.1481104334891,0.3457473887731343,B,smoke_CV012470
89.35217619364269,0.49061048593815837,B,smoke_CV012471
87.86827122799204,0.42935829009404175,B,smoke_CV012472
91.88646491962238,0.39513845505023415,B,smoke_CV012475
89.41401182029068,0.4153218773351286,B,smoke_CV012477
88.69248794531207,0.2835439721619707,B,smoke_CV012484
87.45859086841166,0.5686554960539882,B,smoke_CV012486
92.32144718558264,0.16180577337944907,B,smoke_CV012489
86.40228336107992,0.25459562831998983,B,smoke_CV012491
87.49834013301455,0.16682790849486626,B,smoke_CV012494
65.59563309030793,0.1504542361275368,B,smoke_CV012498
82.57541424478396,0.1792298997723495,B,smoke_CV012499
63.32149716193478,0.30154935198331767,B,smoke_CV012501
86.29549090200857,0.13578827522408876,B,smoke_CV012502
87.91108674835336,0.19900766758324867,B,smoke_CV012505
90.65467585090867,0.1516316324268701,B,smoke_CV012506
88.62336863179925,0.1568209078759452,B,smoke_CV012507
86.18648926948262,0.18546956049637342,B,smoke_CV012509
88.25351611236181,0.1505973362441744,B,smoke_CV012510
80.76749775825438,0.28631589464460533,B,smoke_CV012511
91.82333546603412,0.10419761699369533,B,smoke_CV012514
73.87179188022299,0.26251208634571865,B,smoke_CV012516
90.05396549235094,0.22203263061607187,B,smoke_CV012518
68.89814369743618,0.11008499077156791,B,smoke_CV012522
80.8640602658928,0.1893489515877624,B,smoke_CV012524
91.06569694989061,0.2050136002233864,B,smoke_CV012527
79.30122138916192,0.17201767628102535,B,smoke_CV012528
92.83025788643563,0.23919937557224388,B,smoke_CV012529
88.86096179435991,0.16455052422900443,B,smoke_CV012530
88.22278343690823,0.23546342168958848,B,smoke_CV012531
90.7604847535677,0.17380460505701897,B,smoke_CV012532
80.92548966101329,0.18632853333499672,B,smoke_CV012534
54.082740773429556,0.19410327303737732,B,smoke_CV012535
82.10274851637499,0.16026243398365486,B,smoke_CV012538
93.1793847705065,0.1400665582390408,B,smoke_CV012539
67.07764136377048,0.2032225411018998,B,smoke_CV012542
81.06182365515355,0.21210572083045579,B,smoke_CV012545
80.95438533862107,0.30499440675295647,B,smoke_CV012546
87.9477197254507,0.20629917529040706,B,smoke_CV012552
90.10867183272843,0.2525918106630265,B,smoke_CV012556
89.59992697336125,0.2458201814854962,B,smoke_CV012557
92.88911026944116,0.28161568569170264,B,smoke_CV012558
85.15349371065393,0.22761343138016152,B,smoke_CV012563
83.7012438370676,0.22557242587871784,B,smoke_CV012564
92.37587695111948,0.13858967161981964,B,smoke_CV012565
92.5004514156063,0.17303241071680553,B,smoke_CV012567
83.44260841704225,0.21976831172355607,B,smoke_CV012570
90.62738786866542,0.3073021071994789,B,smoke_CV012572
88.46177519708988,0.3060071323850829,B,smoke_CV012573
85.83840188256966,0.2904655073096192,B,smoke_CV012574
82.90403007772163,0.26589709380639237,B,smoke_CV012576
89.1792104654436,0.27713548507932934,B,smoke_CV012577
94.46286402660967,0.27388863298265315,B,smoke_CV012578
66.31465970454755,0.3797679805566171,B,smoke_CV012579
88.64953244350954,0.2267080812809248,B,smoke_CV012580
90.8417973716935,0.3463262645038359,B,smoke_CV012583
82.45121848454988,0.34032448909185226,B,smoke_CV012584
89.5512437117855,0.24953740556605525,B,smoke_CV012585
87.4472913364875,0.3257426791266689,B,smoke_CV012586
83.2883986493068,0.23904904477939157,B,smoke_CV012587
89.33408846253992,0.3416030925265963,B,smoke_CV012588
70.58563636051876,0.3628183911199595,B,smoke_CV012590
77.08941665146891,0.4901228862960856,B,smoke_CV012591
83.60517389920415,0.33639422984100337,B,smoke_CV012592
87.0963541612817,0.28011447075290796,B,smoke_CV012594
0.15080469325794094,0.1338923684680192,B,smoke_CV012595
88.96290283552818,0.44647401918477797,B,smoke_CV012597
70.58428907169962,0.44307620090020916,B,smoke_CV012599
88.73165337651058,0.40163471319949084,B,smoke_CV012600
88.79469089030526,0.5614824664315549,B,smoke_CV012601
89.87237603362814,0.4828464853328968,B,smoke_CV012602
84.12828767895499,0.4793762379929189,B,smoke_CV012604
84.93656412881063,0.241751510855463,B,smoke_CV012605
88.75387393627035,0.4162208989848609,B,smoke_CV012606
89.36688417546748,0.5452641134945941,B,smoke_CV012607
90.01501720165602,0.48330138597173444,B,smoke_CV012608
84.49831965365641,0.5351854425567433,B,smoke_CV012610
90.80406339179355,0.5670046575646189,B,smoke_CV012611
85.77899881275515,0.33037088924120644,B,smoke_CV012612
88.45729856698891,0.5158126921491726,B,smoke_CV012615
87.64614991392448,0.43753354154487595,B,smoke_CV012617
90.68910984802372,0.4513411136041141,B,smoke_CV012619
86.31275833447253,0.4839035765703838,B,smoke_CV012620
87.27532082398896,0.3480665765452321,B,smoke_CV012621
90.37034469961979,0.47263417282451636,B,smoke_CV012622
89.97074874337552,0.47773237101144544,B,smoke_CV012623
93.26583182041472,0.45832655607869277,B,smoke_CV012625
84.08134291390961,0.5065551420206591,B,smoke_CV012626
86.28810077715877,0.6778658265147808,B,smoke_CV012630
87.14002688476548,0.5433130514280096,B,smoke_CV012631
87.20427956569915,0.5458688212329283,B,smoke_CV012633
88.35994858632716,0.6724314752206773,B,smoke_CV012636
86.83313696051474,0.5093081370024392,B,smoke_CV012637
88.9584573849788,0.5212230181549117,B,smoke_CV012638
88.66664274259576,0.6598626448976487,B,smoke_CV012639
74.55897414662381,0.6922118649729526,B,smoke_CV012642
88.96216902052532,0.3966535852261205,B,smoke_CV012647
89.99451531063221,0.426315912712171,B,smoke_CV012648
89.78268877774998,0.4719281892476808,B,smoke_CV012650
76.51732166403494,0.6092195086630239,B,smoke_CV012651
84.96936181532215,0.438953807159193,B,smoke_CV012653
89.94837070451703,0.4992953328646055,B,smoke_CV012654
90.51435155954941,0.5030471100353457,B,smoke_CV012657
73.17289401911732,0.7,B,smoke_CV012660
77.67119973353019,0.6013193441925593,B,smoke_CV012663
90.00076592699067,0.5249893823679288,B,smoke_CV012664
78.01067628285908,0.5450893282752952,B,smoke_CV012665
76.7217362663507,0.590733052861363,B,smoke_CV012666
81.55020193349317,0.581677946328965,B,smoke_CV012667
82.464228377464,0.48826166074498556,B,smoke_CV012668
89.93637141335925,0.4938151814634821,B,smoke_CV012670
86.54857213000295,0.36127871108247456,B,smoke_CV012673
84.58760473988112,0.37314840986276443,B,smoke_CV012674
85.65529472922934,0.44831840242911003,B,smoke_CV012679
84.59726842313327,0.44341810271231497,B,smoke_CV012680
82.95634799466198,0.5506001553273521,B,smoke_CV012681
87.86545368640535,0.5052508481786836,B,smoke_CV012682
89.97895436075991,0.4415589418629681,B,smoke_CV012683
87.34799611388797,0.42111827557360854,B,smoke_CV012688
89.38208787676051,0.5184313903535981,B,smoke_CV012690
85.47723983271615,0.5245405001733588,B,smoke_CV012692
73.3743551132049,0.6887443645076571,B,smoke_CV012693
90.0014663928944,0.5285052837444246,B,smoke_CV012694
82.54985124878785,0.50181286941256,B,smoke_CV012695
90.0,0.47304303997194946,B,smoke_CV012696
87.72314844767796,0.7,B,smoke_CV012697
75.81365726319343,0.5275715268357871,B,smoke_CV012698
82.17115868284176,0.5556337308139992,B,smoke_CV012699
90.0,0.5687546023564064,B,smoke_CV012701
88.06894457999144,0.49560306982643215,B,smoke_CV012704
90.0,0.5460076887644828,B,smoke_CV012706
79.55310119336426,0.3196551863988633,B,smoke_CV012708
83.58477366075348,0.4275655629560175,B,smoke_CV012709
86.94501402443133,0.33466046621821116,B,smoke_CV012711
73.66688943669647,0.7,B,smoke_CV012712
89.87026882617768,0.40745683569361923,B,smoke_CV012714
74.37266288595835,0.7,B,smoke_CV012716
72.84522904714639,0.7,B,smoke_CV012717
89.93428698272447,0.47153777059334673,B,smoke_CV012718
88.75657380766869,0.5250709421422481,B,smoke_CV012720
87.6469823072793,0.616813680387366,B,smoke_CV012721
89.56167953845832,0.49000561255609265,B,smoke_CV012722
84.83899243809309,0.35961122016050256,B,smoke_CV012723
90.0,0.4957459001939693,B,smoke_CV012724
89.99904179239229,0.5449612707760527,B,smoke_CV012725
90.43099613078857,0.423910248243423,B,smoke_CV012726
85.05688608592416,0.39174003091999204,B,smoke_CV012729
90.86000669458109,0.5025847904253061,B,smoke_CV012731
89.99597851362563,0.43045550571541846,B,smoke_CV012734
85.52978895791595,0.3856379522617939,B,smoke_CV012735
81.76881199348179,0.3911587109176812,B,smoke_CV012736
88.74279581930394,0.6021866169837693,B,smoke_CV012738
90.30301339482362,0.5202904538248939,B,smoke_CV012739
78.29941445481907,0.7,B,smoke_CV012741
87.33367030568641,0.3638507503214758,B,smoke_CV012742
79.14983071218002,0.3560000218615137,B,smoke_CV012743
86.07085572293288,0.5787038265799354,B,smoke_CV012744
79.93590437688675,0.33613833165842005,B,smoke_CV012745
90.0225870649699,0.5358281996169095,B,smoke_CV012747
90.0,0.49441773504273495,B,smoke_CV012749
85.90681501913096,0.4406929803209228,B,smoke_CV012752
85.64643384708884,0.3734583646025268,B,smoke_CV012754
90.0,0.4456223386832623,B,smoke_CV012755
83.18444708565804,0.5532757445812168,B,smoke_CV012757
86.63175940062257,0.3050246276652825,B,smoke_CV012758
91.23513466370142,0.4444027797952786,B,smoke_CV012759
90.51671637921169,0.5846841134413516,B,smoke_CV012760
90.0,0.5286458333333333,B,smoke_CV012761
89.92793962375876,0.48883519009857507,B,smoke_CV012763
87.54991227257098,0.4794460663136114,B,smoke_CV012764
82.17508013029395,0.3424940219461202,B,smoke_CV012766
90.0,0.5058771542200619,B,smoke_CV012769
86.10347015482213,0.5658260052618769,B,smoke_CV012770
86.3498328958071,0.6881423298442393,B,smoke_CV012773
84.08630903885656,0.4721497612956413,B,smoke_CV012774
88.03776461288282,0.3926640508701126,B,smoke_CV012775
90.93351630553866,0.326494261535966,B,smoke_CV012776
88.31497625797051,0.3943706317458192,B,smoke_CV012777
90.0,0.47196378024339336,B,smoke_CV012778
78.46944128029179,0.6143587790595773,B,smoke_CV012779
90.1051348707312,0.49687028932263505,B,smoke_CV012781
82.33693157854186,0.36198361053850153,B,smoke_CV012782
90.0,0.5642568170234453,B,smoke_CV012783
91.42003521529493,0.44652007877809763,B,smoke_CV012784
78.35253915057956,0.5279672321263311,B,smoke_CV012786
90.0,0.5250163857677902,B,smoke_CV012787
86.8410665804342,0.4517736101953472,B,smoke_CV012790
87.44282255628838,0.6485949108195956,B,smoke_CV012792
90.0,0.43143833488661076,B,smoke_CV012793
90.0,0.5886231056514091,B,smoke_CV012794
90.0,0.5015403286034353,B,smoke_CV012795
91.69247898910275,0.4207920451724137,B,smoke_CV012798
88.31125334275255,0.6211306560812816,B,smoke_CV012800
85.71220401748978,0.545038713935169,B,smoke_CV012801
90.0,0.46861694152923544,B,smoke_CV012803
80.41381503832964,0.3827257829944094,B,smoke_CV012805
89.93361616252675,0.366799170692612,B,smoke_CV012806
77.18228199621265,0.6356202889126853,B,smoke_CV012808
90.0,0.37644230769230774,B,smoke_CV012809
78.26900687064683,0.6271636659368187,B,smoke_CV012810
90.02741775787483,0.5101151020603852,B,smoke_CV012812
91.70747910409843,0.3984126789843223,B,smoke_CV012813
90.20950874089122,0.517111310076195,B,smoke_CV012814
90.0,0.43222876366694696,B,smoke_CV012815
88.23107774491231,0.35664614487551816,B,smoke_CV012817
87.54162351200605,0.35571151448144944,B,smoke_CV012818
86.80880406099344,0.49609061646897146,B,smoke_CV012819
91.27235334641739,0.5086645283667645,B,smoke_CV012821
90.0,0.5568979161171195,B,smoke_CV012822
80.95108830802157,0.7,B,smoke_CV012823
90.0,0.5042728960396039,B,smoke_CV012824
80.2942261663623,0.5724038366918911,B,smoke_CV012825
90.0,0.3547368421052631,B,smoke_CV012826
80.2125179876947,0.675018460199988,B,smoke_CV012827
93.90459075039934,0.4424375891630979,B,smoke_CV012828
90.0,0.4503987698081734,B,smoke_CV012830
90.0,0.46518204312477907,B,smoke_CV012833
85.83537319079294,0.3099275757930454,B,smoke_CV012834
88.27183337028713,0.7,B,smoke_CV012836
90.0,0.4819466673900658,B,smoke_CV012838
89.99946940711779,0.3572130979538877,B,smoke_CV012839
90.0,0.49665526675786587,B,smoke_CV012842
90.01050481851102,0.476368768672105,B,smoke_CV012843
85.46422882742702,0.5362960417417106,B,smoke_CV012844
89.73741364576203,0.46628576242574266,B,smoke_CV012845
85.66909657797989,0.4101160850000585,B,smoke_CV012846
84.61706436455546,0.6023673377184056,B,smoke_CV012847
87.32633311189251,0.40568186572273707,B,smoke_CV012848
90.6962870780876,0.5644322257884609,B,smoke_CV012849
90.0,0.3807193396226415,B,smoke_CV012851
87.70164710132613,0.25658590059166636,B,smoke_CV012853
85.50061903341395,0.6550020538973573,B,smoke_CV012857
90.0,0.45619935384778354,B,smoke_CV012859
89.95429579781792,0.29520117121037875,B,smoke_CV012860
90.00531299326428,0.454149049969963,B,smoke_CV012861
91.82891569421142,0.24661467455463437,B,smoke_CV012862
89.566405937288,0.19623290907437355,B,smoke_CV012863
96.23152655047518,0.33236224716531493,B,smoke_CV012865
90.0,0.5313600532350532,B,smoke_CV012866
90.0,0.4007117918961448,B,smoke_CV012867
91.37266229585573,0.36731420808457216,B,smoke_CV012868
88.99982701381907,0.3486883370215789,B,smoke_CV012869
91.52569711782714,0.3155761618490865,B,smoke_CV012870
90.40630895469172,0.42776647449960287,B,smoke_CV012871
95.39370339385111,0.344502624415462,B,smoke_CV012872
86.12149589747048,0.3556461026869067,B,smoke_CV012875
89.47113495798011,0.2935042355931333,B,smoke_CV012876
90.0,0.5365384615384614,B,smoke_CV012878
90.0,0.5212566844919786,B,smoke_CV012880
90.0,0.4308155930009476,B,smoke_CV012881
94.90237636033564,0.2306485117210814,B,smoke_CV012883
90.0,0.3649646504320503,B,smoke_CV012886
102.03587239708628,0.2914350087481613,B,smoke_CV012887
90.0,0.517626679731243,B,smoke_CV012889
90.32874719664966,0.5477604364792752,B,smoke_CV012891
92.80659640724981,0.2819690519247878,B,smoke_CV012892
90.10517494339581,0.3615925918747348,B,smoke_CV012893
94.02954443397336,0.2416751894444121,B,smoke_CV012894
90.0,0.444156896981791,B,smoke_CV012896
94.10892887669782,0.7,B,smoke_CV012897
96.88936966890428,0.23775976421752543,B,smoke_CV012898
97.58927861126162,0.20896436207410599,B,smoke_CV012899
99.77276187604888,0.7,B,smoke_CV012900
97.4604209516192,0.3795794593584018,B,smoke_CV012901
98.0274294962163,0.22148136835290144,B,smoke_CV012902
99.07826994114367,0.33020772716061614,B,smoke_CV012903
90.61736819805155,0.5454975683373111,B,smoke_CV012904
102.91596815420833,0.20568904586116157,B,smoke_CV012905
93.6333712723405,0.3111470413381839,B,smoke_CV012908
97.24501435891648,0.48429550751848033,B,smoke_CV012909
98.18784823451462,0.43886797381273634,B,smoke_CV012910
90.0,0.3131214572508266,B,smoke_CV012911
104.0365208037965,0.2706735135596641,B,smoke_CV012913
86.77856772466322,0.4480798748511876,B,smoke_CV012915
101.30920368916743,0.7,B,smoke_CV012916
90.24688582432292,0.33914610938268913,B,smoke_CV012917
94.1643243383643,0.4747544967616157,B,smoke_CV012918
89.7146440380093,0.35244563797326556,B,smoke_CV012919
103.31356548371153,0.3115584602947256,B,smoke_CV012922
94.35062600001896,0.30011478007420844,B,smoke_CV012923
101.11469295480332,0.3603116800328282,B,smoke_CV012924
90.0,0.3566606616442843,B,smoke_CV012925
97.5429574206086,0.3188698351651775,B,smoke_CV012926
90.0,0.43691150954308844,B,smoke_CV012927
90.0,0.3845855173752669,B,smoke_CV012929
99.73558753449979,0.2367124003121638,B,smoke_CV012930
89.99761659750527,0.29697437962884915,B,smoke_CV012931
90.01968518796598,0.34056995492612746,B,smoke_CV012932
90.55663188734623,0.3687065451581637,B,smoke_CV012934
89.99428536893494,0.2930086102077593,B,smoke_CV012935
90.0,0.274683326787117,B,smoke_CV012938
102.95767764192502,0.5727801222091443,B,smoke_CV012939
90.83013235536929,0.27186030474691,B,smoke_CV012940
90.89081462274238,0.29526999290003875,B,smoke_CV012941
99.39088772825791,0.2089369393546658,B,smoke_CV012942
83.35251397953286,0.2573989355185964,B,smoke_CV012943
94.10400926075074,0.25735901897552327,B,smoke_CV012944
97.3260210138094,0.20973279275356244,B,smoke_CV012947
93.13124638891894,0.26806000104623295,B,smoke_CV012948
95.27326093984766,0.24100152934036803,B,smoke_CV012949
91.65168590254844,0.2690714950060137,B,smoke_CV012951
90.0,0.26951220727453906,B,smoke_CV012952
90.0,0.21875213625133053,B,smoke_CV012954
93.38796554893362,0.2538531421004313,B,smoke_CV012956
95.9665224411687,0.31987612705931945,B,smoke_CV012958
90.62079473350414,0.4326561385070009,B,smoke_CV012959
107.10605920181129,0.6116655200870379,B,smoke_CV012962
90.0,0.23803676243435282,B,smoke_CV012964
107.30030035960756,0.3064599020295485,B,smoke_CV012966
109.42632255042649,0.43241264911833754,B,smoke_CV012968
95.69613643948573,0.25639331370037705,B,smoke_CV012970
108.64050794478773,0.6194744736232636,B,smoke_CV012971
105.83631158940592,0.18826509906142921,B,smoke_CV012972
110.26628439217309,0.3019254388039262,B,smoke_CV012976
90.0,0.16889033406352683,B,smoke_CV012977
112.57058236468669,0.0891478778667813,B,smoke_CV012991
109.15436701726654,0.18132847910739283,B,smoke_CV012992
80.85808944945958,0.09590425922929126,B,smoke_CV012994
155.4436530513929,0.11575493229054791,B,smoke_CV012998
152.5473402347101,0.09876786855245479,B,smoke_CV013001
125.89901301027015,0.10544442604746473,B,smoke_CV013005
131.92303498114276,0.1568238836375993,B,smoke_CV013015
170.60778677542055,0.17220860277162245,B,smoke_CV013019
158.01589416591958,0.11170554986998535,B,smoke_CV013029
171.9500284707339,0.1118979388166588,B,smoke_CV013030
169.39717253276146,0.11200289692308715,B,smoke_CV013039
17.593988259105984,0.09902679117093803,B,smoke_CV013042
0.03669201317325585,0.10044573887119954,B,smoke_CV013043
136.8916256794365,0.09665284390684833,B,smoke_CV013047
165.51514218364335,0.1331656350992388,B,smoke_CV013050
169.35120205506516,0.18922805190812883,B,smoke_CV013051
164.15015275459152,0.18618123255636995,B,smoke_CV013054
167.40945907795796,0.1514202045277759,B,smoke_CV013055
126.62081456730913,0.21270693088109216,B,smoke_CV013059
162.92105295267265,0.09547137478549461,B,smoke_CV013064
162.48654612906125,0.10797247321796917,B,smoke_CV013067
179.99106138620573,0.12214352109878639,B,smoke_CV013070
0.0,0.08777660324171953,B,smoke_CV013072
161.98027439158574,0.18010616574656385,B,smoke_CV013073
169.48488846346604,0.20383897358423203,B,smoke_CV013074
164.1128220171346,0.22773707327077264,B,smoke_CV013078
171.41056539933575,0.26554103169029647,B,smoke_CV013079
173.07738650512258,0.22316401521632348,B,smoke_CV013080
0.2824089299587992,0.14919316473401226,B,smoke_CV013083
165.22082097018713,0.1775159701838071,B,smoke_CV013085
9.526661913849564,0.1125241448305761,B,smoke_CV013086
166.66320937707644,0.15984903013697574,B,smoke_CV013087
5.0995367951796755,0.09449440892266021,B,smoke_CV013088
163.41938109322794,0.22463506976952005,B,smoke_CV013089
166.36490499478526,0.10745439091488185,B,smoke_CV013090
172.2528455046207,0.19149929156198406,B,smoke_CV013093
0.099341643596382,0.13424713679317582,B,smoke_CV013097
168.34758359156206,0.22417617626800362,B,smoke_CV013098
166.2772905619393,0.20923349109883624,B,smoke_CV013099
179.81026025790186,0.1823928352445634,B,smoke_CV013101
179.05931591626413,0.09169463740727324,B,smoke_CV013103
0.0,0.12217052677195685,B,smoke_CV013104
2.9877684862139517,0.12412051347716005,B,smoke_CV013105
0.0,0.1093844319882314,B,smoke_CV013106
0.45071247401700715,0.16049123479873653,B,smoke_CV013107
171.74205439606362,0.14194211480970947,B,smoke_CV013109
5.413969879449413,0.13112041367741956,B,smoke_CV013113
170.79042779376138,0.089531068422235,B,smoke_CV013115
164.7452415497524,0.10817157953175839,B,smoke_CV013117
176.60495652081693,0.12090709232696197,B,smoke_CV013118
165.3597441812023,0.08947921903174294,B,smoke_CV013120
167.05013640452566,0.09573553438144096,B,smoke_CV013121
179.99030650416125,0.10346919948536151,B,smoke_CV013123
166.04952276174336,0.16058494553773972,B,smoke_CV013125
171.47853975517882,0.27092499392351166,B,smoke_CV013127
167.76833385260875,0.14700736399232062,B,smoke_CV013128
166.6648612760595,0.1854754140887804,B,smoke_CV013130
0.5922287993626397,0.22569052822882746,B,smoke_CV013132
170.01078226588822,0.26325752269765523,B,smoke_CV013133
163.32377997012833,0.09735853862619398,B,smoke_CV013135
168.7824831559623,0.2701970839406867,B,smoke_CV013141
168.06238920454035,0.10444772330893694,B,smoke_CV013142
11.986519060432933,0.14574389897131815,B,smoke_CV013144
169.1869996245272,0.2057365682316934,B,smoke_CV013146
171.71901519870005,0.19726726884069742,B,smoke_CV013148
171.1311592949707,0.14642951003297258,B,smoke_CV013151
171.72238232088046,0.09524953774378114,B,smoke_CV013154
152.37330767641538,0.16830973633972104,B,smoke_CV013155
179.99815865378994,0.10121279679028028,B,smoke_CV013156
1.2720437570104262,0.1377434102663836,B,smoke_CV013161
160.04299078088061,0.22648108485818857,B,smoke_CV013162
0.0,0.08787884078212294,B,smoke_CV013165
149.33065389558095,0.15950643148283286,B,smoke_CV013166
170.70105438939407,0.13091285129544736,B,smoke_CV013167
167.59389653335418,0.2904969619404883,B,smoke_CV013168
0.0,0.1421237154747894,B,smoke_CV013169
168.29415588040328,0.26098914245132226,B,smoke_CV013170
0.0,0.0933615221987315,B,smoke_CV013171
171.765758410457,0.2559754281688337,B,smoke_CV013173
0.0,0.12973037603873971,B,smoke_CV013174
179.99271935058468,0.0885858307967716,B,smoke_CV013176
164.6108815979176,0.0903224008054262,B,smoke_CV013177
169.45350175507656,0.17368992235026098,B,smoke_CV013178
0.954560206971707,0.08775343567181874,B,smoke_CV013181
166.1811345129192,0.17644137264371534,B,smoke_CV013183
179.81834718946902,0.1651573586474476,B,smoke_CV013185
176.90596829025492,0.11799203439302651,B,smoke_CV013187
179.89078523046263,0.09663926807084244,B,smoke_CV013189
175.80045697168808,0.14498904567067314,B,smoke_CV013191
169.33258679118586,0.3143035136903352,B,smoke_CV013195
0.0,0.11332803143712573,B,smoke_CV013197
161.72425688846647,0.23425123172724496,B,smoke_CV013199
173.26863521891016,0.11155976229953608,B,smoke_CV013200
173.38199716729005,0.1287906955824911,B,smoke_CV013201
0.641054258015102,0.13699456384653,B,smoke_CV013202
12.068676123463586,0.1219789666218519,B,smoke_CV013204
172.89718702032178,0.34495468321262285,B,smoke_CV013205
164.57668719694226,0.2389707233222873,B,smoke_CV013209
170.91568683511417,0.34131845891981427,B,smoke_CV013210
162.70320364648828,0.25062602735997824,B,smoke_CV013211
165.09836427598117,0.29502707967325464,B,smoke_CV013213
0.08252305225564391,0.09427724373566505,B,smoke_CV013214
179.68564755727593,0.11187061850780208,B,smoke_CV013215
14.377877224343269,0.27538767926043684,B,smoke_CV013217
6.897737968592683,0.2479978902065752,B,smoke_CV013219
179.99970854810596,0.11025068347528844,B,smoke_CV013220
168.58230003102523,0.22003578247266173,B,smoke_CV013223
72.80911432669126,0.36361077735112735,B,smoke_CV013224
0.013826694559440161,0.3360988284235033,B,smoke_CV013227
3.083485523673143,0.19995542717350276,B,smoke_CV013229
0.0,0.11447249718080439,B,smoke_CV013230
179.56978417424867,0.09772001557459942,B,smoke_CV013231
0.0,0.12186776104775475,B,smoke_CV013233
179.35005922523445,0.12100989212821825,B,smoke_CV013235
0.0,0.10586164043082022,B,smoke_CV013236
178.73954521947957,0.1162946301058263,B,smoke_CV013237
170.8686696411391,0.20566066130185034,B,smoke_CV013239
0.20788834638507042,0.10928220920764445,B,smoke_CV013241
0.24858412387251694,0.10512817269031463,B,smoke_CV013243
0.3483211438180701,0.13297573671570645,B,smoke_CV013244
0.0,0.1369400530503979,B,smoke_CV013247
172.0518805717144,0.16984613519261552,B,smoke_CV013248
0.7513872210020283,0.18990161222017218,B,smoke_CV013249
175.7969213289297,0.09182505698179143,B,smoke_CV013251
176.87388060568486,0.16666610462848083,B,smoke_CV013253
13.467123015397762,0.2077602060929342,B,smoke_CV013254
173.13678083135534,0.08908854230849651,B,smoke_CV013256
3.1040657159954943,0.27631557925155636,B,smoke_CV013260
173.8631966975484,0.40669115036547954,B,smoke_CV013261
174.7496174545914,0.2390774952711267,B,smoke_CV013264
2.021199132519683,0.13702622661457875,B,smoke_CV013265
2.1946509736691873,0.13673928890213358,B,smoke_CV013266
66.43858739831545,0.3494542336303224,B,smoke_CV013268
171.14608598212777,0.20164370818215857,B,smoke_CV013273
0.4743561902386421,0.12598863606696303,B,smoke_CV013275
10.24589335096198,0.3150553219563238,B,smoke_CV013276
104.79043248065305,0.4489599559882369,B,smoke_CV013278
90.8241785959855,0.130193208109056,B,smoke_CV013279
111.28532597361469,0.2706763500614413,B,smoke_CV013282
112.65536016966097,0.3754123730546867,B,smoke_CV013283
90.03036060061368,0.18768359878914748,B,smoke_CV013284
106.3336164079316,0.14005889356299583,B,smoke_CV013288
89.11956739561093,0.17357266998698598,B,smoke_CV013289
90.5616960253783,0.15165387594488033,B,smoke_CV013290
90.0,0.1869030837004405,B,smoke_CV013292
127.24535868080687,0.47468626272273234,B,smoke_CV013294
89.99947515075078,0.2747926789640046,B,smoke_CV013295
94.38621750445577,0.19865658880333473,B,smoke_CV013297
126.57844023837883,0.38733278349310407,B,smoke_CV013298
89.99102886188334,0.10806076628257541,B,smoke_CV013300
115.33918876334526,0.20252687178411277,B,smoke_CV013301
114.89505844165936,0.4056096550264231,B,smoke_CV013307
109.41811105681333,0.4201745478491921,B,smoke_CV013308
128.15712725672068,0.6725030553665045,B,smoke_CV013309
130.39394948559521,0.5198760934402676,B,smoke_CV013310
95.25556719258522,0.7,B,smoke_CV013313
90.0,0.20516774193548387,B,smoke_CV013316
88.1966108702456,0.19082685307082514,B,smoke_CV013318
121.73846815511551,0.7,B,smoke_CV013319
111.74718975736201,0.284390375058225,B,smoke_CV013320
136.26622571132617,0.11323889960758196,B,smoke_CV013323
127.10671169655726,0.095922204561594,B,smoke_CV013324
107.63723459490562,0.557266601886098,B,smoke_CV013325
118.92448154150784,0.4566187561569148,B,smoke_CV013326
90.44179399467848,0.10979837661612812,B,smoke_CV013329
130.6480062536552,0.18798071490624746,B,smoke_CV013334
122.28595013182652,0.7,B,smoke_CV013338
91.43039201345943,0.09633023432262308,B,smoke_CV013346
147.76007861663302,0.12745660898275588,B,smoke_CV013348
114.4677922050059,0.5309184585454858,B,smoke_CV013349
119.95837894518746,0.33953380341852,B,smoke_CV013351
89.910169454077,0.12462934014523265,B,smoke_CV013354
144.0598850877852,0.08811175131794557,B,smoke_CV013355
92.64884604119652,0.12037352711929825,B,smoke_CV013359
90.20163849089951,0.14078146098793595,B,smoke_CV013360
89.99316197804481,0.09215838700875703,B,smoke_CV013363
95.45234918782825,0.11863356986378684,B,smoke_CV013364
121.7108224657012,0.4826631044943525,B,smoke_CV013366
116.91799606742237,0.3938169679261787,B,smoke_CV013369
110.98072596281,0.43940780712097177,B,smoke_CV013371
144.66651461742913,0.13619303598125654,B,smoke_CV013372
90.0,0.12105889402499573,B,smoke_CV013373
110.9218946983294,0.32089872781126716,B,smoke_CV013374
90.1825688166443,0.09283076164279107,B,smoke_CV013376
117.968559794373,0.5173451190384256,B,smoke_CV013377
81.6889323727259,0.10153902295659756,B,smoke_CV013379
90.85387118502838,0.13492938667930335,B,smoke_CV013380
91.04674390728043,0.1545675368505272,B,smoke_CV013383
120.09937314799205,0.26363579316073904,B,smoke_CV013385
141.3226242574272,0.11641242028272329,B,smoke_CV013387
90.36577894099489,0.1333330409027564,B,smoke_CV013391
121.97514561397865,0.7,B,smoke_CV013392
125.83907277707603,0.3251162326886311,B,smoke_CV013394
134.96570689805353,0.1412178737623029,B,smoke_CV013396
121.86236519444047,0.4955925120435945,B,smoke_CV013399
121.07379984501334,0.10178164425468728,B,smoke_CV013400
99.76020747094836,0.1085593096827254,B,smoke_CV013402
90.00496244105867,0.1604645537578883,B,smoke_CV013403
115.51874675840611,0.45222649316369634,B,smoke_CV013404
126.06962939912786,0.27478335798223424,B,smoke_CV013405
129.78967021995268,0.7,B,smoke_CV013406
112.48353387719342,0.0985710199125848,B,smoke_CV013407
112.7374850996968,0.6827715423895612,B,smoke_CV013411
89.91278639731061,0.19648918434377485,B,smoke_CV013414
110.20623077232763,0.5166105052473504,B,smoke_CV013416
112.26786531939781,0.0990547265351375,B,smoke_CV013417
119.16167761057565,0.3238929626411325,B,smoke_CV013418
116.76200079857993,0.7,B,smoke_CV013419
112.0811271557202,0.6920800480581414,B,smoke_CV013420
84.56422254936372,0.12844548927732155,B,smoke_CV013421
125.96392452066438,0.1608690403090958,B,smoke_CV013422
89.99008851676221,0.18901615512028924,B,smoke_CV013423
118.32169111670336,0.2100177063157131,B,smoke_CV013424
126.93157514676571,0.203904264501237,B,smoke_CV013425
115.85686749830894,0.7,B,smoke_CV013429
117.27132273812762,0.31517210728125244,B,smoke_CV013433
118.0890812817569,0.36782595216839276,B,smoke_CV013434
94.90526504588424,0.1591896904451834,B,smoke_CV013435
105.57124497974911,0.14293401777794446,B,smoke_CV013436
98.15349320565919,0.14771572038827252,B,smoke_CV013438
113.49384146314199,0.46585501131995805,B,smoke_CV013440
90.09782342801228,0.2538156963725909,B,smoke_CV013443
117.75160362299624,0.24311034791284816,B,smoke_CV013446
93.524792207722,0.20881386683667896,B,smoke_CV013448
100.46259106737118,0.17722107287544242,B,smoke_CV013449
114.19351937074151,0.7,B,smoke_CV013451
113.51336219222273,0.7,B,smoke_CV013452
90.52342972724361,0.23935832154058678,B,smoke_CV013453
110.34143628886335,0.4624948851176346,B,smoke_CV013454
108.26732871965885,0.7,B,smoke_CV013457
113.50651192747223,0.27762631587707765,B,smoke_CV013459
106.33428195519177,0.7,B,smoke_CV013460
117.8440497342011,0.7,B,smoke_CV013461
88.6163384448565,0.2687881389402183,B,smoke_CV013462
109.35803431536887,0.7,B,smoke_CV013465
92.40822016694831,0.27557968591072324,B,smoke_CV013466
94.46210723148688,0.22530701679635415,B,smoke_CV013468
90.51711321167856,0.37663532217280415,B,smoke_CV013470
108.79689115124367,0.18385540191305905,B,smoke_CV013471
90.35552530705537,0.2930667847739528,B,smoke_CV013472
99.92612124585371,0.1577681547362679,B,smoke_CV013473
113.12453382723206,0.15928053874083611,B,smoke_CV013474
90.66060989727336,0.30394877206931986,B,smoke_CV013476
89.99692882027095,0.35535798759178033,B,smoke_CV013477
92.78007748313516,0.1737133694521039,B,smoke_CV013480
90.52149961218399,0.3734958601477138,B,smoke_CV013481
89.99088522625507,0.5374918883657563,B,smoke_CV013485
103.4320241212645,0.49856723582002477,B,smoke_CV013486
99.29194485935419,0.41382445601369694,B,smoke_CV013488
102.26485282507304,0.2534291260548407,B,smoke_CV013489
97.75346486049291,0.29861359780620844,B,smoke_CV013491
98.55039978224673,0.7,B,smoke_CV013493
89.9997121733575,0.6599808575396202,B,smoke_CV013494
90.09961230859808,0.6158199646223176,B,smoke_CV013495
90.0,0.7,B,smoke_CV013498
92.76542095263012,0.5985451859300895,B,smoke_CV013499
100.15475744222574,0.7,B,smoke_CV013500
97.96728248369782,0.7,B,smoke_CV013501
97.25148863735892,0.7,B,smoke_CV013502
88.55464365454964,0.7,B,smoke_CV013505
94.84869733114037,0.7,B,smoke_CV013507
94.97160225634728,0.7,B,smoke_CV013508
95.74921801735088,0.6556185536487023,B,smoke_CV013509
91.9111576969684,0.7,B,smoke_CV013510
89.97058159581984,0.7,B,smoke_CV013511
94.33315101230224,0.7,B,smoke_CV013513
92.25990648262724,0.7,B,smoke_CV013515
96.5199034835351,0.7,B,smoke_CV013516
90.96549284515076,0.7,B,smoke_CV013517
90.00181606149343,0.7,B,smoke_CV013518
91.99211356769192,0.6195020792740632,B,smoke_CV013521
89.26778359359157,0.6207008154368929,B,smoke_CV013523
92.0412624861028,0.4826334611737427,B,smoke_CV013525
91.08214690609226,0.7,B,smoke_CV013526
91.38106989633647,0.50767126642531,B,smoke_CV013528
89.9991554600448,0.7,B,smoke_CV013530
89.831993350965,0.7,B,smoke_CV013532
90.06610664741295,0.5465187657904538,B,smoke_CV013535
89.73348017236367,0.5277951584642278,B,smoke_CV013536
86.61166849887148,0.35688079456643007,B,smoke_CV013537
80.06342869937842,0.7,B,smoke_CV013538
86.13369623311638,0.41488468252639643,B,smoke_CV013539
85.17425093337549,0.7,B,smoke_CV013544
90.2893131990439,0.32640230007503274,B,smoke_CV013547
85.37934349997549,0.31186976624013774,B,smoke_CV013548
91.3511974285924,0.2461712291608482,B,smoke_CV013549
90.0,0.31999628091489496,B,smoke_CV013550
88.11542507939865,0.558124644548969,B,smoke_CV013553
77.09073039342474,0.7,B,smoke_CV013554
88.76449122499072,0.18221353864780412,B,smoke_CV013555
90.06063417763589,0.1743365140119674,B,smoke_CV013556
89.50173472342938,0.32999598228661475,B,smoke_CV013557
80.94436158059636,0.4849816355491072,B,smoke_CV013559
84.96984618462666,0.2925265125547397,B,smoke_CV013560
101.88400355348496,0.47570637144102906,B,smoke_CV013568
91.50656782916914,0.34839603230920674,B,smoke_CV013569
83.4480649594715,0.6058492739840065,B,smoke_CV013570
94.03153519303025,0.3573961821610067,B,smoke_CV013572
90.18170991739078,0.3581478845154595,B,smoke_CV013576
91.37284512646237,0.47342993126745836,B,smoke_CV013578
90.65957112844804,0.5697656948544498,B,smoke_CV013579
89.99761955772837,0.6725853062933633,B,smoke_CV013580
88.69341959532979,0.7,B,smoke_CV013581
86.85325818030304,0.3841585593253671,B,smoke_CV013582
87.04546539264584,0.4397299713470515,B,smoke_CV013583
90.0,0.46865773561301083,B,smoke_CV013584
83.33195821484634,0.4581605163181872,B,smoke_CV013592
73.52702464714525,0.7,B,smoke_CV013593
81.60841511362246,0.5709808840142228,B,smoke_CV013595
90.22988144290507,0.4338353585878285,B,smoke_CV013596
79.80576315379598,0.4215880835819052,B,smoke_CV013597
74.8498712429567,0.3998648495568335,B,smoke_CV013602
88.11884903496833,0.4812353610995336,B,smoke_CV013603
78.03601132420539,0.3938783886266468,B,smoke_CV013604
78.03189594213474,0.26719858470166097,B,smoke_CV013605
85.74443432908218,0.2870807335464112,B,smoke_CV013606
76.04900649356875,0.7,B,smoke_CV013607
70.91219459242956,0.18220264190528554,B,smoke_CV013610
63.41626330823695,0.7,B,smoke_CV013611
82.87821730343803,0.1358985611762105,B,smoke_CV013616
0.8653611083063962,0.12231140124053212,B,smoke_CV013628
174.6618232125617,0.17773470008672612,B,smoke_CV013629
62.58019933621899,0.5388616857251386,B,smoke_CV013631
173.99166081437176,0.14641377170976347,B,smoke_CV013633
178.02724426684605,0.29537918155709103,B,smoke_CV013634
179.08497841879372,0.11079528244636157,B,smoke_CV013636
179.99930065533445,0.09927493646769116,B,smoke_CV013639
149.2808019328913,0.26694424483575674,B,smoke_CV013640
17.716445484448435,0.10968031049092976,B,smoke_CV013641
147.00294661216395,0.20210785918106292,B,smoke_CV013644
13.169541857299516,0.11361330212632556,B,smoke_CV013646
173.16958428465279,0.14644659440669872,B,smoke_CV013647
5.257820157998337,0.1673961724777595,B,smoke_CV013651
132.68374991243135,0.7,B,smoke_CV013653
30.32543257465622,0.12467666043108101,B,smoke_CV013657
178.89165788333202,0.11707906572754193,B,smoke_CV013660
165.02647005526373,0.15469785458740934,B,smoke_CV013662
168.73271808478924,0.1565421664390889,B,smoke_CV013667
37.30956956736407,0.49053159794130824,B,smoke_CV013677
38.80251832277959,0.7,B,smoke_CV013680
176.20374563126103,0.09518586841165083,B,smoke_CV013681
36.98299365143534,0.7,B,smoke_CV013682
33.74844004127489,0.7,B,smoke_CV013685
0.0,0.13855017225944716,B,smoke_CV013686
30.294855392934902,0.7,B,smoke_CV013687
29.317082190834366,0.7,B,smoke_CV013689
25.58764331790007,0.7,B,smoke_CV013691
30.79107164610434,0.7,B,smoke_CV013692
4.182367317003804,0.3046076952779466,B,smoke_CV013694
177.92151345470606,0.2818292948507578,B,smoke_CV013695
22.24746296761196,0.7,B,smoke_CV013696
4.093037976991635,0.2403405854522613,B,smoke_CV013700
20.369441321735138,0.7,B,smoke_CV013702
0.0,0.23025112023898434,B,smoke_CV013703
12.803706755608118,0.2905951164518094,B,smoke_CV013705
26.541272246760162,0.7,B,smoke_CV013707
0.0,0.17470737390350874,B,smoke_CV013708
25.74022541656188,0.3491103693411749,B,smoke_CV013709
0.0,0.2014506620574709,B,smoke_CV013710
4.754331346955524,0.1503874533248284,B,smoke_CV013712
0.0,0.10691890831144521,B,smoke_CV013714
179.37225547714488,0.14404021542962303,B,smoke_CV013715
32.96743506303932,0.7,B,smoke_CV013723
33.464271614737925,0.7,B,smoke_CV013726
35.08863317459967,0.7,B,smoke_CV013727
31.366596380908344,0.7,B,smoke_CV013728
0.0,0.14349509378546152,B,smoke_CV013729
0.336465241526852,0.17320978244603707,B,smoke_CV013732
179.351920299957,0.1868317720284388,B,smoke_CV013733
0.0,0.21336189717018733,B,smoke_CV013734
30.46653352220461,0.7,B,smoke_CV013737
26.329800091999704,0.7,B,smoke_CV013741
179.81883042805393,0.39865598127949864,B,smoke_CV013742
28.562523605300193,0.7,B,smoke_CV013743
26.644839135268914,0.7,B,smoke_CV013744
0.0,0.10094245204336945,B,smoke_CV013745
0.0,0.2147275405007364,B,smoke_CV013746
179.64468075506952,0.24929533177602142,B,smoke_CV013747
26.382999272476972,0.7,B,smoke_CV013749
0.1099846982179546,0.30833869490976584,B,smoke_CV013750
24.28740478456907,0.7,B,smoke_CV013751
20.261585845520212,0.7,B,smoke_CV013752
179.4127330766404,0.24539501310565934,B,smoke_CV013756
23.45069587650058,0.7,B,smoke_CV013757
21.4822390688994,0.7,B,smoke_CV013759
11.369856056488281,0.5603785330623462,B,smoke_CV013760
19.809674775506934,0.7,B,smoke_CV013761
20.777262370281143,0.7,B,smoke_CV013764
19.99313413167257,0.7,B,smoke_CV013767
22.891955433617554,0.7,B,smoke_CV013771
17.47200247265146,0.7,B,smoke_CV013772
45.119919107648776,0.4969991542016945,B,smoke_CV013787
48.12254768319727,0.6354338682304191,B,smoke_CV013791
46.46135202902706,0.7,B,smoke_CV013792
43.64293783306372,0.7,B,smoke_CV013800
41.51683573044827,0.7,B,smoke_CV013801
35.007824472981795,0.7,B,smoke_CV013804
33.90759508036406,0.6117169494767692,B,smoke_CV013805
38.713320500314985,0.5931169360747798,B,smoke_CV013806
39.658028224329485,0.5159689165538088,B,smoke_CV013809
33.14580148662559,0.2869114032383069,B,smoke_CV013811
17.844331935817365,0.1206342318826197,B,smoke_CV013816
31.358648487799663,0.7,B,smoke_CV013819
28.3951819794631,0.35335910010371513,B,smoke_CV013820
11.12152749506546,0.18627172950622306,B,smoke_CV013822
30.603043418256313,0.5833296344566523,B,smoke_CV013824
32.76011626260508,0.5602527078291094,B,smoke_CV013825
9.217778165884425,0.37813242853758144,B,smoke_CV013830
173.53103986787738,0.11773670719270249,B,smoke_CV013831
22.934850991717745,0.4027810683258641,B,smoke_CV013837
12.517648184524207,0.32271151690482625,B,smoke_CV013838
24.898973889304163,0.2814692011268209,B,smoke_CV013840
23.349766766432516,0.3434209454746472,B,smoke_CV013841
23.41813413573296,0.42409058908521585,B,smoke_CV013842
38.87769249388986,0.1769469978363369,B,smoke_CV013850
54.99434806620365,0.21063658706330793,B,smoke_CV013853
38.09617005909367,0.13222867730425797,B,smoke_CV013858
46.132893846569935,0.6718368568974525,B,smoke_CV013859
49.874943813456085,0.22803897191204195,B,smoke_CV013861
47.232467885720766,0.7,B,smoke_CV013863
33.39190443459329,0.1216952782792439,B,smoke_CV013865
31.150688770212465,0.1002657973336622,B,smoke_CV013867
48.61895758629632,0.7,B,smoke_CV013874
30.679209187058714,0.161297057263793,B,smoke_CV013875
44.68958036249637,0.7,B,smoke_CV013877
32.0256256925709,0.14216580684013708,B,smoke_CV013878
8.898812859575914,0.09869415777313116,B,smoke_CV013886
23.739047988730388,0.16982909716833353,B,smoke_CV013891
24.92115987623257,0.14204791578589898,B,smoke_CV013892
13.057842598641757,0.16016259669985405,B,smoke_CV013895
40.332433649243555,0.7,B,smoke_CV013897
28.732366627410553,0.1656455098856896,B,smoke_CV013898
29.640788246119794,0.14668456746402678,B,smoke_CV013899
26.995180911722677,0.17192315126304966,B,smoke_CV013901
20.435846024918398,0.21199902740767812,B,smoke_CV013902
39.59757062902159,0.14294468568433488,B,smoke_CV013906
15.98737470913738,0.1738439343735112,B,smoke_CV013908
41.10882943491815,0.27813950469833654,B,smoke_CV013909
24.220495055976613,0.1941510907049847,B,smoke_CV013912
40.18152477027054,0.30455621313247666,B,smoke_CV013915
33.68413335549583,0.7,B,smoke_CV013916
20.117525998013317,0.1898146534491772,B,smoke_CV013917
33.41096043483126,0.7,B,smoke_CV013918
35.13277409668554,0.45475148240078794,B,smoke_CV013922
32.95024044140877,0.4393363065667107,B,smoke_CV013924
34.65602424327687,0.7,B,smoke_CV013925
27.218448997321275,0.34993772319049193,B,smoke_CV013930
44.285589020259394,0.7,B,smoke_CV013933
39.41718619895666,0.5802137868951698,B,smoke_CV013934
41.96643974766346,0.7,B,smoke_CV013945
54.82051028854847,0.37130580249242606,B,smoke_CV013948
13.413182885985576,0.28583952148905917,B,smoke_CV013950
49.803626877786144,0.7,B,smoke_CV013951
177.46143225936015,0.176963793810342,B,smoke_CV013954
15.38891701008472,0.3079526768319027,B,smoke_CV013957
49.79803333119931,0.7,B,smoke_CV013959
54.37661434244418,0.547909497962972,B,smoke_CV013960
26.777471032637937,0.2671692820059458,B,smoke_CV013962
30.302165177716557,0.3096274251515392,B,smoke_CV013963
39.97592295479867,0.7,B,smoke_CV013965
49.609145604508505,0.7,B,smoke_CV013967
26.31067061194014,0.35415601614759107,B,smoke_CV013969
16.137784311082545,0.2033593072829366,B,smoke_CV013970
20.964719075950118,0.34531509362323004,B,smoke_CV013971
79.99229035746275,0.7,B,smoke_CV013977
74.39615588845643,0.7,B,smoke_CV013981
83.36813964932695,0.34181575379970364,B,smoke_CV013982
80.30490360764759,0.6384583307756063,B,smoke_CV013983
85.28772513852628,0.31866219874673424,B,smoke_CV013984
73.64253776398509,0.7,B,smoke_CV013986
72.8112096632126,0.7,B,smoke_CV013991
85.04661695544141,0.5530578791171681,B,smoke_CV013998
79.36681174094032,0.5516213547453342,B,smoke_CV014001
81.1947981444799,0.7,B,smoke_CV014004
80.26714383964689,0.7,B,smoke_CV014005
80.92543441057188,0.6331046601837793,B,smoke_CV014009
89.81713656090139,0.5358514664886191,B,smoke_CV014013
76.14562202923327,0.7,B,smoke_CV014014
83.07261319871476,0.5521606845665953,B,smoke_CV014017
86.16567932653705,0.7,B,smoke_CV014018
90.0,0.6210935115668681,B,smoke_CV014020
90.0,0.6014788732394365,B,smoke_CV014022
87.15804153665346,0.5631081669658463,B,smoke_CV014023
78.84280284017936,0.7,B,smoke_CV014025
85.13828506247293,0.7,B,smoke_CV014026
73.81602338223377,0.7,B,smoke_CV014028
76.8430455101169,0.7,B,smoke_CV014029
71.1202040323501,0.7,B,smoke_CV014030
85.7299074257233,0.6325010665449456,B,smoke_CV014031
85.6409017100209,0.7,B,smoke_CV014037
84.70501576025357,0.6003712705647067,B,smoke_CV014039
90.0,0.7,B,smoke_CV014040
85.29727704111181,0.7,B,smoke_CV014041
84.857527773174,0.5718802305007322,B,smoke_CV014042
85.53993501765353,0.7,B,smoke_CV014044
70.93329639457124,0.7,B,smoke_CV014047
90.0,0.6848273693605973,B,smoke_CV014048
90.0,0.6826864535768645,B,smoke_CV014050
85.22694149159702,0.7,B,smoke_CV014051
89.95176221132068,0.6047051130081651,B,smoke_CV014054
89.45244625844114,0.40703234715561976,B,smoke_CV014055
90.0,0.7,B,smoke_CV014056
75.43657506192508,0.7,B,smoke_CV014057
71.15070191242383,0.7,B,smoke_CV014058
90.0,0.7,B,smoke_CV014060
90.0,0.7,B,smoke_CV014062
62.88855771199087,0.7,B,smoke_CV014064
90.03044329739126,0.7,B,smoke_CV014065
64.72614825927006,0.7,B,smoke_CV014070
90.0,0.6827145965189874,B,smoke_CV014071
84.09414538820052,0.7,B,smoke_CV014074
89.19358904739963,0.5541124206329741,B,smoke_CV014075
60.508132865322295,0.7,B,smoke_CV014078
90.52887701151698,0.7,B,smoke_CV014079
81.57187680902675,0.7,B,smoke_CV014081
87.10451873587826,0.7,B,smoke_CV014082
82.71104617093542,0.7,B,smoke_CV014084
84.90467915458443,0.7,B,smoke_CV014085
85.67842420410533,0.7,B,smoke_CV014087
72.3934258375297,0.7,B,smoke_CV014088
90.00137832961505,0.7,B,smoke_CV014089
80.68581115033543,0.7,B,smoke_CV014091
90.0,0.7,B,smoke_CV014092
84.31290386792095,0.7,B,smoke_CV014093
84.61682196675075,0.7,B,smoke_CV014094
88.5051905241089,0.7,B,smoke_CV014095
85.05889593121996,0.7,B,smoke_CV014096
82.59439183285726,0.7,B,smoke_CV014097
84.69834857017035,0.7,B,smoke_CV014100
84.14665921156951,0.7,B,smoke_CV014105
83.60545305238075,0.7,B,smoke_CV014106
90.0,0.7,B,smoke_CV014107
72.61797162792215,0.7,B,smoke_CV014108
90.0,0.7,B,smoke_CV014110
83.77188781227903,0.7,B,smoke_CV014111
83.51674107365916,0.44233705583520444,B,smoke_CV014112
85.06382565687898,0.7,B,smoke_CV014118
83.62200341547933,0.7,B,smoke_CV014120
85.37161488157977,0.7,B,smoke_CV014123
78.30548472522375,0.7,B,smoke_CV014125
84.18741294629743,0.7,B,smoke_CV014126
83.3067516379296,0.7,B,smoke_CV014128
83.58424369009484,0.7,B,smoke_CV014130
84.70471456298851,0.6372067053154885,B,smoke_CV014131
87.21158895221785,0.7,B,smoke_CV014132
82.97406062446123,0.5789624040004197,B,smoke_CV014135
82.17179291306365,0.5848234698284015,B,smoke_CV014137
81.42803414559381,0.5897661015585945,B,smoke_CV014138
82.2886454976908,0.464662338585473,B,smoke_CV014139
79.5357841306224,0.5329939299573039,B,smoke_CV014140
83.6731218163556,0.7,B,smoke_CV014142
80.93556285856721,0.7,B,smoke_CV014143
82.63296776354291,0.7,B,smoke_CV014144
90.04443827328025,0.6607643021332219,B,smoke_CV014146
90.0,0.7,B,smoke_CV014147
90.0,0.7,B,smoke_CV014148
88.63009999104491,0.6290840348657625,B,smoke_CV014149
87.28257125435488,0.509796544997982,B,smoke_CV014150
88.11683539384482,0.6941099937482711,B,smoke_CV014151
89.56900579552843,0.6987558950071742,B,smoke_CV014154
81.36659728122449,0.7,B,smoke_CV014155
90.0,0.7,B,smoke_CV014156
80.53635059661748,0.49943609630258695,B,smoke_CV014157
84.80217164201686,0.569946472097538,B,smoke_CV014158
80.34468195173802,0.7,B,smoke_CV014159
84.09309745228047,0.5523087920525049,B,smoke_CV014165
78.3785433175695,0.7,B,smoke_CV014167
81.98778849821532,0.6147598067806194,B,smoke_CV014168
90.0,0.6276063386155128,B,smoke_CV014169
82.25865550112472,0.6129918307097741,B,smoke_CV014171
78.48090355477854,0.6866045863579242,B,smoke_CV014172
89.30546566963571,0.7,B,smoke_CV014174
85.28966227777074,0.5512854788385873,B,smoke_CV014175
90.0,0.5543311050257732,B,smoke_CV014176
79.94026321493952,0.7,B,smoke_CV014178
81.26554687901466,0.5869292668813,B,smoke_CV014180
86.325362446871,0.7,B,smoke_CV014181
79.16761721331834,0.6859791459077462,B,smoke_CV014183
70.21338851582196,0.7,B,smoke_CV014184
78.9742943573685,0.7,B,smoke_CV014185
77.71402901419087,0.7,B,smoke_CV014187
70.52259591946184,0.5301505617004443,B,smoke_CV014191
75.16544636085543,0.4034456526686529,B,smoke_CV014193
82.41507991904315,0.32529049857870834,B,smoke_CV014194
90.11898996396417,0.662110934363295,B,smoke_CV014195
88.05741198636098,0.7,B,smoke_CV014196
89.92884974759964,0.36525159322958495,B,smoke_CV014197
81.29515526541734,0.33018652689033573,B,smoke_CV014199
87.95500814505195,0.4753868386672126,B,smoke_CV014200
87.77536688262096,0.3426555070568504,B,smoke_CV014201
76.07642561629027,0.4471741083189412,B,smoke_CV014203
81.33918054347708,0.4007478318491715,B,smoke_CV014204
89.39163056737682,0.39942952709062374,B,smoke_CV014205
89.25808705287868,0.4017123987352209,B,smoke_CV014210
89.86261830964065,0.38879037403368555,B,smoke_CV014213
88.87256643306422,0.3093058177969485,B,smoke_CV014214
91.42793498742604,0.43119557786952967,B,smoke_CV014218
89.89298683004124,0.47078803638208205,B,smoke_CV014219
89.79193379027677,0.4654177973974258,B,smoke_CV014220
90.0,0.42708700679288913,B,smoke_CV014221
88.88267844068656,0.427717853546663,B,smoke_CV014222
74.6004871787941,0.4087352607470782,B,smoke_CV014224
78.43403463981167,0.4411905183958563,B,smoke_CV014225
86.3146810025102,0.4571418424993912,B,smoke_CV014226
74.68066209459722,0.4071535779241191,B,smoke_CV014227
81.92312100706037,0.34293300199958154,B,smoke_CV014228
91.76291890811828,0.47143756427047767,B,smoke_CV014229
83.53258443792735,0.6213957961450087,B,smoke_CV014231
90.92252813270107,0.6126044962852563,B,smoke_CV014232
76.41005059579265,0.7,B,smoke_CV014234
82.37806409200847,0.4993050357364092,B,smoke_CV014235
85.12085905255198,0.7,B,smoke_CV014236
75.63591503245519,0.3474245370479612,B,smoke_CV014238
88.99905609963064,0.4229890262380362,B,smoke_CV014240
87.81717038078277,0.4422821442528077,B,smoke_CV014241
82.15445464685067,0.39239333967542006,B,smoke_CV014242
82.57819600620202,0.393060852006745,B,smoke_CV014245
89.3644085052233,0.3875394086672796,B,smoke_CV014249
82.43984751025164,0.5314417312450272,B,smoke_CV014251
87.57849889400777,0.5827114164487658,B,smoke_CV014254
90.00735283115658,0.5547086224578573,B,smoke_CV014256
82.50592148841234,0.6521765946091234,B,smoke_CV014257
86.92680540890774,0.4334578030153347,B,smoke_CV014259
88.08048648236762,0.3477160980515381,B,smoke_CV014260
89.94643435685892,0.4608617397877059,B,smoke_CV014262
81.51890932374222,0.5226966069513959,B,smoke_CV014263
85.14590133621932,0.41958149890949975,B,smoke_CV014264
77.89534739493476,0.7,B,smoke_CV014265
78.911261675322,0.6218293204782819,B,smoke_CV014267
82.88331150356241,0.33145787059602666,B,smoke_CV014268
81.41888010895708,0.5306317020333595,B,smoke_CV014269
90.0,0.622902469193428,B,smoke_CV014272
87.66135542771585,0.45675847768180483,B,smoke_CV014273
86.48364099175362,0.4647005403164794,B,smoke_CV014275
90.01364150135208,0.5569381684521587,B,smoke_CV014276
86.68408999451536,0.42782447342005947,B,smoke_CV014280
90.22498506625071,0.4207557021837049,B,smoke_CV014281
97.27850054757374,0.639476887674723,B,smoke_CV014282
80.38337866708837,0.47162648387373823,B,smoke_CV014283
83.89175714963486,0.557742886046036,B,smoke_CV014285
90.00590010406445,0.7,B,smoke_CV014288
90.0,0.683051202975124,B,smoke_CV014290
90.00885251674039,0.7,B,smoke_CV014291
89.49982507069474,0.6329910065926562,B,smoke_CV014293
88.70836112352795,0.5626544992154368,B,smoke_CV014294
88.5468735385971,0.7,B,smoke_CV014296
88.4444161588166,0.671437322143755,B,smoke_CV014299
86.90921903559237,0.7,B,smoke_CV014301
91.7248664590665,0.7,B,smoke_CV014302
90.1223774550509,0.7,B,smoke_CV014303
88.10589716264283,0.7,B,smoke_CV014306
89.28235763908249,0.7,B,smoke_CV014307
90.0,0.7,B,smoke_CV014308
88.23091760837947,0.7,B,smoke_CV014310
88.84120822808468,0.7,B,smoke_CV014311
90.34879668362409,0.7,B,smoke_CV014312
94.22810348378268,0.7,B,smoke_CV014313
85.95258928691456,0.7,B,smoke_CV014314
86.50165783044126,0.7,B,smoke_CV014315
90.90561656867663,0.7,B,smoke_CV014316
92.94021119611261,0.7,B,smoke_CV014318
87.50737871081493,0.7,B,smoke_CV014319
88.23174788043808,0.7,B,smoke_CV014320
87.51705329070984,0.7,B,smoke_CV014321
90.0,0.7,B,smoke_CV014324
88.46205691286782,0.7,B,smoke_CV014325
87.39699881327734,0.7,B,smoke_CV014327
90.0,0.7,B,smoke_CV014331
89.657242201021,0.7,B,smoke_CV014333
89.99956115078486,0.7,B,smoke_CV014334
90.0,0.7,B,smoke_CV014336
88.62340127556594,0.7,B,smoke_CV014337
89.68088606527222,0.7,B,smoke_CV014338
89.80710710448757,0.7,B,smoke_CV014339
90.58480153302824,0.7,B,smoke_CV014340
89.99543180239269,0.7,B,smoke_CV014341
88.52723499324927,0.7,B,smoke_CV014343
88.91697851266177,0.7,B,smoke_CV014344
90.28681141357514,0.7,B,smoke_CV014345
88.10654477352747,0.7,B,smoke_CV014346
88.48505789858902,0.7,B,smoke_CV014347
88.64110087195168,0.7,B,smoke_CV014348
87.61797207394785,0.7,B,smoke_CV014349
90.03680748684333,0.7,B,smoke_CV014350
90.00967958062948,0.7,B,smoke_CV014351
87.73068634875081,0.7,B,smoke_CV014352
88.28652920952337,0.7,B,smoke_CV014353
90.0,0.7,B,smoke_CV014354
86.58211149454283,0.7,B,smoke_CV014355
90.01627163696143,0.7,B,smoke_CV014356
89.91466936799908,0.7,B,smoke_CV014357
86.98639608338733,0.7,B,smoke_CV014358
89.99075424753028,0.7,B,smoke_CV014360
90.0,0.7,B,smoke_CV014362
90.0,0.7,B,smoke_CV014364
89.20890595931562,0.7,B,smoke_CV014365
90.37874723956226,0.7,B,smoke_CV014366
90.00083026277498,0.7,B,smoke_CV014367
90.0,0.7,B,smoke_CV014368
89.98544231571309,0.7,B,smoke_CV014372
88.16923051052423,0.7,B,smoke_CV014373
89.5546180108391,0.7,B,smoke_CV014375
88.29533189959623,0.7,B,smoke_CV014377
89.81706563599822,0.7,B,smoke_CV014378
87.41697819692106,0.7,B,smoke_CV014379
85.07946454185893,0.7,B,smoke_CV014381
87.93840580120569,0.6856050297183732,B,smoke_CV014383
89.10220939660283,0.6593713404937451,B,smoke_CV014384
93.67927567771505,0.7,B,smoke_CV014385
88.43764947787477,0.7,B,smoke_CV014386
81.89172816338927,0.7,B,smoke_CV014387
92.21117796000127,0.7,B,smoke_CV014388
89.77850845182702,0.670236568106977,B,smoke_CV014392
83.01359720819245,0.7,B,smoke_CV014393
88.96259205963115,0.7,B,smoke_CV014395
85.21294196860795,0.7,B,smoke_CV014396
90.28335730871439,0.7,B,smoke_CV014397
89.79552660763572,0.6732627314615308,B,smoke_CV014398
91.30446898467991,0.7,B,smoke_CV014399
79.49370261841794,0.7,B,smoke_CV014402
80.79610455914639,0.6180007993079917,B,smoke_CV014403
78.35990624962486,0.7,B,smoke_CV014404
82.40061356305017,0.7,B,smoke_CV014406
83.36950334628949,0.7,B,smoke_CV014408
90.84545367223164,0.7,B,smoke_CV014411
84.61408106618046,0.7,B,smoke_CV014412
91.02854094500057,0.7,B,smoke_CV014413
89.85167191163892,0.7,B,smoke_CV014415
88.08960586813257,0.7,B,smoke_CV014418
72.95719168807271,0.7,B,smoke_CV014420
84.14785849560094,0.6848420907600968,B,smoke_CV014424
89.9998111507613,0.7,B,smoke_CV014425
81.35298698350286,0.6801596577284753,B,smoke_CV014426
91.37120754047018,0.7,B,smoke_CV014427
82.07585794883657,0.6573300687568994,B,smoke_CV014428
77.69506874407071,0.7,B,smoke_CV014429
87.14668352106669,0.6430739904813423,B,smoke_CV014430
75.61831200729145,0.7,B,smoke_CV014431
90.29544987641992,0.7,B,smoke_CV014432
72.72229897784248,0.7,B,smoke_CV014433
79.77331309141816,0.7,B,smoke_CV014434
89.88459168142248,0.7,B,smoke_CV014437
89.38643047271496,0.7,B,smoke_CV014441
82.46095471680755,0.7,B,smoke_CV014445
75.84060374391795,0.7,B,smoke_CV014448
87.73515776229988,0.5972185419700294,B,smoke_CV014449
80.73351737937264,0.7,B,smoke_CV014451
89.28698784518834,0.7,B,smoke_CV014458
88.21181429337167,0.5270880580893583,B,smoke_CV014459
76.61730336000097,0.7,B,smoke_CV014460
78.49623797646217,0.7,B,smoke_CV014461
88.89773253281452,0.7,B,smoke_CV014463
89.90783392927351,0.7,B,smoke_CV014464
86.90952976488136,0.7,B,smoke_CV014466
83.8608728722345,0.7,B,smoke_CV014469
80.25739637850914,0.7,B,smoke_CV014470
90.13161463371716,0.7,B,smoke_CV014471
75.2048175972548,0.7,B,smoke_CV014472
87.76352934029616,0.7,B,smoke_CV014473
79.7639428413624,0.7,B,smoke_CV014476
79.58851977951765,0.7,B,smoke_CV014477
89.89101333704916,0.7,B,smoke_CV014478
80.41402071583425,0.7,B,smoke_CV014479
80.03723586914376,0.7,B,smoke_CV014483
82.8739777488797,0.7,B,smoke_CV014484
89.74763591323672,0.7,B,smoke_CV014485
79.00963073252629,0.7,B,smoke_CV014486
79.6385891297734,0.6646710563615115,B,smoke_CV014487
79.51793251314018,0.7,B,smoke_CV014488
90.0585515664875,0.7,B,smoke_CV014489
89.94712276302766,0.7,B,smoke_CV014490
89.363767332338,0.7,B,smoke_CV014492
89.65189061049885,0.5405871865791448,B,smoke_CV014493
79.94561403884245,0.7,B,smoke_CV014494
78.99480485936948,0.7,B,smoke_CV014495
79.68178605162393,0.7,B,smoke_CV014496
85.95153113076569,0.7,B,smoke_CV014499
7.423156938169763,0.4997171751760271,B,smoke_CV014500
4.558509249209571,0.21531064222381266,B,smoke_CV014502
70.58621973696579,0.4981781233912801,B,smoke_CV014507
153.01895748073346,0.48563301390990365,B,smoke_CV014512
124.17443896934735,0.19138961262399004,B,smoke_CV014513
119.70079420575148,0.18070770940256065,B,smoke_CV014520
165.3345284198755,0.20868252648099284,B,smoke_CV014522
151.1997449189224,0.34462437426914416,B,smoke_CV014524
10.956028920936003,0.1666932850790419,B,smoke_CV014527
76.51722272195535,0.7,B,smoke_CV014528
1.24535906085651,0.10582939493978763,B,smoke_CV014529
164.16879343777052,0.29723034810811155,B,smoke_CV014532
1.0976956492728507,0.23847283698675956,B,smoke_CV014535
7.455881296170347,0.11749825364804953,B,smoke_CV014536
159.66292655829673,0.3422978230109708,B,smoke_CV014537
153.30291377437604,0.286470933298525,B,smoke_CV014539
62.07178877496249,0.30360952530074364,B,smoke_CV014545
165.72394313052666,0.342121241188645,B,smoke_CV014550
131.90083079244684,0.09680130761403902,B,smoke_CV014551
171.14547328217438,0.11956721912469148,B,smoke_CV014553
149.81469482478894,0.3263344950872128,B,smoke_CV014559
0.5190901923906431,0.14675515921833884,B,smoke_CV014563
72.1533061820148,0.4236302090847147,B,smoke_CV014568
86.66507331138625,0.3676479621003614,B,smoke_CV014582
89.94571408295536,0.4669887560043519,B,smoke_CV014583
90.54638689652096,0.40416540241903803,B,smoke_CV014584
77.52512986724778,0.6627184915953481,B,smoke_CV014585
85.60203506316189,0.33550277142567697,B,smoke_CV014587
4.507913543036587,0.2977025480377911,B,smoke_CV014589
81.61851415587174,0.7,B,smoke_CV014590
74.85035066576404,0.589653550954078,B,smoke_CV014594
82.48104500580233,0.27116137362723736,B,smoke_CV014596
78.59754890063407,0.589623571370252,B,smoke_CV014598
89.9662047859966,0.39550736311445395,B,smoke_CV014601
91.21024068673125,0.496897413379102,B,smoke_CV014602
80.63979679487977,0.3007365961601744,B,smoke_CV014603
81.57933977219123,0.7,B,smoke_CV014605
83.52080910707006,0.364181467118344,B,smoke_CV014606
94.0342966878809,0.5150401581467269,B,smoke_CV014610
83.63467727771547,0.7,B,smoke_CV014613
82.31696036663675,0.3870254371611787,B,smoke_CV014614
87.42685513625553,0.38795743708039016,B,smoke_CV014615
83.21508760376601,0.7,B,smoke_CV014616
82.82472289349064,0.7,B,smoke_CV014617
79.78381037122779,0.3465104210344145,B,smoke_CV014619
81.57099104562285,0.7,B,smoke_CV014620
89.96225569664296,0.47659773418717594,B,smoke_CV014622
82.82254507565432,0.40437367276964703,B,smoke_CV014624
89.5561342735883,0.5095980360622013,B,smoke_CV014626
81.65023840301286,0.7,B,smoke_CV014627
86.73147785832528,0.4177345795805383,B,smoke_CV014629
89.33770496390675,0.42032672600950255,B,smoke_CV014632
81.98475950587262,0.7,B,smoke_CV014633
83.33474709578272,0.4099703245539365,B,smoke_CV014635
88.87521115828741,0.4211873328005476,B,smoke_CV014637
82.56808391035975,0.5069408522077903,B,smoke_CV014638
90.0,0.558547794117647,B,smoke_CV014639
90.0,0.5814806243615934,B,smoke_CV014644
0.0,0.18899642052233853,B,smoke_CV014645
90.0,0.6843163841807908,B,smoke_CV014646
88.99755417458451,0.6277822483556666,B,smoke_CV014648
90.0,0.551181410974244,B,smoke_CV014649
90.0,0.5733946035112525,B,smoke_CV014650
90.0,0.6178526841448189,B,smoke_CV014651
83.38793364937861,0.7,B,smoke_CV014653
81.39355437395466,0.6071572899396874,B,smoke_CV014655
173.82259491482006,0.37736327289924215,B,smoke_CV014656
89.35381326482673,0.5138307570654655,B,smoke_CV014657
90.0,0.5614811912225705,B,smoke_CV014658
80.72982916914358,0.5543492670214062,B,smoke_CV014659
90.0,0.5740057445868314,B,smoke_CV014663
90.0,0.5987552594670407,B,smoke_CV014664
87.57899764498902,0.4478728159785664,B,smoke_CV014666
0.1742376021482008,0.20341077258219548,B,smoke_CV014667
84.30881284854304,0.7,B,smoke_CV014669
81.58661169121017,0.7,B,smoke_CV014670
84.10599395133393,0.49475018822055256,B,smoke_CV014672
82.8233015247893,0.7,B,smoke_CV014674
90.0,0.5577366135268259,B,smoke_CV014675
90.0,0.7,B,smoke_CV014676
0.0,0.21941964285714285,B,smoke_CV014678
83.02871963477496,0.6318207776702239,B,smoke_CV014680
86.40689632383663,0.7,B,smoke_CV014682
90.0,0.6354289318755256,B,smoke_CV014683
88.62915133625509,0.6344581052849169,B,smoke_CV014684
80.64592810701575,0.6329583112525204,B,smoke_CV014687
84.59898852834522,0.4239814249652697,B,smoke_CV014688
2.945322098815582,0.45881551029417184,B,smoke_CV014689
88.60680077795821,0.5471039893933735,B,smoke_CV014691
89.821066385793,0.5192036021455596,B,smoke_CV014692
90.0,0.5190896848909238,B,smoke_CV014696
90.0,0.6041666666666666,B,smoke_CV014697
2.763801695675374,0.5768231802034592,B,smoke_CV014700
83.60453886933357,0.6811836495141538,B,smoke_CV014701
88.76952883189641,0.5444666090606053,B,smoke_CV014702
89.56605180011448,0.6182205537778759,B,smoke_CV014703
80.25116172499374,0.6895141775771839,B,smoke_CV014706
80.6795529684716,0.48050539871027126,B,smoke_CV014709
90.0,0.61257016840417,B,smoke_CV014710
