{"metrics/precision(B)":{"max":0.99045},"val/box_loss":{"min":0},"epoch":101,"train/dfl_loss":{"min":0.6343413591384888},"class/Early_Fire_mAP50":{"max":0.8546838469504496},"metrics/mAP50-95(B)":{"max":0.89145},"lr/pg1":1.024425261896289e-05,"_timestamp":1.7824791591548038e+09,"train/cls_loss":{"min":0.10573097318410873},"metrics/mAP50(B)":{"max":0.98034},"_step":101,"class/Early_Smoke_mAP50":{"max":0.9286233834196838},"_runtime":13931.2075695,"_wandb":{"runtime":13931},"phase":"Phase 2","best_mAP50-95":0.89106,"metrics/recall(B)":{"max":0.96294},"train/box_loss":{"min":0.13027097284793854},"val/dfl_loss":{"min":0},"val/cls_loss":{"min":0},"lr/pg0":1.024425261896289e-05}